,Order ID,Order Date,Ship Date,Customer Name,Country,City,State,Category,Product Name,Sales,Quantity,Profit
0,CA-2013-138688,2013-06-13,2013-06-17,Darrin Van Huff,United States,Los Angeles,California,Labels,Self-Adhesive Address Labels for Typewriters by Universal,14.62,2,6.87
1,CA-2011-115812,2011-06-09,2011-06-14,Brosina Hoffman,United States,Los Angeles,California,Furnishings,"Eldon Expressions Wood and Plastic Desk Accessories, Cherry Wood",48.86,7,14.17
2,CA-2011-115812,2011-06-09,2011-06-14,Brosina Hoffman,United States,Los Angeles,California,Art,Newell 322,7.28,4,1.97
3,CA-2011-115812,2011-06-09,2011-06-14,Brosina Hoffman,United States,Los Angeles,California,Phones,Mitel 5320 IP Phone VoIP phone,907.15,4,90.72
4,CA-2011-115812,2011-06-09,2011-06-14,Brosina Hoffman,United States,Los Angeles,California,Binders,DXL Angle-View Binders with Locking Rings by Samsill,18.5,3,5.78
5,CA-2011-115812,2011-06-09,2011-06-14,Brosina Hoffman,United States,Los Angeles,California,Appliances,Belkin F5C206VTEL 6 Outlet Surge,114.9,5,34.47
6,CA-2011-115812,2011-06-09,2011-06-14,Brosina Hoffman,United States,Los Angeles,California,Tables,Chromcraft Rectangular Conference Tables,1706.18,9,85.31
7,CA-2011-115812,2011-06-09,2011-06-14,Brosina Hoffman,United States,Los Angeles,California,Phones,Konftel 250 Conference phone - Charcoal black,911.42,4,68.36
8,CA-2013-161389,2013-12-06,2013-12-11,Irene Maddox,United States,Seattle,Washington,Binders,Fellowes PB200 Plastic Comb Binding Machine,407.98,3,132.59
9,CA-2011-167164,2011-05-13,2011-05-15,Alejandro Grove,United States,West Jordan,Utah,Storage,Fellowes Super Stor/Drawer,55.5,2,9.99
10,CA-2011-143336,2011-08-27,2011-09-01,Zuschuss Donatelli,United States,San Francisco,California,Art,Newell 341,8.56,2,2.48
11,CA-2011-143336,2011-08-27,2011-09-01,Zuschuss Donatelli,United States,San Francisco,California,Phones,Cisco SPA 501G IP Phone,213.48,3,16.01
12,CA-2011-143336,2011-08-27,2011-09-01,Zuschuss Donatelli,United States,San Francisco,California,Binders,"Wilson Jones Hanging View Binder, White, 1""",22.72,4,7.38
13,CA-2012-106320,2012-09-25,2012-09-30,Emily Burns,United States,Orem,Utah,Tables,Bretford CR4500 Series Slim Rectangular Table,1044.63,3,240.26
14,CA-2013-121755,2013-01-16,2013-01-20,Eric Hoffmann,United States,Los Angeles,California,Binders,Wilson Jones Active Use Binders,11.65,2,4.22
15,CA-2013-121755,2013-01-16,2013-01-20,Eric Hoffmann,United States,Los Angeles,California,Accessories,Imation 8GB Mini TravelDrive USB 2.0 Flash Drive,90.57,3,11.77
16,CA-2013-101343,2013-07-18,2013-07-23,Ruben Ausman,United States,Los Angeles,California,Storage,"Eldon Base for stackable storage shelf, platinum",77.88,2,3.89
17,CA-2012-135545,2012-11-24,2012-11-30,Kunst Miller,United States,Los Angeles,California,Accessories,"Verbatim 25 GB 6x Blu-ray Single Layer Recordable Disc, 3/Pack",13.98,2,6.15
18,CA-2012-135545,2012-11-24,2012-11-30,Kunst Miller,United States,Los Angeles,California,Binders,"Acco PRESSTEX Data Binder with Storage Hooks, Dark Blue, 14 7/8"" X 11""",25.82,6,9.36
19,CA-2012-135545,2012-11-24,2012-11-30,Kunst Miller,United States,Los Angeles,California,Paper,Xerox 1943,146.73,3,68.96
20,CA-2012-135545,2012-11-24,2012-11-30,Kunst Miller,United States,Los Angeles,California,Furnishings,Luxo Economy Swing Arm Lamp,79.76,4,22.33
21,CA-2011-106376,2011-12-05,2011-12-10,Brendan Sweed,United States,Gilbert,Arizona,Art,"Hunt BOSTON Model 1606 High-Volume Electric Pencil Sharpener, Beige",1113.02,8,111.3
22,CA-2011-106376,2011-12-05,2011-12-10,Brendan Sweed,United States,Gilbert,Arizona,Phones,netTALK DUO VoIP Telephone Service,167.97,4,62.99
23,CA-2011-139451,2011-10-12,2011-10-16,Duane Noonan,United States,San Francisco,California,Art,"Premium Writing Pencils, Soft, #2 by Central Association for the Blind",14.9,5,4.17
24,CA-2011-139451,2011-10-12,2011-10-16,Duane Noonan,United States,San Francisco,California,Storage,"Sortfiler Multipurpose Personal File Organizer, Black",21.39,1,6.2
25,CA-2013-109806,2013-09-18,2013-09-23,Jim Sink,United States,Los Angeles,California,Art,Turquoise Lead Holder with Pocket Clip,20.1,3,6.63
26,CA-2013-109806,2013-09-18,2013-09-23,Jim Sink,United States,Los Angeles,California,Phones,Panasonic Kx-TS550,73.58,2,8.28
27,CA-2013-109806,2013-09-18,2013-09-23,Jim Sink,United States,Los Angeles,California,Paper,Xerox 1995,6.48,1,3.11
28,US-2014-109484,2014-11-07,2014-11-13,Roger Barcio,United States,Portland,Oregon,Binders,Flexible Leather- Look Classic Collection Ring Binder,5.68,1,-3.79
29,CA-2014-157833,2014-06-18,2014-06-21,Katherine Ducich,United States,San Francisco,California,Binders,Trimflex Flexible Post Binders,51.31,3,17.96
30,US-2012-156867,2012-11-13,2012-11-17,Lena Cacioppo,United States,Aurora,Colorado,Accessories,Logitech K350 2.4Ghz Wireless Keyboard,238.9,6,-26.88
31,US-2012-156867,2012-11-13,2012-11-17,Lena Cacioppo,United States,Aurora,Colorado,Furnishings,"Deflect-o DuraMat Lighweight, Studded, Beveled Mat for Low Pile Carpeting",102.36,3,-3.84
32,US-2012-156867,2012-11-13,2012-11-17,Lena Cacioppo,United States,Aurora,Colorado,Binders,"Avery Trapezoid Ring Binder, 3"" Capacity, Black, 1040 sheets",36.88,3,-25.82
33,CA-2012-110457,2012-03-02,2012-03-06,Dave Kipp,United States,Seattle,Washington,Tables,Hon Racetrack Conference Tables,787.53,3,165.38
34,US-2014-107272,2014-11-06,2014-11-13,Troy Staebel,United States,Phoenix,Arizona,Binders,"Avery Durable Slant Ring Binders, No Labels",2.39,2,-1.83
35,US-2014-107272,2014-11-06,2014-11-13,Troy Staebel,United States,Phoenix,Arizona,Storage,"Trav-L-File Heavy-Duty Shuttle II, Black",243.99,7,30.5
36,US-2013-125969,2013-11-07,2013-11-11,Lindsay Shagiari,United States,Los Angeles,California,Chairs,"Global Task Chair, Black",81.42,2,-9.16
37,US-2013-125969,2013-11-07,2013-11-11,Lindsay Shagiari,United States,Los Angeles,California,Furnishings,Eldon Cleatmat Plus Chair Mats for High Pile Carpets,238.56,3,26.24
38,CA-2013-145583,2013-10-14,2013-10-20,Lena Creighton,United States,Roseville,California,Paper,Xerox 195,20.04,3,9.62
39,CA-2013-145583,2013-10-14,2013-10-20,Lena Creighton,United States,Roseville,California,Paper,Xerox 1880,35.44,1,16.66
40,CA-2013-145583,2013-10-14,2013-10-20,Lena Creighton,United States,Roseville,California,Art,"Sanford Colorific Colored Pencils, 12/Box",11.52,4,3.46
41,CA-2013-145583,2013-10-14,2013-10-20,Lena Creighton,United States,Roseville,California,Fasteners,Ideal Clamps,4.02,2,1.97
42,CA-2013-145583,2013-10-14,2013-10-20,Lena Creighton,United States,Roseville,California,Binders,GBC Wire Binding Strips,76.18,3,26.66
43,CA-2013-145583,2013-10-14,2013-10-20,Lena Creighton,United States,Roseville,California,Supplies,Fiskars Softgrip Scissors,65.88,6,18.45
44,CA-2013-145583,2013-10-14,2013-10-20,Lena Creighton,United States,Roseville,California,Furnishings,Longer-Life Soft White Bulbs,43.12,14,20.7
45,CA-2014-106180,2014-09-19,2014-09-24,Sally Hughsby,United States,San Francisco,California,Art,Newell 343,8.82,3,2.38
46,CA-2014-106180,2014-09-19,2014-09-24,Sally Hughsby,United States,San Francisco,California,Envelopes,Convenience Packs of Business Envelopes,10.86,3,5.1
47,CA-2014-106180,2014-09-19,2014-09-24,Sally Hughsby,United States,San Francisco,California,Paper,Xerox 1911,143.7,3,68.98
48,CA-2012-110744,2012-09-07,2012-09-12,Helen Andreada,United States,Pasadena,California,Storage,Safco Industrial Wire Shelving,671.93,7,20.16
49,CA-2013-158834,2013-03-14,2013-03-17,Tamara Willingham,United States,Scottsdale,Arizona,Appliances,Belkin 7 Outlet SurgeMaster Surge Protector with Phone Protection,157.92,5,17.77
50,CA-2013-158834,2013-03-14,2013-03-17,Tamara Willingham,United States,Scottsdale,Arizona,Phones,Jabra BIZ 2300 Duo QD Duo Corded Headset,203.18,2,15.24
51,CA-2012-124919,2012-05-31,2012-06-02,Stephanie Phelps,United States,San Jose,California,Paper,Southworth 25% Cotton Antique Laid Paper & Envelopes,58.38,7,26.27
52,CA-2012-124919,2012-05-31,2012-06-02,Stephanie Phelps,United States,San Jose,California,Paper,Xerox 1883,105.52,4,48.54
53,CA-2012-124919,2012-05-31,2012-06-02,Stephanie Phelps,United States,San Jose,California,Storage,"Tenex Personal Project File with Scoop Front Design, Black",80.88,6,21.03
54,CA-2012-118948,2012-05-28,2012-06-03,Neil Knudson,United States,Seattle,Washington,Art,Newell 311,6.63,3,1.79
55,CA-2011-104269,2011-03-01,2011-03-06,Dave Brooks,United States,Seattle,Washington,Chairs,Global Deluxe High-Back Manager's Chair,457.57,2,51.48
56,CA-2013-162733,2013-05-12,2013-05-13,Ted Trevino,United States,Los Angeles,California,Paper,Xerox 1920,5.98,1,2.69
57,CA-2013-154508,2013-11-17,2013-11-21,Ruben Dartt,United States,Carlsbad,New Mexico,Fasteners,Staples,28.4,5,13.35
58,CA-2013-113817,2013-11-08,2013-11-12,Max Jones,United States,Seattle,Washington,Binders,Wilson Jones International Size A4 Ring Binders,27.68,2,9.69
59,CA-2011-118962,2011-08-05,2011-08-09,Chad Sievert,United States,Los Angeles,California,Paper,"Adams Phone Message Book, Professional, 400 Message Capacity, 5 3/6 x 11",20.94,3,9.84
60,CA-2011-118962,2011-08-05,2011-08-09,Chad Sievert,United States,Los Angeles,California,Paper,Xerox 1913,110.96,2,53.26
61,CA-2011-118962,2011-08-05,2011-08-09,Chad Sievert,United States,Los Angeles,California,Chairs,"Global Value Steno Chair, Gray",340.14,7,21.26
62,CA-2011-123260,2011-08-26,2011-08-30,Frank Merwin,United States,Los Angeles,California,Accessories,SanDisk Ultra 32 GB MicroSDHC Class 10 Memory Card,176.8,8,22.98
63,CA-2012-131457,2012-10-31,2012-11-06,Mary Zewe,United States,Redlands,California,Envelopes,Poly String Tie Envelopes,14.28,7,6.71
64,CA-2011-133690,2011-08-03,2011-08-05,Bruce Stewart,United States,Denver,Colorado,Tables,BoxOffice By Design Rectangular and Half-Moon Meeting Room Tables,218.75,2,-161.88
65,CA-2011-133690,2011-08-03,2011-08-05,Bruce Stewart,United States,Denver,Colorado,Appliances,"Bravo II Megaboss 12-Amp Hard Body Upright, Replacement Belts, 2 Belts per Pack",2.6,1,0.29
66,CA-2014-108329,2014-12-10,2014-12-15,Laurel Elliston,United States,Whittier,California,Phones,Nortel Business Series Terminal T7208 Digital phone,444.77,4,44.48
67,CA-2013-130162,2013-10-29,2013-11-02,Jonathan Howell,United States,Los Angeles,California,Storage,"Personal Filing Tote with Lid, Black/Gray",93.06,6,26.06
68,CA-2013-130162,2013-10-29,2013-11-02,Jonathan Howell,United States,Los Angeles,California,Phones,Adtran 1202752G1,302.38,3,22.68
69,CA-2014-160514,2014-11-13,2014-11-17,David Bremer,United States,Santa Clara,California,Paper,Xerox 4200 Series MultiUse Premium Copy Paper (20Lb. and 84 Bright),10.56,2,4.75
70,CA-2013-154739,2013-12-11,2013-12-16,Logan Haushalter,United States,San Francisco,California,Chairs,"Global Leather Highback Executive Chair with Pneumatic Height Adjustment, Black",321.57,2,28.14
71,CA-2013-145625,2013-09-12,2013-09-18,Kelly Collister,United States,San Diego,California,Paper,"Wirebound Message Books, Two 4 1/4"" x 5"" Forms per Page",7.61,1,3.58
72,CA-2013-145625,2013-09-12,2013-09-18,Kelly Collister,United States,San Diego,California,Accessories,Logitech P710e Mobile Speakerphone,3347.37,13,636.0
73,CA-2012-155040,2012-11-10,2012-11-15,Alan Hwang,United States,Brentwood,California,Accessories,Microsoft Sculpt Comfort Mouse,79.9,2,35.16
74,CA-2014-163979,2014-12-29,2015-01-03,Kristen Hastings,United States,San Francisco,California,Storage,Adjustable Depth Letter/Legal Cart,725.84,4,210.49
75,CA-2012-155334,2012-07-30,2012-07-31,Helen Andreada,United States,San Francisco,California,Accessories,Logitech 910-002974 M325 Wireless Mouse for Web Scrolling,209.93,7,92.37
76,CA-2012-155334,2012-07-30,2012-07-31,Helen Andreada,United States,San Francisco,California,Furnishings,Regeneration Desk Collection,5.28,3,2.32
77,CA-2012-155334,2012-07-30,2012-07-31,Helen Andreada,United States,San Francisco,California,Binders,Presstex Flexible Ring Binders,10.92,3,4.1
78,CA-2014-118136,2014-09-17,2014-09-18,Barry Blumstein,United States,Inglewood,California,Paper,"Ampad Gold Fibre Wirebound Steno Books, 6"" x 9"", Gregg Ruled",8.82,2,4.06
79,CA-2014-118136,2014-09-17,2014-09-18,Barry Blumstein,United States,Inglewood,California,Art,Newell 330,5.98,1,1.55
80,CA-2012-130890,2012-11-02,2012-11-06,Jas O'Carroll,United States,Los Angeles,California,Tables,"Bevis Round Bullnose 29"" High Table Top",1038.84,5,51.94
81,CA-2012-130883,2012-09-26,2012-10-02,Tracy Blumstein,United States,Portland,Oregon,Fasteners,Staples,141.76,5,47.84
82,CA-2012-130883,2012-09-26,2012-10-02,Tracy Blumstein,United States,Portland,Oregon,Accessories,Microsoft Arc Touch Mouse,239.8,5,47.96
83,CA-2012-130883,2012-09-26,2012-10-02,Tracy Blumstein,United States,Portland,Oregon,Paper,Xerox 216,31.1,6,10.89
84,CA-2011-111451,2011-12-26,2011-12-28,Kelly Lampkin,United States,Colorado Springs,Colorado,Furnishings,"Howard Miller 13"" Diameter Goldtone Round Wall Clock",300.42,8,78.86
85,CA-2011-111451,2011-12-26,2011-12-28,Kelly Lampkin,United States,Colorado Springs,Colorado,Chairs,Global Deluxe Office Fabric Chairs,230.35,3,20.16
86,CA-2011-111451,2011-12-26,2011-12-28,Kelly Lampkin,United States,Colorado Springs,Colorado,Furnishings,Eldon ClusterMat Chair Mat with Cordless Antistatic Protection,218.35,3,-24.56
87,CA-2011-111451,2011-12-26,2011-12-28,Kelly Lampkin,United States,Colorado Springs,Colorado,Binders,Ibico Laser Imprintable Binding System Covers,78.6,5,-62.88
88,CA-2011-111451,2011-12-26,2011-12-28,Kelly Lampkin,United States,Colorado Springs,Colorado,Fasteners,"Vinyl Coated Wire Paper Clips in Organizer Box, 800/Box",27.55,3,9.3
89,CA-2013-142902,2013-09-13,2013-09-15,Ben Peterman,United States,Arvada,Colorado,Furnishings,C-Line Cubicle Keepers Polyproplyene Holder With Velcro Backings,15.14,4,3.59
90,CA-2013-142902,2013-09-13,2013-09-15,Ben Peterman,United States,Arvada,Colorado,Chairs,Hon 4070 Series Pagoda Armless Upholstered Stacking Chairs,466.77,2,52.51
91,CA-2013-142902,2013-09-13,2013-09-15,Ben Peterman,United States,Arvada,Colorado,Furnishings,"Eldon Expressions Desk Accessory, Wood Photo Frame, Mahogany",15.23,1,1.71
92,CA-2013-142902,2013-09-13,2013-09-15,Ben Peterman,United States,Arvada,Colorado,Labels,Avery 509,6.26,3,2.04
93,CA-2011-156601,2011-09-19,2011-09-24,Frank Atkinson,United States,Long Beach,California,Fasteners,OIC Binder Clips,7.16,2,3.58
94,CA-2013-162138,2013-04-24,2013-04-28,Grace Kelly,United States,Hesperia,California,Binders,Ibico Laser Imprintable Binding System Covers,251.52,6,81.74
95,CA-2013-162138,2013-04-24,2013-04-28,Grace Kelly,United States,Hesperia,California,Accessories,Logitech Wireless Headset h800,99.99,1,35.0
96,CA-2012-137946,2012-09-01,2012-09-04,Doug Bickford,United States,Los Angeles,California,Binders,Storex Dura Pro Binders,4.75,1,1.6
97,CA-2012-137946,2012-09-01,2012-09-04,Doug Bickford,United States,Los Angeles,California,Copiers,Hewlett Packard LaserJet 3310 Copier,959.98,2,335.99
98,CA-2012-137946,2012-09-01,2012-09-04,Doug Bickford,United States,Los Angeles,California,Binders,Avery Non-Stick Binders,14.37,4,4.49
99,CA-2011-129924,2011-07-12,2011-07-17,Alyssa Crouse,United States,San Francisco,California,Binders,Tuff Stuff Recycled Round Ring Binders,7.71,2,2.8
100,CA-2011-129924,2011-07-12,2011-07-17,Alyssa Crouse,United States,San Francisco,California,Tables,Hon 5100 Series Wood Tables,698.35,3,-17.46
101,CA-2012-128167,2012-06-22,2012-06-26,Ken Lonsdale,United States,Layton,Utah,Fasteners,"OIC Binder Clips, Mini, 1/4"" Capacity, Black",4.96,4,2.33
102,CA-2014-169901,2014-06-16,2014-06-20,Clay Cheatham,United States,San Francisco,California,Phones,Anker 36W 4-Port USB Wall Charger Travel Power Adapter for iPhone 5s 5c 5,47.98,3,4.8
103,CA-2011-123344,2011-09-24,2011-09-29,Julia Dunbar,United States,San Francisco,California,Storage,"Gould Plastics 9-Pocket Panel Bin, 18-3/8w x 5-1/4d x 20-1/2h, Black",211.96,4,8.48
104,US-2011-119137,2011-07-23,2011-07-27,Arthur Gainer,United States,Tucson,Arizona,Binders,Wilson Jones Custom Binder Spines & Labels,8.16,5,-5.71
105,US-2011-119137,2011-07-23,2011-07-27,Arthur Gainer,United States,Tucson,Arizona,Accessories,NETGEAR AC1750 Dual Band Gigabit Smart WiFi Router,1023.94,8,179.19
106,US-2011-119137,2011-07-23,2011-07-27,Arthur Gainer,United States,Tucson,Arizona,Art,Newell 324,9.24,1,0.92
107,US-2011-119137,2011-07-23,2011-07-27,Arthur Gainer,United States,Tucson,Arizona,Accessories,Microsoft Natural Keyboard Elite,479.04,10,-29.94
108,CA-2013-134775,2013-10-29,2013-10-30,Alejandro Savely,United States,San Francisco,California,Paper,Southworth Structures Collection,50.96,7,25.48
109,CA-2013-134775,2013-10-29,2013-10-30,Alejandro Savely,United States,San Francisco,California,Binders,"Square Ring Data Binders, Rigid 75 Pt. Covers, 11"" x 14-7/8""",49.54,3,17.34
110,US-2011-135972,2011-09-21,2011-09-23,Jack Garza,United States,Des Moines,Washington,Phones,Nortel Meridian M3904 Professional Digital phone,246.38,2,27.72
111,US-2011-135972,2011-09-21,2011-09-23,Jack Garza,United States,Des Moines,Washington,Copiers,Canon PC1080F Personal Copier,1799.97,3,701.99
112,CA-2014-102946,2014-07-01,2014-07-06,Victor Preis,United States,Las Vegas,Nevada,Binders,Tuf-Vin Binders,75.79,3,25.58
113,CA-2014-117457,2014-12-09,2014-12-13,Keith Herrera,United States,San Francisco,California,Accessories,Sony 64GB Class 10 Micro SDHC R40 Memory Card,179.95,5,37.79
114,CA-2014-117457,2014-12-09,2014-12-13,Keith Herrera,United States,San Francisco,California,Copiers,Sharp AL-1530CS Digital Copier,1199.98,3,434.99
115,CA-2014-117457,2014-12-09,2014-12-13,Keith Herrera,United States,San Francisco,California,Paper,"Wirebound Message Book, 4 per Page",27.15,5,13.3
116,CA-2014-117457,2014-12-09,2014-12-13,Keith Herrera,United States,San Francisco,California,Tables,"Bevis Round Conference Table Top, X-Base",1004.02,7,-112.95
117,CA-2014-117457,2014-12-09,2014-12-13,Keith Herrera,United States,San Francisco,California,Paper,"Wirebound Service Call Books, 5 1/2"" x 4""",9.68,1,4.65
118,CA-2014-117457,2014-12-09,2014-12-13,Keith Herrera,United States,San Francisco,California,Labels,Self-Adhesive Removable Labels,28.35,9,13.61
119,CA-2014-117457,2014-12-09,2014-12-13,Keith Herrera,United States,San Francisco,California,Paper,Xerox 1908,55.98,1,27.43
120,CA-2014-117457,2014-12-09,2014-12-13,Keith Herrera,United States,San Francisco,California,Bookcases,O'Sullivan 4-Shelf Bookcase in Odessa Pine,1336.83,13,31.45
121,CA-2014-117457,2014-12-09,2014-12-13,Keith Herrera,United States,San Francisco,California,Chairs,Novimex High-Tech Fabric Mesh Task Chair,113.57,2,-18.45
122,CA-2014-142636,2014-11-04,2014-11-08,Kimberly Carter,United States,Seattle,Washington,Paper,Xerox 191,139.86,7,65.73
123,CA-2014-142636,2014-11-04,2014-11-08,Kimberly Carter,United States,Seattle,Washington,Chairs,Global Deluxe Office Fabric Chairs,307.14,4,26.87
124,CA-2014-122105,2014-06-25,2014-06-29,Caroline Jumper,United States,Huntington Beach,California,Art,Bulldog Vacuum Base Pencil Sharpener,95.92,8,25.9
125,CA-2013-148796,2013-04-15,2013-04-19,Philip Brown,United States,Los Angeles,California,Chairs,Bevis Steel Folding Chairs,383.8,5,38.38
126,CA-2014-110478,2014-03-05,2014-03-10,Sung Pak,United States,Los Angeles,California,Art,American Pencil,9.32,4,2.7
127,CA-2014-110478,2014-03-05,2014-03-10,Sung Pak,United States,Los Angeles,California,Envelopes,"White Envelopes, White Envelopes with Clear Poly Window",15.25,1,7.02
128,CA-2011-142048,2011-06-22,2011-06-25,Joel Eaton,United States,Louisville,Colorado,Accessories,KeyTronic 6101 Series - Keyboard - Black,196.75,6,56.57
129,US-2011-110674,2011-02-13,2011-02-19,Sanjit Chand,United States,Concord,California,Chairs,"Global Geo Office Task Chair, Gray",129.57,2,-24.29
130,CA-2012-109638,2012-12-15,2012-12-22,Joseph Holt,United States,Seattle,Washington,Appliances,3M Office Air Cleaner,103.92,4,36.37
131,CA-2012-109638,2012-12-15,2012-12-22,Joseph Holt,United States,Seattle,Washington,Accessories,Logitech G700s Rechargeable Gaming Mouse,899.91,9,377.96
132,CA-2012-109638,2012-12-15,2012-12-22,Joseph Holt,United States,Seattle,Washington,Binders,Acco D-Ring Binder w/DublLock,51.31,3,18.6
133,CA-2013-109869,2013-04-23,2013-04-30,Tanja Norvell,United States,Phoenix,Arizona,Furnishings,Eldon Wave Desk Accessories,23.56,5,7.07
134,CA-2013-109869,2013-04-23,2013-04-30,Tanja Norvell,United States,Phoenix,Arizona,Tables,Bush Advantage Collection Racetrack Conference Table,1272.63,6,-814.48
135,CA-2013-109869,2013-04-23,2013-04-30,Tanja Norvell,United States,Phoenix,Arizona,Binders,Poly Designer Cover & Back,28.49,5,-20.89
136,CA-2013-109869,2013-04-23,2013-04-30,Tanja Norvell,United States,Phoenix,Arizona,Supplies,Premier Electric Letter Opener,185.38,2,-34.76
137,CA-2013-109869,2013-04-23,2013-04-30,Tanja Norvell,United States,Phoenix,Arizona,Appliances,"Fellowes Premier Superior Surge Suppressor, 10-Outlet, With Phone and Remote",78.27,2,5.87
138,CA-2011-144666,2011-11-09,2011-11-11,Jeremy Pistek,United States,San Francisco,California,Storage,SAFCO Boltless Steel Shelving,340.92,3,3.41
139,CA-2011-144666,2011-11-09,2011-11-11,Jeremy Pistek,United States,San Francisco,California,Bookcases,"Sauder Mission Library with Doors, Fruitwood Finish",222.67,2,10.48
140,CA-2011-144666,2011-11-09,2011-11-11,Jeremy Pistek,United States,San Francisco,California,Phones,Samsung Galaxy Note 3,703.97,4,88.0
141,CA-2011-144666,2011-11-09,2011-11-11,Jeremy Pistek,United States,San Francisco,California,Storage,"Decoflex Hanging Personal Folder File, Blue",92.52,6,24.98
142,CA-2011-144666,2011-11-09,2011-11-11,Jeremy Pistek,United States,San Francisco,California,Paper,"Recycled Desk Saver Line ""While You Were Out"" Book, 5 1/2"" X 4""",62.65,7,28.82
143,CA-2011-144666,2011-11-09,2011-11-11,Jeremy Pistek,United States,San Francisco,California,Paper,Xerox 1912,94.85,5,45.53
144,CA-2013-103891,2013-07-13,2013-07-20,Kristen Hastings,United States,Los Angeles,California,Phones,Cisco SPA525G2 IP Phone - Wireless,95.76,6,7.18
145,CA-2011-134677,2011-10-06,2011-10-10,Xylona Preis,United States,San Diego,California,Accessories,Imation USB 2.0 Swivel Flash Drive USB flash drive - 4 GB - Pink,9.09,3,1.91
146,CA-2014-140963,2014-06-11,2014-06-14,Michelle Tran,United States,Los Angeles,California,Labels,Alphabetical Labels for Top Tab Filing,29.6,2,14.8
147,CA-2014-140963,2014-06-11,2014-06-14,Michelle Tran,United States,Los Angeles,California,Bookcases,O'Sullivan Living Dimensions 2-Shelf Bookcases,514.17,5,-30.25
148,CA-2014-140963,2014-06-11,2014-06-14,Michelle Tran,United States,Los Angeles,California,Phones,iHome FM Clock Radio with Lightning Dock,279.96,5,17.5
149,CA-2013-169166,2013-05-10,2013-05-15,Sonia Sunley,United States,Seattle,Washington,Accessories,Sony Micro Vault Click 8 GB USB 2.0 Flash Drive,93.98,2,13.16
150,CA-2013-126158,2013-07-26,2013-08-01,Sanjit Chand,United States,Costa Mesa,California,Binders,Clear Mylar Reinforcing Strips,119.62,8,40.37
151,CA-2013-126158,2013-07-26,2013-08-01,Sanjit Chand,United States,Costa Mesa,California,Furnishings,"Howard Miller 14-1/2"" Diameter Chrome Round Wall Clock",255.76,4,81.84
152,CA-2013-126158,2013-07-26,2013-08-01,Sanjit Chand,United States,Costa Mesa,California,Chairs,DMI Arturo Collection Mission-style Design Wood Chair,241.57,2,18.12
153,CA-2013-126158,2013-07-26,2013-08-01,Sanjit Chand,United States,Costa Mesa,California,Furnishings,Deflect-O Glasstique Clear Desk Accessories,69.3,9,22.87
154,US-2013-105578,2013-05-31,2013-06-05,Maribeth Yedwab,United States,Parker,Colorado,Binders,Vinyl Sectional Post Binders,22.62,2,-15.08
155,US-2013-105578,2013-05-31,2013-06-05,Maribeth Yedwab,United States,Parker,Colorado,Binders,GBC Standard Therm-A-Bind Covers,14.95,2,-11.96
156,US-2013-105578,2013-05-31,2013-06-05,Maribeth Yedwab,United States,Parker,Colorado,Chairs,Global Troy Executive Leather Low-Back Tilter,801.57,2,50.1
157,US-2013-105578,2013-05-31,2013-06-05,Maribeth Yedwab,United States,Parker,Colorado,Binders,Storex Flexible Poly Binders with Double Pockets,2.38,3,-1.9
158,US-2013-105578,2013-05-31,2013-06-05,Maribeth Yedwab,United States,Parker,Colorado,Paper,"White Dual Perf Computer Printout Paper, 2700 Sheets, 1 Part, Heavyweight, 20 lbs., 14 7/8 x 11",32.79,1,11.89
159,CA-2014-163405,2014-12-22,2014-12-26,Bradley Nguyen,United States,Los Angeles,California,Art,Newell 327,6.63,3,1.79
160,CA-2014-163405,2014-12-22,2014-12-26,Bradley Nguyen,United States,Los Angeles,California,Art,Newell 317,5.88,2,1.71
161,CA-2014-127432,2014-01-23,2014-01-28,Alan Dominguez,United States,Great Falls,Montana,Copiers,Canon Image Class D660 Copier,2999.95,5,1379.98
162,CA-2014-127432,2014-01-23,2014-01-28,Alan Dominguez,United States,Great Falls,Montana,Storage,Advantus Rolling Storage Box,51.45,3,13.89
163,CA-2014-127432,2014-01-23,2014-01-28,Alan Dominguez,United States,Great Falls,Montana,Paper,Great White Multi-Use Recycled Paper (20Lb. and 84 Bright),11.96,2,5.38
164,CA-2014-127432,2014-01-23,2014-01-28,Alan Dominguez,United States,Great Falls,Montana,Storage,Tennsco Single-Tier Lockers,1126.02,3,56.3
165,US-2013-139486,2013-05-22,2013-05-24,Logan Haushalter,United States,Los Angeles,California,Phones,Motorola HK250 Universal Bluetooth Headset,55.18,3,-12.41
166,US-2013-139486,2013-05-22,2013-05-24,Logan Haushalter,United States,Los Angeles,California,Accessories,Imation 16GB Mini TravelDrive USB 2.0 Flash Drive,66.26,2,27.17
167,CA-2012-102848,2012-11-07,2012-11-09,Karen Bern,United States,Los Angeles,California,Chairs,Safco Contoured Stacking Chairs,190.72,1,11.92
168,US-2014-129441,2014-09-08,2014-09-12,Jasper Cacioppo,United States,Los Angeles,California,Furnishings,Tenex Chairmats For Use With Carpeted Floors,47.94,3,2.4
169,CA-2013-126613,2013-07-11,2013-07-17,Allen Armold,United States,Mesa,Arizona,Storage,Sterilite Officeware Hinged File Box,16.77,2,1.47
170,CA-2013-136924,2013-07-15,2013-07-18,Erin Smith,United States,Tucson,Arizona,Phones,LG Electronics Tone+ HBS-730 Bluetooth Headset,380.86,8,38.09
171,CA-2013-136406,2013-04-16,2013-04-18,Bill Donatelli,United States,San Francisco,California,Chairs,HON 5400 Series Task Chairs for Big and Tall,1121.57,2,0.0
172,CA-2014-100650,2014-06-30,2014-07-04,Dean Katz,United States,Anaheim,California,Storage,Tennsco 16-Compartment Lockers with Coat Rack,1295.78,2,310.99
173,CA-2013-113243,2013-06-11,2013-06-16,Olvera Toch,United States,Los Angeles,California,Labels,Avery 473,20.7,2,9.94
174,CA-2013-113243,2013-06-11,2013-06-16,Olvera Toch,United States,Los Angeles,California,Tables,Bretford Just In Time Height-Adjustable Multi-Task Work Tables,1335.68,4,-217.05
175,CA-2013-113243,2013-06-11,2013-06-16,Olvera Toch,United States,Los Angeles,California,Paper,Xerox 226,32.4,5,15.55
176,CA-2014-118731,2014-11-21,2014-11-23,Liz Pelletier,United States,San Francisco,California,Furnishings,Coloredge Poster Frame,42.6,3,16.61
177,CA-2014-118731,2014-11-21,2014-11-23,Liz Pelletier,United States,San Francisco,California,Binders,"GBC Prepunched Paper, 19-Hole, for Binding Systems, 24-lb",84.06,7,27.32
178,CA-2012-130736,2012-12-07,2012-12-09,Jeremy Farry,United States,Seattle,Washington,Fasteners,"Alliance Big Bands Rubber Bands, 12/Pack",3.96,2,0.0
179,CA-2012-130736,2012-12-07,2012-12-09,Jeremy Farry,United States,Seattle,Washington,Labels,Avery 509,2.61,1,1.2
180,CA-2014-137099,2014-12-08,2014-12-11,Frank Preis,United States,Los Angeles,California,Phones,Cisco SPA301,374.38,3,46.8
181,CA-2014-156951,2014-10-02,2014-10-09,Ellis Ballard,United States,Seattle,Washington,Paper,Personal Creations Ink Jet Cards and Labels,91.84,8,45.0
182,CA-2014-156951,2014-10-02,2014-10-09,Ellis Ballard,United States,Seattle,Washington,Binders,"GBC White Gloss Covers, Plain Front",81.09,7,27.37
183,CA-2014-156951,2014-10-02,2014-10-09,Ellis Ballard,United States,Seattle,Washington,Paper,Xerox 222,19.44,3,9.33
184,CA-2014-156951,2014-10-02,2014-10-09,Ellis Ballard,United States,Seattle,Washington,Chairs,Hon Every-Day Series Multi-Task Chairs,451.15,3,0.0
185,CA-2013-127250,2013-11-04,2013-11-08,Sarah Foster,United States,Marysville,Washington,Art,Newell 332,8.82,3,2.38
186,CA-2012-149713,2012-09-18,2012-09-22,Trudy Glocke,United States,Long Beach,California,Paper,Personal Creations Ink Jet Cards and Labels,160.72,14,78.75
187,CA-2012-149713,2012-09-18,2012-09-22,Trudy Glocke,United States,Long Beach,California,Paper,Rediform S.O.S. Phone Message Books,19.92,4,9.76
188,CA-2012-149713,2012-09-18,2012-09-22,Trudy Glocke,United States,Long Beach,California,Supplies,Acme Value Line Scissors,7.3,2,2.19
189,CA-2012-132906,2012-09-10,2012-09-14,Charles Crestani,United States,Los Angeles,California,Supplies,Martin-Yale Premier Letter Opener,51.52,4,1.55
190,CA-2014-145233,2014-12-02,2014-12-06,Dianna Vittorini,United States,Denver,Colorado,Phones,GE 30524EE4,470.38,3,52.92
191,CA-2014-145233,2014-12-02,2014-12-06,Dianna Vittorini,United States,Denver,Colorado,Phones,AT&T SB67148 SynJ,105.58,2,9.24
192,CA-2014-145233,2014-12-02,2014-12-06,Dianna Vittorini,United States,Denver,Colorado,Appliances,Fellowes Basic Home/Office Series Surge Protectors,31.15,3,3.5
193,CA-2014-145233,2014-12-02,2014-12-06,Dianna Vittorini,United States,Denver,Colorado,Binders,Recycled Pressboard Report Cover with Reinforced Top Hinge,6.78,7,-4.75
194,CA-2014-145233,2014-12-02,2014-12-06,Dianna Vittorini,United States,Denver,Colorado,Phones,Jabra BIZ 2300 Duo QD Duo Corded Headset,406.37,4,30.48
195,US-2013-156986,2013-03-21,2013-03-25,Zuschuss Carroll,United States,Salem,Oregon,Phones,i.Sound Portable Power - 8000 mAh,84.78,2,-20.14
196,US-2013-156986,2013-03-21,2013-03-25,Zuschuss Carroll,United States,Salem,Oregon,Paper,Xerox 225,20.74,4,7.26
197,US-2013-156986,2013-03-21,2013-03-25,Zuschuss Carroll,United States,Salem,Oregon,Binders,Clear Mylar Reinforcing Strips,16.82,3,-12.9
198,US-2013-156986,2013-03-21,2013-03-25,Zuschuss Carroll,United States,Salem,Oregon,Paper,Xerox 1894,10.37,2,3.63
199,CA-2011-131450,2011-08-08,2011-08-15,Lena Radford,United States,San Diego,California,Appliances,Fellowes Superior 10 Outlet Split Surge Protector,76.12,2,22.07
200,CA-2011-131450,2011-08-08,2011-08-15,Lena Radford,United States,San Diego,California,Copiers,Sharp AL-1530CS Digital Copier,1199.98,3,434.99
201,CA-2011-131450,2011-08-08,2011-08-15,Lena Radford,United States,San Diego,California,Phones,AT&T 1070 Corded Phone,445.96,5,55.75
202,CA-2011-131450,2011-08-08,2011-08-15,Lena Radford,United States,San Diego,California,Furnishings,Dana Halogen Swing-Arm Architect Lamp,327.76,8,91.77
203,CA-2014-153787,2014-05-20,2014-05-24,Annie Thurman,United States,Seattle,Washington,Appliances,Belkin Premiere Surge Master II 8-outlet surge protector,97.16,2,28.18
204,CA-2014-133431,2014-12-18,2014-12-22,Logan Currie,United States,San Francisco,California,Binders,"Acco Pressboard Covers with Storage Hooks, 9 1/2"" x 11"", Executive Red",15.24,5,5.14
205,CA-2014-133431,2014-12-18,2014-12-22,Logan Currie,United States,San Francisco,California,Paper,"Ampad Gold Fibre Wirebound Steno Books, 6"" x 9"", Gregg Ruled",13.23,3,6.09
206,US-2013-135720,2013-12-12,2013-12-14,Fred McMath,United States,Aurora,Colorado,Storage,Tennsco Regal Shelving Units,243.38,3,-51.72
207,US-2013-135720,2013-12-12,2013-12-14,Fred McMath,United States,Aurora,Colorado,Accessories,Imation 32GB Pocket Pro USB 3.0 Flash Drive - 32 GB - Black - 1 P ...,119.8,5,29.95
208,US-2013-135720,2013-12-12,2013-12-14,Fred McMath,United States,Aurora,Colorado,Phones,Jabra SPEAK 410,300.77,4,30.08
209,US-2013-123470,2013-08-16,2013-08-22,Max Engle,United States,Aurora,Colorado,Binders,Premium Transparent Presentation Covers by GBC,18.88,3,-13.85
210,US-2013-123470,2013-08-16,2013-08-22,Max Engle,United States,Aurora,Colorado,Appliances,Tripp Lite TLP810NET Broadband Surge for Modem/Fax,122.33,3,12.23
211,CA-2013-115917,2013-05-21,2013-05-26,Rick Bensley,United States,Vallejo,California,Furnishings,Luxo Professional Fluorescent Magnifier Lamp with Clamp-Mount Base,1049.2,5,272.79
212,CA-2013-115917,2013-05-21,2013-05-26,Rick Bensley,United States,Vallejo,California,Binders,Wilson Jones Turn Tabs Binder Tool for Ring Binders,15.42,4,5.01
213,CA-2014-167913,2014-07-31,2014-08-04,John Lee,United States,Mission Viejo,California,Storage,Economy Rollaway Files,330.4,2,85.9
214,CA-2014-167913,2014-07-31,2014-08-04,John Lee,United States,Mission Viejo,California,Labels,Avery 480,26.25,7,12.6
215,CA-2013-103947,2013-04-02,2013-04-09,Barry Blumstein,United States,Sierra Vista,Arizona,Fasteners,Staples,31.56,5,9.86
216,CA-2013-103947,2013-04-02,2013-04-09,Barry Blumstein,United States,Sierra Vista,Arizona,Appliances,Belkin F9H710-06 7 Outlet SurgeMaster Surge Protector,30.14,2,3.01
217,CA-2013-160745,2013-12-12,2013-12-17,Anthony Rawles,United States,Vancouver,Washington,Furnishings,3M Hangers With Command Adhesive,14.8,4,6.07
218,CA-2013-160745,2013-12-12,2013-12-17,Anthony Rawles,United States,Vancouver,Washington,Phones,AT&T TR1909W,302.38,3,22.68
219,CA-2013-160745,2013-12-12,2013-12-17,Anthony Rawles,United States,Vancouver,Washington,Accessories,First Data FD10 PIN Pad,316.0,4,31.6
220,CA-2012-131534,2012-03-28,2012-04-02,Alan Barnes,United States,Los Angeles,California,Accessories,Imation Bio 8GB USB Flash Drive Imation Corp,166.24,1,24.94
221,CA-2012-131534,2012-03-28,2012-04-02,Alan Barnes,United States,Los Angeles,California,Paper,Xerox 1977,33.4,5,16.03
222,CA-2013-163755,2013-11-05,2013-11-09,Alejandro Savely,United States,Seattle,Washington,Furnishings,"Tenex ""The Solids"" Textured Chair Mats",209.88,3,35.68
223,CA-2012-142027,2012-04-09,2012-04-14,Jay Kimmel,United States,Long Beach,California,Tables,Laminate Occasional Tables,369.91,3,-13.87
224,CA-2011-153150,2011-07-01,2011-07-06,Dorris liebe,United States,Seattle,Washington,Binders,Cardinal Holdit Business Card Pockets,19.92,5,6.97
225,CA-2011-104472,2011-06-02,2011-06-07,Christine Kargatis,United States,Orem,Utah,Binders,GBC Standard Therm-A-Bind Covers,59.81,3,19.44
226,CA-2011-104472,2011-06-02,2011-06-07,Christine Kargatis,United States,Orem,Utah,Furnishings,Aluminum Document Frame,73.32,6,22.0
227,CA-2013-112942,2013-02-13,2013-02-18,Ross DeVincentis,United States,Los Angeles,California,Paper,Tops Green Bar Computer Printout Paper,146.82,3,73.41
228,CA-2014-131954,2014-01-22,2014-01-26,Darrin Sayre,United States,Seattle,Washington,Storage,Carina Double Wide Media Storage Towers in Natural & Black,242.94,3,9.72
229,CA-2014-131954,2014-01-22,2014-01-26,Darrin Sayre,United States,Seattle,Washington,Accessories,Logitech Illuminated - Keyboard,179.97,3,86.39
230,CA-2014-131954,2014-01-22,2014-01-26,Darrin Sayre,United States,Seattle,Washington,Binders,Wilson Jones Century Plastic Molded Ring Binders,99.7,6,33.65
231,CA-2014-131954,2014-01-22,2014-01-26,Darrin Sayre,United States,Seattle,Washington,Binders,Wilson Jones Leather-Like Binders with DublLock Round Rings,27.94,4,9.43
232,CA-2014-131954,2014-01-22,2014-01-26,Darrin Sayre,United States,Seattle,Washington,Bookcases,O'Sullivan Cherrywood Estates Traditional Bookcase,84.98,1,18.7
233,CA-2014-131954,2014-01-22,2014-01-26,Darrin Sayre,United States,Seattle,Washington,Binders,Acco Translucent Poly Ring Binders,18.72,5,6.55
234,CA-2011-132500,2011-09-08,2011-09-12,Gary Zandusky,United States,San Francisco,California,Accessories,Logitech Wireless Touch Keyboard K400,49.98,2,8.5
235,CA-2011-124429,2011-05-27,2011-05-27,Maya Herman,United States,San Diego,California,Tables,KI Conference Tables,567.12,10,-28.36
236,CA-2011-124429,2011-05-27,2011-05-27,Maya Herman,United States,San Diego,California,Storage,Fellowes Officeware Wire Shelving,359.32,4,7.19
237,CA-2013-110499,2013-04-08,2013-04-10,Yoseph Carroll,United States,San Francisco,California,Copiers,Hewlett Packard 610 Color Digital Copier / Printer,1199.98,3,374.99
238,CA-2012-135272,2012-12-07,2012-12-12,Melanie Seite,United States,Los Angeles,California,Furnishings,12-1/2 Diameter Round Wall Clock,79.92,4,28.77
239,CA-2012-112319,2012-08-31,2012-09-05,Andrew Roberts,United States,Los Angeles,California,Paper,Xerox 226,58.32,9,27.99
240,CA-2012-144267,2012-08-21,2012-08-23,Nick Zandusky,United States,San Francisco,California,Chairs,Hon GuestStacker Chair,544.01,3,40.8
241,CA-2012-144267,2012-08-21,2012-08-23,Nick Zandusky,United States,San Francisco,California,Paper,Xerox 191,59.94,3,28.17
242,CA-2012-144267,2012-08-21,2012-08-23,Nick Zandusky,United States,San Francisco,California,Paper,Xerox 1974,23.92,4,11.72
243,CA-2012-144267,2012-08-21,2012-08-23,Nick Zandusky,United States,San Francisco,California,Paper,Xerox 1927,4.28,1,1.93
244,CA-2014-129567,2014-03-18,2014-03-22,Clay Ludtke,United States,Lancaster,California,Binders,Heavy-Duty E-Z-D Binders,17.46,2,5.89
245,CA-2012-154620,2012-12-12,2012-12-16,Liz Thompson,United States,Lancaster,California,Chairs,"Lifetime Advantage Folding Chairs, 4/Carton",348.93,2,34.89
246,CA-2011-156433,2011-09-20,2011-09-26,Erica Smith,United States,San Francisco,California,Labels,Avery 499,9.96,2,4.58
247,CA-2011-156433,2011-09-20,2011-09-26,Erica Smith,United States,San Francisco,California,Paper,"Wirebound Message Book, 4 per Page",21.72,4,10.64
248,CA-2012-101910,2012-11-27,2012-12-03,Carlos Daly,United States,Lake Elsinore,California,Chairs,"Situations Contoured Folding Chairs, 4/Set",283.92,5,17.75
249,CA-2014-105809,2014-02-21,2014-02-24,Helen Wasserman,United States,San Diego,California,Furnishings,"Executive Impressions 14"" Contract Wall Clock",22.23,1,7.34
250,CA-2014-105809,2014-02-21,2014-02-24,Helen Wasserman,United States,San Diego,California,Phones,Logitech Mobile Speakerphone P710e - speaker phone,215.97,2,18.9
251,CA-2014-135783,2014-04-23,2014-04-25,Gary McGarr,United States,San Francisco,California,Furnishings,"Eldon Stackable Tray, Side-Load, Legal, Smoke",18.28,2,6.22
252,CA-2011-134313,2011-11-01,2011-11-07,Russell Applegate,United States,Denver,Colorado,Art,Model L Table or Wall-Mount Pencil Sharpener,43.18,3,4.32
253,CA-2011-134313,2011-11-01,2011-11-07,Russell Applegate,United States,Denver,Colorado,Phones,ClearOne CHATAttach 160 - speaker phone,1983.97,4,248.0
254,CA-2011-151995,2011-10-13,2011-10-15,Zuschuss Carroll,United States,Edmonds,Washington,Art,Newell 32,11.52,4,3.23
255,CA-2011-151995,2011-10-13,2011-10-15,Zuschuss Carroll,United States,Edmonds,Washington,Tables,"Bevis Round Bullnose 29"" High Table Top",1298.55,5,311.65
256,CA-2011-151995,2011-10-13,2011-10-15,Zuschuss Carroll,United States,Edmonds,Washington,Appliances,Belkin F9G930V10-GRY 9 Outlet Surge,213.92,4,62.04
257,CA-2011-151995,2011-10-13,2011-10-15,Zuschuss Carroll,United States,Edmonds,Washington,Accessories,Sony 16GB Class 10 Micro SDHC R40 Memory Card,25.78,2,2.58
258,CA-2014-143686,2014-05-15,2014-05-15,Pauline Johnson,United States,Santa Ana,California,Furnishings,"Eldon Stackable Tray, Side-Load, Legal, Smoke",18.28,2,6.22
259,CA-2014-143686,2014-05-15,2014-05-15,Pauline Johnson,United States,Santa Ana,California,Accessories,Razer Tiamat Over Ear 7.1 Surround Sound PC Gaming Headset,1399.93,7,601.97
260,US-2011-102071,2011-05-09,2011-05-15,Patrick Gardner,United States,San Francisco,California,Accessories,Kingston Digital DataTraveler 32GB USB 2.0,67.8,4,4.07
261,US-2011-102071,2011-05-09,2011-05-15,Patrick Gardner,United States,San Francisco,California,Accessories,Sony Micro Vault Click 16 GB USB 2.0 Flash Drive,167.97,3,40.31
262,CA-2013-161669,2013-11-08,2013-11-10,Eudokia Martin,United States,Los Angeles,California,Binders,Fellowes Binding Cases,37.44,4,11.7
263,CA-2013-161669,2013-11-08,2013-11-10,Eudokia Martin,United States,Los Angeles,California,Binders,Ibico Plastic and Wire Spiral Binding Combs,26.98,4,8.77
264,CA-2013-161669,2013-11-08,2013-11-10,Eudokia Martin,United States,Los Angeles,California,Supplies,Acme Preferred Stainless Steel Scissors,11.36,2,3.29
265,CA-2013-161669,2013-11-08,2013-11-10,Eudokia Martin,United States,Los Angeles,California,Labels,Avery 486,14.62,2,6.87
266,CA-2013-152534,2013-06-21,2013-06-26,Dave Poirier,United States,Salinas,California,Art,DIXON Oriole Pencils,5.16,2,1.34
267,CA-2013-152534,2013-06-21,2013-06-26,Dave Poirier,United States,Salinas,California,Paper,Xerox 202,38.88,6,18.66
268,CA-2011-133851,2011-06-09,2011-06-16,Chuck Magee,United States,San Francisco,California,Fasteners,Staples,7.36,2,0.15
269,CA-2011-133851,2011-06-09,2011-06-16,Chuck Magee,United States,San Francisco,California,Art,Deluxe Chalkboard Eraser Cleaner,23.1,2,10.63
270,US-2014-123463,2014-12-24,2014-12-24,Gary Zandusky,United States,San Francisco,California,Art,"Binney & Smith Crayola Metallic Crayons, 16-Color Pack",13.48,4,5.93
271,CA-2012-143602,2012-04-25,2012-04-28,Jill Stevenson,United States,Los Angeles,California,Binders,Fellowes Black Plastic Comb Bindings,13.94,3,4.53
272,CA-2014-115364,2014-06-27,2014-07-03,Olvera Toch,United States,San Diego,California,Storage,Eldon Shelf Savers Cubes and Bins,83.76,12,1.68
273,CA-2011-104976,2011-12-09,2011-12-16,Cyma Kinney,United States,San Francisco,California,Paper,Xerox 1987,34.68,6,16.99
274,CA-2013-105494,2013-11-11,2013-11-13,Pamela Coakley,United States,San Francisco,California,Storage,File Shuttle I and Handi-File,155.82,7,42.07
275,CA-2013-105494,2013-11-11,2013-11-13,Pamela Coakley,United States,San Francisco,California,Binders,Binding Machine Supplies,70.01,3,24.5
276,CA-2013-130477,2013-04-09,2013-04-13,Logan Currie,United States,Los Angeles,California,Paper,Xerox 1923,20.04,3,9.62
277,CA-2013-130477,2013-04-09,2013-04-13,Logan Currie,United States,Los Angeles,California,Storage,Fellowes Neat Ideas Storage Cubes,64.96,2,2.6
278,CA-2013-130477,2013-04-09,2013-04-13,Logan Currie,United States,Los Angeles,California,Paper,Xerox 1931,12.96,2,6.22
279,US-2014-111745,2014-11-06,2014-11-07,Ruben Ausman,United States,Farmington,New Mexico,Accessories,NETGEAR AC1750 Dual Band Gigabit Smart WiFi Router,159.99,1,54.4
280,CA-2012-148250,2012-12-13,2012-12-17,Rachel Payne,United States,Riverside,California,Paper,Xerox 213,12.96,2,6.22
281,CA-2012-148250,2012-12-13,2012-12-17,Rachel Payne,United States,Riverside,California,Appliances,Fellowes 8 Outlet Superior Workstation Surge Protector w/o Phone/Fax/Modem Protection,134.48,4,34.96
282,CA-2013-105760,2013-06-20,2013-06-21,Karen Carlisle,United States,San Francisco,California,Paper,"Message Book, Standard Line ""While You Were Out"", 5 1/2"" X 4"", 200 Sets/Book",17.12,2,8.05
283,CA-2013-142958,2013-12-14,2013-12-21,Rob Williams,United States,Torrance,California,Binders,"Acco Pressboard Covers with Storage Hooks, 14 7/8"" x 11"", Dark Blue",6.1,2,2.21
284,CA-2013-142958,2013-12-14,2013-12-21,Rob Williams,United States,Torrance,California,Tables,Bretford CR4500 Series Slim Rectangular Table,1114.27,4,41.79
285,CA-2012-120880,2012-05-29,2012-06-03,John Lucas,United States,Seattle,Washington,Paper,Xerox 1894,32.4,5,15.55
286,CA-2012-120880,2012-05-29,2012-06-03,John Lucas,United States,Seattle,Washington,Storage,Standard Rollaway File with Lock,540.57,3,140.55
287,CA-2012-120880,2012-05-29,2012-06-03,John Lucas,United States,Seattle,Washington,Binders,"Avery Trapezoid Extra Heavy Duty 4"" Binders",167.76,5,62.91
288,US-2012-140200,2012-07-26,2012-07-28,Cynthia Arntzen,United States,Mesa,Arizona,Tables,Bevis Boat-Shaped Conference Table,393.17,3,-204.45
289,CA-2014-102414,2014-05-16,2014-05-19,Joseph Airdo,United States,Phoenix,Arizona,Phones,"Logitech B530 USB Headset - headset - Full size, Binaural",29.59,1,2.59
290,CA-2014-102414,2014-05-16,2014-05-19,Joseph Airdo,United States,Phoenix,Arizona,Binders,Avery Durable Slant Ring Binders,4.75,2,-3.17
291,CA-2014-102414,2014-05-16,2014-05-19,Joseph Airdo,United States,Phoenix,Arizona,Paper,"Universal Ultra Bright White Copier/Laser Paper, 8 1/2"" x 11"", Ream",15.55,3,5.64
292,CA-2012-112571,2012-09-22,2012-09-22,Daniel Lacy,United States,Oceanside,California,Furnishings,Luxo Professional Combination Clamp-On Lamps,204.6,2,53.2
293,CA-2014-152142,2014-11-15,2014-11-20,Lindsay Williams,United States,San Francisco,California,Chairs,"Global Leather Highback Executive Chair with Pneumatic Height Adjustment, Black",321.57,2,28.14
294,CA-2013-120859,2013-09-02,2013-09-05,Cynthia Voltz,United States,San Francisco,California,Envelopes,"White Business Envelopes with Contemporary Seam, Recycled White Business Envelopes",21.88,2,10.94
295,US-2014-100209,2014-07-10,2014-07-16,Tamara Dahlen,United States,Portland,Oregon,Binders,Wilson Jones Easy Flow II Sheet Lifters,1.08,2,-0.79
296,CA-2011-163419,2011-11-11,2011-11-14,Tracy Zic,United States,Louisville,Colorado,Art,"BIC Brite Liner Grip Highlighters, Assorted, 5/Pack",3.39,1,0.81
297,CA-2011-163419,2011-11-11,2011-11-14,Tracy Zic,United States,Louisville,Colorado,Phones,Samsung Galaxy S III - 16GB - pebble blue (T-Mobile),559.98,2,56.0
298,CA-2011-163419,2011-11-11,2011-11-14,Tracy Zic,United States,Louisville,Colorado,Chairs,"Global Airflow Leather Mesh Back Chair, Black",603.92,5,75.49
299,CA-2013-105585,2013-08-27,2013-08-28,Roland Fjeld,United States,San Jose,California,Fasteners,Advantus SlideClip Paper Clips,10.23,3,4.91
300,CA-2013-105585,2013-08-27,2013-08-28,Roland Fjeld,United States,San Jose,California,Paper,Xerox 1979,154.9,5,69.71
301,CA-2013-155488,2013-11-14,2013-11-18,Frank Merwin,United States,Vancouver,Washington,Art,Boston 16801 Nautilus Battery Pencil Sharpener,44.02,2,11.45
302,CA-2012-126445,2012-08-27,2012-08-31,Ryan Akin,United States,Murrieta,California,Storage,Fellowes Super Stor/Drawer Files,484.65,3,92.08
303,CA-2012-105312,2012-11-06,2012-11-09,Meg Tillman,United States,Scottsdale,Arizona,Envelopes,"Redi-Strip #10 Envelopes, 4 1/8 x 9 1/2",7.08,3,2.48
304,CA-2012-105312,2012-11-06,2012-11-09,Meg Tillman,United States,Scottsdale,Arizona,Binders,UniKeep View Case Binders,4.4,3,-3.52
305,CA-2011-158540,2011-11-24,2011-11-26,Vivek Gonzalez,United States,San Diego,California,Furnishings,"Eldon Delta Triangular Chair Mat, 52"" x 58"", Clear",151.72,4,27.31
306,CA-2014-118437,2014-06-18,2014-06-22,Philip Fox,United States,Olympia,Washington,Furnishings,"Howard Miller 13-3/4"" Diameter Brushed Chrome Round Wall Clock",155.25,3,46.58
307,CA-2014-118437,2014-06-18,2014-06-22,Philip Fox,United States,Olympia,Washington,Storage,Project Tote Personal File,14.03,1,4.07
308,US-2012-126214,2012-12-21,2012-12-24,John Stevenson,United States,Seattle,Washington,Tables,Bevis 36 x 72 Conference Tables,1618.37,13,356.04
309,US-2012-126214,2012-12-21,2012-12-24,John Stevenson,United States,Seattle,Washington,Accessories,Enermax Acrylux Wireless Keyboard,99.6,1,36.85
310,CA-2012-133025,2012-09-17,2012-09-19,Meg O'Connel,United States,Los Angeles,California,Paper,Xerox 216,32.4,5,15.55
311,CA-2014-106964,2014-12-18,2014-12-21,Hallie Redmond,United States,Los Angeles,California,Binders,GBC Plastic Binding Combs,11.81,2,4.28
312,CA-2012-127418,2012-06-13,2012-06-14,Jennifer Jackson,United States,Los Angeles,California,Binders,Aluminum Screw Posts,36.62,3,13.73
313,CA-2011-139192,2011-05-27,2011-06-01,Lena Creighton,United States,San Francisco,California,Phones,Plantronics HL10 Handset Lifter,1113.5,12,125.27
314,CA-2011-139192,2011-05-27,2011-06-01,Lena Creighton,United States,San Francisco,California,Accessories,Logitech Wireless Performance Mouse MX for PC and Mac,99.99,1,38.0
315,CA-2014-167150,2014-12-11,2014-12-18,Ben Peterman,United States,San Diego,California,Binders,Avery Hole Reinforcements,19.94,4,7.23
316,CA-2014-167150,2014-12-11,2014-12-18,Ben Peterman,United States,San Diego,California,Binders,"Wilson Jones Ledger-Size, Piano-Hinge Binder, 2"", Blue",65.57,2,22.95
317,CA-2013-157686,2013-10-02,2013-10-03,Brian DeCherney,United States,San Francisco,California,Chairs,"Global Value Mid-Back Manager's Chair, Gray",194.85,4,12.18
318,CA-2012-144652,2012-11-20,2012-11-26,Skye Norling,United States,Los Angeles,California,Art,Newell 333,19.46,7,5.06
319,CA-2013-152814,2013-04-29,2013-05-03,Erica Hernandez,United States,Denver,Colorado,Paper,Xerox 1881,29.47,3,9.95
320,CA-2013-134348,2013-11-13,2013-11-20,Maurice Satty,United States,Mesa,Arizona,Binders,Avery Durable Slant Ring Binders With Label Holder,6.27,5,-4.6
321,CA-2013-134348,2013-11-13,2013-11-20,Maurice Satty,United States,Mesa,Arizona,Binders,Round Ring Binders,4.37,7,-3.35
322,CA-2013-134348,2013-11-13,2013-11-20,Maurice Satty,United States,Mesa,Arizona,Accessories,Micropad Numeric Keypads,31.98,2,2.0
323,CA-2014-132521,2014-09-24,2014-09-26,Don Weiss,United States,Seattle,Washington,Appliances,Belkin 8 Outlet SurgeMaster II Gold Surge Protector,119.96,2,33.59
324,CA-2014-132521,2014-09-24,2014-09-26,Don Weiss,United States,Seattle,Washington,Storage,Sterilite Officeware Hinged File Box,31.44,3,8.49
325,CA-2014-132521,2014-09-24,2014-09-26,Don Weiss,United States,Seattle,Washington,Binders,Avery Printable Repositionable Plastic Tabs,6.88,1,2.32
326,CA-2013-166163,2013-08-16,2013-08-21,Craig Yedwab,United States,Oakland,California,Phones,Nokia Lumia 521 (T-Mobile),71.98,3,7.2
327,CA-2013-166163,2013-08-16,2013-08-21,Craig Yedwab,United States,Oakland,California,Labels,Avery 488,3.15,1,1.51
328,CA-2012-143490,2012-12-06,2012-12-13,Naresj Patel,United States,San Diego,California,Art,Stanley Contemporary Battery Pencil Sharpeners,120.15,9,33.64
329,CA-2012-143490,2012-12-06,2012-12-13,Naresj Patel,United States,San Diego,California,Phones,AT&T 1080 Corded phone,219.18,2,19.18
330,CA-2011-159338,2011-06-25,2011-06-28,Noel Staavos,United States,Los Angeles,California,Tables,Hon 4060 Series Tables,447.84,5,11.2
331,CA-2013-107216,2013-06-15,2013-06-18,Paul Van Hugh,United States,San Francisco,California,Art,Newell 326,7.04,4,2.04
332,CA-2013-107216,2013-06-15,2013-06-18,Paul Van Hugh,United States,San Francisco,California,Furnishings,"GE General Purpose, Extra Long Life, Showcase & Floodlight Incandescent Bulbs",8.73,3,4.1
333,CA-2013-107216,2013-06-15,2013-06-18,Paul Van Hugh,United States,San Francisco,California,Accessories,Logitech ClearChat Comfort/USB Headset H390,29.29,1,9.67
334,CA-2013-107216,2013-06-15,2013-06-18,Paul Van Hugh,United States,San Francisco,California,Art,Newell 346,8.64,3,2.51
335,CA-2013-112340,2013-10-22,2013-10-28,Neoma Murray,United States,Riverside,California,Paper,"Rediform Wirebound ""Phone Memo"" Message Book, 11 x 5-3/4",22.92,3,11.23
336,CA-2014-140585,2014-12-19,2014-12-24,Russell Applegate,United States,Encinitas,California,Binders,Binding Machine Supplies,46.67,2,16.34
337,CA-2014-140585,2014-12-19,2014-12-24,Russell Applegate,United States,Encinitas,California,Bookcases,"Bush Saratoga Collection 5-Shelf Bookcase, Hanover Cherry, *Special Order",119.83,1,-12.69
338,CA-2014-140585,2014-12-19,2014-12-24,Russell Applegate,United States,Encinitas,California,Accessories,Logitech Illuminated - Keyboard,119.98,2,57.59
339,CA-2013-144855,2013-07-23,2013-07-25,Dionis Lloyd,United States,San Francisco,California,Labels,Self-Adhesive Removable Labels,6.3,2,3.02
340,US-2013-114776,2013-12-07,2013-12-08,Greg Guthrie,United States,Antioch,California,Paper,Xerox 216,19.44,3,9.33
341,CA-2011-146969,2011-09-29,2011-10-03,Arthur Prichep,United States,Los Angeles,California,Furnishings,Luxo Professional Combination Clamp-On Lamps,204.6,2,53.2
342,CA-2011-146969,2011-09-29,2011-10-03,Arthur Prichep,United States,Los Angeles,California,Fasteners,Stockwell Push Pins,8.72,4,2.88
343,CA-2011-146969,2011-09-29,2011-10-03,Arthur Prichep,United States,Los Angeles,California,Paper,Xerox 223,6.48,1,3.11
344,CA-2011-146969,2011-09-29,2011-10-03,Arthur Prichep,United States,Los Angeles,California,Machines,Star Micronics TSP800 TSP847IIU Receipt Printer,686.32,2,223.05
345,CA-2011-146969,2011-09-29,2011-10-03,Arthur Prichep,United States,Los Angeles,California,Storage,"Fellowes Mobile File Cart, Black",62.18,1,16.79
346,CA-2014-160395,2014-01-01,2014-01-07,Kelly Lampkin,United States,Reno,Nevada,Art,"Crayola Anti Dust Chalk, 12/Pack",3.64,2,1.64
347,CA-2014-160395,2014-01-01,2014-01-07,Kelly Lampkin,United States,Reno,Nevada,Binders,Lock-Up Easel 'Spel-Binder',159.77,7,53.92
348,CA-2013-149314,2013-07-03,2013-07-08,George Bell,United States,Los Angeles,California,Chairs,Hon Deluxe Fabric Upholstered Stacking Chairs,195.18,1,19.52
349,CA-2011-126522,2011-09-01,2011-09-05,Larry Tron,United States,Escondido,California,Art,"BOSTON Model 1800 Electric Pencil Sharpeners, Putty/Woodgrain",53.94,3,15.64
350,CA-2012-125416,2012-11-02,2012-11-02,Kelly Collister,United States,Seattle,Washington,Accessories,Logitech K350 2.4Ghz Wireless Keyboard,447.93,9,49.27
351,CA-2011-158064,2011-04-21,2011-04-25,Allen Armold,United States,Los Angeles,California,Binders,ACCOHIDE Binder by Acco,16.52,5,5.58
352,CA-2011-120243,2011-12-27,2011-12-30,Alyssa Tate,United States,Los Angeles,California,Fasteners,Staples,11.56,4,5.43
353,CA-2011-127131,2011-11-24,2011-11-30,Harold Ryan,United States,Seattle,Washington,Binders,Peel & Stick Add-On Corner Pockets,12.1,7,4.23
354,CA-2011-127131,2011-11-24,2011-11-30,Harold Ryan,United States,Seattle,Washington,Storage,"Carina 42""Hx23 3/4""W Media Storage Unit",485.88,6,9.72
355,CA-2011-127131,2011-11-24,2011-11-30,Harold Ryan,United States,Seattle,Washington,Paper,Xerox 220,25.92,4,12.44
356,CA-2011-127131,2011-11-24,2011-11-30,Harold Ryan,United States,Seattle,Washington,Storage,"Recycled Data-Pak for Archival Bound Computer Printouts, 12-1/2 x 12-1/2 x 16",197.58,2,53.35
357,CA-2014-117212,2014-02-27,2014-03-01,Bradley Talbott,United States,Los Angeles,California,Appliances,Kensington 6 Outlet Guardian Standard Surge Protector,81.92,4,22.12
358,CA-2014-117212,2014-02-27,2014-03-01,Bradley Talbott,United States,Los Angeles,California,Phones,Toshiba IPT2010-SD IP Telephone,889.54,8,66.72
359,CA-2014-117212,2014-02-27,2014-03-01,Bradley Talbott,United States,Los Angeles,California,Chairs,GuestStacker Chair with Chrome Finish Legs,892.22,3,89.22
360,CA-2014-117212,2014-02-27,2014-03-01,Bradley Talbott,United States,Los Angeles,California,Paper,Xerox 1908,223.92,4,109.72
361,CA-2014-117212,2014-02-27,2014-03-01,Bradley Talbott,United States,Los Angeles,California,Paper,Xerox 1924,23.12,4,11.33
362,CA-2013-114727,2013-07-19,2013-07-25,Linda Southworth,United States,Denver,Colorado,Chairs,Hon GuestStacker Chair,544.01,3,40.8
363,CA-2013-114727,2013-07-19,2013-07-25,Linda Southworth,United States,Denver,Colorado,Binders,Round Ring Binders,1.87,3,-1.44
364,CA-2013-114727,2013-07-19,2013-07-25,Linda Southworth,United States,Denver,Colorado,Chairs,Hon 4700 Series Mobuis Mid-Back Task Chairs with Adjustable Arms,854.35,3,10.68
365,CA-2013-114727,2013-07-19,2013-07-25,Linda Southworth,United States,Denver,Colorado,Storage,"Sauder Facets Collection Locker/File Cabinet, Sky Alder Finish",593.57,2,0.0
366,CA-2013-114727,2013-07-19,2013-07-25,Linda Southworth,United States,Denver,Colorado,Storage,"Fellowes Strictly Business Drawer File, Letter/Legal Size",338.04,3,-33.8
367,CA-2011-110184,2011-07-12,2011-07-16,Ben Ferrer,United States,Los Angeles,California,Storage,Fellowes Super Stor/Drawer,249.75,9,44.96
368,CA-2011-110184,2011-07-12,2011-07-16,Ben Ferrer,United States,Los Angeles,California,Phones,GE DSL Phone Line Filter,255.94,8,28.79
369,CA-2014-100013,2014-11-07,2014-11-12,Zuschuss Carroll,United States,Los Angeles,California,Envelopes,"#10- 4 1/8"" x 9 1/2"" Security-Tint Envelopes",15.28,2,7.49
370,CA-2014-100013,2014-11-07,2014-11-12,Zuschuss Carroll,United States,Los Angeles,California,Furnishings,Dax Clear Box Frame,8.73,1,2.97
371,CA-2014-100013,2014-11-07,2014-11-12,Zuschuss Carroll,United States,Los Angeles,California,Art,SANFORD Liquid Accent Tank-Style Highlighters,5.68,2,1.76
372,CA-2011-127012,2011-08-11,2011-08-15,Greg Matthias,United States,Seattle,Washington,Furnishings,"Eldon Image Series Desk Accessories, Ebony",12.35,1,5.43
373,CA-2011-127012,2011-08-11,2011-08-15,Greg Matthias,United States,Seattle,Washington,Art,Sanford 52201 APSCO Electric Pencil Sharpener,40.97,1,10.65
374,CA-2011-127012,2011-08-11,2011-08-15,Greg Matthias,United States,Seattle,Washington,Fasteners,"Vinyl Coated Wire Paper Clips in Organizer Box, 800/Box",22.96,2,10.79
375,CA-2011-168494,2011-12-12,2011-12-14,Nora Preis,United States,Fresno,California,Tables,Hon Non-Folding Utility Tables,764.69,6,95.59
376,CA-2011-168494,2011-12-12,2011-12-14,Nora Preis,United States,Fresno,California,Tables,Bretford Rectangular Conference Table Tops,3610.85,12,135.41
377,CA-2011-168494,2011-12-12,2011-12-14,Nora Preis,United States,Fresno,California,Bookcases,Bestar Classic Bookcase,254.97,3,12.0
378,CA-2014-110380,2014-09-03,2014-09-08,Phillip Flathmann,United States,San Francisco,California,Art,Pencil and Crayon Sharpener,6.57,3,1.77
379,US-2011-167738,2011-12-24,2011-12-29,Julie Creighton,United States,Los Angeles,California,Storage,Letter Size Cart,142.86,1,41.43
380,US-2011-167738,2011-12-24,2011-12-29,Julie Creighton,United States,Los Angeles,California,Chairs,"Global Value Mid-Back Manager's Chair, Gray",292.27,6,18.27
381,CA-2014-121412,2014-09-24,2014-09-28,Brooke Gillingham,United States,Louisville,Colorado,Furnishings,Aluminum Document Frame,29.33,3,3.67
382,CA-2013-163384,2013-11-11,2013-11-13,Chuck Clark,United States,San Francisco,California,Binders,"ACCOHIDE 3-Ring Binder, Blue, 1""",13.22,4,4.46
383,CA-2013-163384,2013-11-11,2013-11-13,Chuck Clark,United States,San Francisco,California,Paper,Xerox 1996,32.4,5,15.55
384,CA-2012-101707,2012-08-27,2012-09-01,Philip Fox,United States,San Diego,California,Supplies,Fiskars Softgrip Scissors,32.94,3,9.22
385,CA-2012-101707,2012-08-27,2012-09-01,Philip Fox,United States,San Diego,California,Paper,Xerox 1973,114.2,5,52.53
386,CA-2012-101707,2012-08-27,2012-09-01,Philip Fox,United States,San Diego,California,Labels,Avery 511,3.08,1,1.48
387,CA-2012-138898,2012-05-25,2012-05-29,Justin Hirsh,United States,Pueblo,Colorado,Appliances,Kensington 4 Outlet MasterPiece Compact Power Control Center,845.73,13,84.57
388,CA-2014-115427,2014-12-31,2015-01-04,Erica Bern,United States,Fairfield,California,Binders,"Cardinal Slant-D Ring Binder, Heavy Gauge Vinyl",13.9,2,4.52
389,CA-2014-115427,2014-12-31,2015-01-04,Erica Bern,United States,Fairfield,California,Binders,GBC Binding covers,20.72,2,6.48
390,CA-2012-121391,2012-10-04,2012-10-07,Alex Avila,United States,San Francisco,California,Storage,"Tenex Personal Project File with Scoop Front Design, Black",26.96,2,7.01
391,CA-2013-141397,2013-06-21,2013-06-22,Roy Collins,United States,Pasadena,California,Paper,Xerox 1898,46.76,7,22.44
392,CA-2013-141397,2013-06-21,2013-06-22,Roy Collins,United States,Pasadena,California,Binders,GBC Plastic Binding Combs,17.71,3,6.42
393,CA-2013-141397,2013-06-21,2013-06-22,Roy Collins,United States,Pasadena,California,Appliances,Belkin 6 Outlet Metallic Surge Strip,21.78,2,5.66
394,CA-2013-141397,2013-06-21,2013-06-22,Roy Collins,United States,Pasadena,California,Storage,Fellowes Bankers Box Recycled Super Stor/Drawer,161.94,3,9.72
395,CA-2013-141397,2013-06-21,2013-06-22,Roy Collins,United States,Pasadena,California,Chairs,Hon Valutask Swivel Chairs,161.57,2,-8.08
396,CA-2013-145919,2013-12-19,2013-12-24,Henry Goldwyn,United States,Los Angeles,California,Paper,"Eureka Recycled Copy Paper 8 1/2"" x 11"", Ream",38.88,6,18.66
397,CA-2013-145919,2013-12-19,2013-12-24,Henry Goldwyn,United States,Los Angeles,California,Furnishings,"Seth Thomas 12"" Clock w/ Goldtone Case",183.84,8,62.51
398,CA-2013-145919,2013-12-19,2013-12-24,Henry Goldwyn,United States,Los Angeles,California,Supplies,Premier Electric Letter Opener,579.3,5,28.97
399,CA-2014-106033,2014-10-16,2014-10-19,Frank Gastineau,United States,San Francisco,California,Art,Panasonic KP-310 Heavy-Duty Electric Pencil Sharpener,87.92,4,26.38
400,CA-2013-142762,2013-05-24,2013-05-28,Lisa DeCherney,United States,San Francisco,California,Furnishings,"Eldon Image Series Desk Accessories, Ebony",37.05,3,16.3
401,CA-2011-121664,2011-05-06,2011-05-10,Harold Pawlan,United States,Los Angeles,California,Binders,Wilson Jones Legal Size Ring Binders,140.74,8,52.78
402,US-2014-123281,2014-04-03,2014-04-08,Jamie Frazer,United States,Los Angeles,California,Furnishings,Westinghouse Clip-On Gooseneck Lamps,25.11,3,6.53
403,CA-2014-162978,2014-05-05,2014-05-10,Lindsay Williams,United States,San Francisco,California,Phones,Motorola L804,183.96,5,20.7
404,CA-2014-162978,2014-05-05,2014-05-10,Lindsay Williams,United States,San Francisco,California,Paper,Things To Do Today Pad,17.61,3,8.45
405,CA-2014-162978,2014-05-05,2014-05-10,Lindsay Williams,United States,San Francisco,California,Tables,Bretford Rectangular Conference Table Tops,300.9,1,11.28
406,US-2011-151925,2011-09-26,2011-10-01,Kean Takahito,United States,Los Angeles,California,Chairs,"Leather Task Chair, Black",145.57,2,0.0
407,US-2014-155425,2014-11-11,2014-11-12,Ann Blume,United States,Tucson,Arizona,Binders,Cardinal EasyOpen D-Ring Binders,38.39,14,-25.59
408,US-2014-155425,2014-11-11,2014-11-12,Ann Blume,United States,Tucson,Arizona,Machines,DYMO CardScan Personal V9 Business Card Scanner,95.99,2,-64.0
409,US-2014-155425,2014-11-11,2014-11-12,Ann Blume,United States,Tucson,Arizona,Accessories,Case Logic 2.4GHz Wireless Keyboard,239.95,6,-35.99
410,US-2014-155425,2014-11-11,2014-11-12,Ann Blume,United States,Tucson,Arizona,Phones,Adtran 1202752G1,201.58,2,15.12
411,US-2014-155425,2014-11-11,2014-11-12,Ann Blume,United States,Tucson,Arizona,Chairs,Hon 2090 Pillow Soft Series Mid Back Swivel/Tilt Chairs,899.14,4,-146.11
412,CA-2014-133249,2014-07-09,2014-07-12,Sam Zeldin,United States,Pico Rivera,California,Furnishings,"Deflect-o SuperTray Unbreakable Stackable Tray, Letter, Black",145.9,5,62.74
413,US-2012-103471,2012-12-24,2012-12-28,Jim Radford,United States,Colorado Springs,Colorado,Bookcases,"Atlantic Metals Mobile 4-Shelf Bookcases, Custom Colors",590.06,7,-786.74
414,US-2012-103471,2012-12-24,2012-12-28,Jim Radford,United States,Colorado Springs,Colorado,Art,"Dixon My First Ticonderoga Pencil, #2",14.04,3,1.58
415,US-2011-157021,2011-04-01,2011-04-06,Kunst Miller,United States,Vallejo,California,Labels,Avery 490,29.6,2,14.8
416,US-2011-157021,2011-04-01,2011-04-06,Kunst Miller,United States,Vallejo,California,Binders,"Pressboard Data Binder, Crimson, 12"" X 8 1/2""",17.09,4,5.55
417,CA-2012-120362,2012-09-14,2012-09-19,Christina Anderson,United States,Provo,Utah,Tables,"Lesro Round Back Collection Coffee Table, End Table",912.75,5,118.66
418,CA-2011-126361,2011-08-04,2011-08-09,Valerie Dominguez,United States,Pleasant Grove,Utah,Appliances,Hoover WindTunnel Plus Canister Vacuum,1089.75,3,305.13
419,CA-2011-126361,2011-08-04,2011-08-09,Valerie Dominguez,United States,Pleasant Grove,Utah,Paper,Xerox 1934,447.84,8,219.44
420,CA-2011-126361,2011-08-04,2011-08-09,Valerie Dominguez,United States,Pleasant Grove,Utah,Art,Newell 329,16.4,5,4.26
421,CA-2011-126361,2011-08-04,2011-08-09,Valerie Dominguez,United States,Pleasant Grove,Utah,Phones,Panasonic KX T7731-B Digital phone,399.96,5,35.0
422,CA-2011-126361,2011-08-04,2011-08-09,Valerie Dominguez,United States,Pleasant Grove,Utah,Storage,"Safco Wire Cube Shelving System, For Use as 4 or 5 14"" Cubes, Black",158.9,5,7.95
423,CA-2011-126361,2011-08-04,2011-08-09,Valerie Dominguez,United States,Pleasant Grove,Utah,Binders,Ibico Standard Transparent Covers,13.18,1,4.78
424,US-2013-122245,2013-09-26,2013-10-01,Adrian Barton,United States,Phoenix,Arizona,Tables,Bevis Boat-Shaped Conference Table,393.17,3,-204.45
425,CA-2014-115994,2014-01-29,2014-02-01,Beth Thompson,United States,Costa Mesa,California,Accessories,Logitech G13 Programmable Gameboard with LCD Display,239.97,3,26.4
426,CA-2014-115994,2014-01-29,2014-02-01,Beth Thompson,United States,Costa Mesa,California,Furnishings,"DAX Executive Solid Wood Document Frame, Desktop or Hang, Mahogany, 5 x 7",37.74,3,12.83
427,CA-2012-124800,2012-09-26,2012-09-30,Rick Wilson,United States,Mesa,Arizona,Paper,Petty Cash Envelope,86.27,4,31.27
428,CA-2012-124800,2012-09-26,2012-09-30,Rick Wilson,United States,Mesa,Arizona,Binders,GBC VeloBinder Electric Binding Machine,72.59,2,-48.39
429,CA-2012-124800,2012-09-26,2012-09-30,Rick Wilson,United States,Mesa,Arizona,Appliances,3M Replacement Filter for Office Air Cleaner for 20' x 33' Room,60.67,2,14.41
430,CA-2012-124800,2012-09-26,2012-09-30,Rick Wilson,United States,Mesa,Arizona,Binders,Lock-Up Easel 'Spel-Binder',77.03,9,-59.06
431,CA-2012-124800,2012-09-26,2012-09-30,Rick Wilson,United States,Mesa,Arizona,Storage,2300 Heavy-Duty Transfer File Systems by Perma,119.9,6,-1.5
432,CA-2012-124800,2012-09-26,2012-09-30,Rick Wilson,United States,Mesa,Arizona,Phones,Samsung Rugby III,263.96,5,23.1
433,CA-2012-124800,2012-09-26,2012-09-30,Rick Wilson,United States,Mesa,Arizona,Storage,SAFCO Boltless Steel Shelving,363.65,4,-86.37
434,US-2012-164448,2012-10-31,2012-11-04,Damala Kotsonis,United States,Salinas,California,Binders,Prestige Round Ring Binders,9.73,2,3.28
435,US-2012-164448,2012-10-31,2012-11-04,Damala Kotsonis,United States,Salinas,California,Envelopes,"Redi-Strip #10 Envelopes, 4 1/8 x 9 1/2",14.75,5,7.08
436,US-2012-164448,2012-10-31,2012-11-04,Damala Kotsonis,United States,Salinas,California,Binders,"Acco Four Pocket Poly Ring Binder with Label Holder, Smoke, 1""",29.8,5,9.31
437,US-2012-164448,2012-10-31,2012-11-04,Damala Kotsonis,United States,Salinas,California,Labels,"Avery 4027 File Folder Labels for Dot Matrix Printers, 5000 Labels per Box, White",427.42,14,196.61
438,US-2013-153129,2013-12-27,2013-12-31,Frank Preis,United States,Seattle,Washington,Paper,Strathmore Photo Mount Cards,33.9,5,15.59
439,CA-2014-128160,2014-12-20,2014-12-25,Michael Moore,United States,San Francisco,California,Binders,Deluxe Heavy-Duty Vinyl Round Ring Binder,36.67,2,11.46
440,CA-2012-166135,2012-10-01,2012-10-06,Shaun Chance,United States,Aurora,Colorado,Storage,"Trav-L-File Heavy-Duty Shuttle II, Black",139.42,4,17.43
441,CA-2012-145821,2012-05-01,2012-05-07,Jennifer Braxton,United States,Los Angeles,California,Phones,OtterBox Defender Series Case - iPhone 5c,88.75,3,11.09
442,US-2012-160150,2012-07-19,2012-07-20,Thais Sissman,United States,Phoenix,Arizona,Binders,Wilson Jones DublLock D-Ring Binders,2.03,1,-1.35
443,CA-2012-119907,2012-12-01,2012-12-08,Logan Currie,United States,Seattle,Washington,Binders,Wilson Jones Heavy-Duty Casebound Ring Binders with Metal Hinges,55.42,2,19.4
444,CA-2011-151708,2011-08-08,2011-08-14,Maria Bertelson,United States,Glendale,Arizona,Furnishings,"Eldon Delta Triangular Chair Mat, 52"" x 58"", Clear",121.38,4,-3.03
445,CA-2011-151708,2011-08-08,2011-08-14,Maria Bertelson,United States,Glendale,Arizona,Accessories,SanDisk Ultra 64 GB MicroSDHC Class 10 Memory Card,95.98,3,-10.8
446,CA-2014-164959,2014-07-12,2014-07-16,Katherine Nockton,United States,Los Angeles,California,Labels,Avery 482,8.67,3,4.07
447,CA-2014-121468,2014-11-20,2014-11-21,Katherine Ducich,United States,Westminster,California,Phones,Square Credit Card Reader,31.97,4,2.4
448,US-2013-108455,2013-12-03,2013-12-09,Mike Kennedy,United States,San Francisco,California,Paper,Xerox 192,25.92,4,12.44
449,US-2013-108455,2013-12-03,2013-12-09,Mike Kennedy,United States,San Francisco,California,Paper,HP Office Recycled Paper (20Lb. and 87 Bright),40.46,7,19.83
450,US-2013-108455,2013-12-03,2013-12-09,Mike Kennedy,United States,San Francisco,California,Storage,X-Rack File for Hanging Folders,33.87,3,8.81
451,US-2013-108098,2013-10-15,2013-10-19,Christine Phan,United States,Seattle,Washington,Accessories,WD My Passport Ultra 500GB Portable External Hard Drive,177.0,3,30.09
452,CA-2012-140410,2012-11-03,2012-11-07,Corinna Mitchell,United States,Los Angeles,California,Phones,Cisco IP Phone 7961G-GE VoIP phone,1212.85,7,106.12
453,CA-2012-140410,2012-11-03,2012-11-07,Corinna Mitchell,United States,Los Angeles,California,Accessories,Logitech Trackman Marble Mouse,89.97,3,37.79
454,CA-2012-140410,2012-11-03,2012-11-07,Corinna Mitchell,United States,Los Angeles,California,Furnishings,Coloredge Poster Frame,42.6,3,16.61
455,CA-2014-139661,2014-10-31,2014-11-04,Jane Waco,United States,Vancouver,Washington,Furnishings,Magna Visual Magnetic Picture Hangers,9.64,2,3.66
456,CA-2013-141586,2013-10-18,2013-10-21,Neil Knudson,United States,San Francisco,California,Binders,"Avery Durable Plastic 1"" Binders",18.16,5,6.58
457,CA-2013-100468,2013-11-25,2013-12-02,Alyssa Tate,United States,Los Angeles,California,Phones,"iKross Bluetooth Portable Keyboard + Cell Phone Stand Holder + Brush for Apple iPhone 5S 5C 5, 4S 4",33.52,2,3.35
458,CA-2013-100468,2013-11-25,2013-12-02,Alyssa Tate,United States,Los Angeles,California,Furnishings,"DAX Value U-Channel Document Frames, Easel Back",9.94,2,3.08
459,CA-2012-153388,2012-08-01,2012-08-07,Pauline Chand,United States,Los Angeles,California,Art,Prang Dustless Chalk Sticks,6.72,4,3.36
460,CA-2012-153388,2012-08-01,2012-08-07,Pauline Chand,United States,Los Angeles,California,Tables,Hon 2111 Invitation Series Corner Table,1004.98,6,-175.87
461,CA-2014-103611,2014-09-13,2014-09-16,Jessica Myrick,United States,Los Angeles,California,Furnishings,"Eldon Image Series Desk Accessories, Burgundy",8.36,2,3.01
462,CA-2014-100384,2014-06-25,2014-07-02,Nicole Hansen,United States,Pomona,California,Art,Boston Heavy-Duty Trimline Electric Pencil Sharpeners,385.6,8,111.82
463,CA-2014-100384,2014-06-25,2014-07-02,Nicole Hansen,United States,Pomona,California,Art,4009 Highlighters by Sanford,35.82,9,11.82
464,CA-2014-148446,2014-12-11,2014-12-15,Michael Chen,United States,North Las Vegas,Nevada,Tables,Bretford Just In Time Height-Adjustable Multi-Task Work Tables,1669.6,4,116.87
465,CA-2011-111059,2011-02-04,2011-02-07,Tom Boeckenhauer,United States,Seattle,Washington,Binders,Ibico Laser Imprintable Binding System Covers,83.84,2,27.25
466,CA-2011-111059,2011-02-04,2011-02-07,Tom Boeckenhauer,United States,Seattle,Washington,Binders,Avery Durable Poly Binders,13.27,3,4.31
467,CA-2014-116204,2014-02-12,2014-02-15,Victoria Wilson,United States,San Francisco,California,Binders,"Acco Pressboard Covers with Storage Hooks, 14 7/8"" x 11"", Dark Blue",21.34,7,7.73
468,CA-2012-144806,2012-12-06,2012-12-11,Gary Hwang,United States,Tucson,Arizona,Furnishings,"Howard Miller 13"" Diameter Pewter Finish Round Wall Clock",206.11,6,48.95
469,CA-2012-144806,2012-12-06,2012-12-11,Gary Hwang,United States,Tucson,Arizona,Paper,Xerox 1970,19.92,5,6.72
470,CA-2012-144806,2012-12-06,2012-12-11,Gary Hwang,United States,Tucson,Arizona,Paper,Xerox 1960,198.27,8,61.96
471,CA-2012-144806,2012-12-06,2012-12-11,Gary Hwang,United States,Tucson,Arizona,Storage,"Belkin 19"" Vented Equipment Shelf, Black",247.1,6,-58.69
472,CA-2012-144806,2012-12-06,2012-12-11,Gary Hwang,United States,Tucson,Arizona,Art,"BOSTON Model 1800 Electric Pencil Sharpeners, Putty/Woodgrain",86.3,6,9.71
473,CA-2014-159884,2014-09-01,2014-09-06,Jeremy Farry,United States,Tempe,Arizona,Storage,"Neat Ideas Personal Hanging Folder Files, Black",10.74,1,0.81
474,CA-2014-159884,2014-09-01,2014-09-06,Jeremy Farry,United States,Tempe,Arizona,Fasteners,OIC Bulk Pack Metal Binder Clips,8.38,3,2.72
475,CA-2014-124086,2014-02-11,2014-02-15,Mike Pelletier,United States,Laguna Niguel,California,Bookcases,"Bush Andora Bookcase, Maple/Graphite Gray Finish",203.98,2,16.8
476,CA-2011-107181,2011-02-05,2011-02-09,Deborah Brumfield,United States,San Diego,California,Binders,GBC Recycled Grain Textured Covers,82.9,3,29.01
477,CA-2011-107181,2011-02-05,2011-02-09,Deborah Brumfield,United States,San Diego,California,Paper,"Message Book, Standard Line ""While You Were Out"", 5 1/2"" X 4"", 200 Sets/Book",34.24,4,16.09
478,CA-2013-159345,2013-06-18,2013-06-23,Ivan Gibson,United States,San Diego,California,Paper,Xerox 1934,111.96,2,54.86
479,CA-2012-111507,2012-02-06,2012-02-13,Victoria Wilson,United States,Bellevue,Washington,Art,Newell 310,5.28,3,1.53
480,CA-2012-112116,2012-03-16,2012-03-18,Jeremy Ellison,United States,Seattle,Washington,Tables,KI Adjustable-Height Table,171.96,2,44.71
481,CA-2013-126809,2013-04-10,2013-04-14,Edward Becker,United States,Seattle,Washington,Binders,"Acco Pressboard Covers with Storage Hooks, 14 7/8"" x 11"", Light Blue",35.35,9,12.82
482,CA-2011-105172,2011-04-04,2011-04-09,Paul Knutson,United States,San Francisco,California,Labels,Avery 518,18.9,6,9.07
483,CA-2014-107293,2014-09-06,2014-09-07,Christopher Schild,United States,Seattle,Washington,Art,Newell 333,2.78,1,0.72
484,CA-2012-132101,2012-03-19,2012-03-25,Jesus Ocampo,United States,Seattle,Washington,Phones,Wireless Extenders zBoost YX545 SOHO Signal Booster,453.58,3,39.69
485,US-2014-152002,2014-06-12,2014-06-12,Dianna Vittorini,United States,Los Angeles,California,Paper,"White Dual Perf Computer Printout Paper, 2700 Sheets, 1 Part, Heavyweight, 20 lbs., 14 7/8 x 11",122.97,3,60.26
486,US-2011-157385,2011-11-23,2011-11-25,Sanjit Chand,United States,Los Angeles,California,Chairs,Novimex Swivel Fabric Task Chair,603.92,5,-67.94
487,US-2011-157385,2011-11-23,2011-11-25,Sanjit Chand,United States,Los Angeles,California,Envelopes,Pastel Pink Envelopes,21.84,3,10.48
488,US-2011-157385,2011-11-23,2011-11-25,Sanjit Chand,United States,Los Angeles,California,Accessories,Belkin F8E887 USB Wired Ergonomic Keyboard,29.99,1,6.3
489,US-2011-157385,2011-11-23,2011-11-25,Sanjit Chand,United States,Los Angeles,California,Chairs,Safco Contoured Stacking Chairs,381.44,2,23.84
490,CA-2012-122826,2012-06-23,2012-06-25,Rick Duston,United States,Olympia,Washington,Phones,Pyle PRT45 Retro Home Telephone,201.57,4,22.68
491,CA-2011-117317,2011-10-19,2011-10-19,Jeremy Farry,United States,Los Angeles,California,Paper,Spiral Phone Message Books with Labels by Adams,13.44,3,6.59
492,US-2013-115819,2013-04-20,2013-04-25,Jas O'Carroll,United States,Los Angeles,California,Phones,PowerGen Dual USB Car Charger,39.96,5,12.99
493,US-2013-115819,2013-04-20,2013-04-25,Jas O'Carroll,United States,Los Angeles,California,Art,Newell 307,5.46,3,1.53
494,US-2013-115819,2013-04-20,2013-04-25,Jas O'Carroll,United States,Los Angeles,California,Art,Panasonic KP-4ABK Battery-Operated Pencil Sharpener,73.2,5,21.23
495,US-2013-115819,2013-04-20,2013-04-25,Jas O'Carroll,United States,Los Angeles,California,Binders,"Angle-D Binders with Locking Rings, Label Holders",5.84,1,1.97
496,US-2013-115819,2013-04-20,2013-04-25,Jas O'Carroll,United States,Los Angeles,California,Paper,"Adams Telephone Message Book W/Dividers/Space For Phone Numbers, 5 1/4""X8 1/2"", 200/Messages",22.72,4,10.22
497,US-2013-115819,2013-04-20,2013-04-25,Jas O'Carroll,United States,Los Angeles,California,Binders,Avery Binder Labels,9.34,3,3.27
498,CA-2011-156349,2011-05-26,2011-05-30,Marina Lichtenstein,United States,Los Angeles,California,Bookcases,Sauder Inglewood Library Bookcases,290.67,2,27.36
499,CA-2011-156349,2011-05-26,2011-05-30,Marina Lichtenstein,United States,Los Angeles,California,Phones,VTech DS6151,201.58,2,20.16
500,CA-2011-156349,2011-05-26,2011-05-30,Marina Lichtenstein,United States,Los Angeles,California,Phones,netTALK DUO VoIP Telephone Service,83.98,2,31.49
501,CA-2014-138380,2014-12-22,2014-12-26,Yana Sorensen,United States,Oakland,California,Storage,Letter Size Cart,1000.02,7,290.01
502,CA-2014-108560,2014-07-09,2014-07-16,Jenna Caffey,United States,Kent,Washington,Furnishings,"GE 48"" Fluorescent Tube, Cool White Energy Saver, 34 Watts, 30/Box",198.46,2,99.23
503,CA-2014-108560,2014-07-09,2014-07-16,Jenna Caffey,United States,Kent,Washington,Labels,"Dot Matrix Printer Tape Reel Labels, White, 5000/Box",786.48,8,385.38
504,CA-2014-108560,2014-07-09,2014-07-16,Jenna Caffey,United States,Kent,Washington,Binders,"GBC White Gloss Covers, Plain Front",23.17,2,7.82
505,CA-2014-108560,2014-07-09,2014-07-16,Jenna Caffey,United States,Kent,Washington,Accessories,Micro Innovations USB RF Wireless Keyboard with Mouse,50.0,2,10.5
506,CA-2012-157084,2012-12-19,2012-12-24,James Galang,United States,Los Angeles,California,Phones,ShoreTel ShorePhone IP 230 VoIP phone,675.96,5,84.5
507,CA-2012-157084,2012-12-19,2012-12-24,James Galang,United States,Los Angeles,California,Accessories,Plantronics Savi W720 Multi-Device Wireless Headset System,1265.85,3,556.97
508,CA-2011-168984,2011-11-26,2011-12-02,Natalie Webber,United States,Tigard,Oregon,Paper,Xerox 2,15.55,3,5.44
509,CA-2011-168984,2011-11-26,2011-12-02,Natalie Webber,United States,Tigard,Oregon,Storage,Office Impressions Heavy Duty Welded Shelving & Multimedia Storage Drawers,669.08,5,-167.27
510,CA-2011-168984,2011-11-26,2011-12-02,Natalie Webber,United States,Tigard,Oregon,Phones,Jawbone MINI JAMBOX Wireless Bluetooth Speaker,438.34,4,-87.67
511,CA-2012-111829,2012-03-19,2012-03-20,Fred Hopkins,United States,Seattle,Washington,Storage,Deluxe Rollaway Locking File with Drawer,1247.64,3,349.34
512,CA-2012-111829,2012-03-19,2012-03-20,Fred Hopkins,United States,Seattle,Washington,Copiers,Canon PC940 Copier,3149.93,7,1480.47
513,CA-2012-111829,2012-03-19,2012-03-20,Fred Hopkins,United States,Seattle,Washington,Paper,Multicolor Computer Printout Paper,209.7,2,100.66
514,CA-2011-135699,2011-08-29,2011-08-29,Hilary Holden,United States,San Francisco,California,Paper,Xerox 1940,109.92,2,53.86
515,CA-2011-135699,2011-08-29,2011-08-29,Hilary Holden,United States,San Francisco,California,Paper,Xerox 1986,13.36,2,6.41
516,US-2014-132444,2014-11-19,2014-11-22,Christina DeMoss,United States,Seattle,Washington,Storage,Eldon Portable Mobile Manager,169.68,6,45.81
517,US-2014-132444,2014-11-19,2014-11-22,Christina DeMoss,United States,Seattle,Washington,Accessories,Imation 16GB Mini TravelDrive USB 2.0 Flash Drive,132.52,4,54.33
518,US-2014-132444,2014-11-19,2014-11-22,Christina DeMoss,United States,Seattle,Washington,Fasteners,Binder Clips by OIC,2.96,2,1.42
519,US-2014-132444,2014-11-19,2014-11-22,Christina DeMoss,United States,Seattle,Washington,Binders,"Wilson Jones 1"" Hanging DublLock Ring Binders",8.45,2,2.96
520,US-2014-132444,2014-11-19,2014-11-22,Christina DeMoss,United States,Seattle,Washington,Storage,Fellowes Bankers Box Stor/Drawer Steel Plus,95.94,3,9.59
521,CA-2014-161809,2014-01-21,2014-01-27,Thea Hendricks,United States,Los Angeles,California,Phones,RCA Visys Integrated PBX 8-Line Router,160.78,3,10.05
522,CA-2014-127285,2014-10-31,2014-11-07,Michelle Moray,United States,Seattle,Washington,Binders,"GBC Velobind Prepunched Cover Sets, Regency Series",88.75,3,27.74
523,CA-2014-127285,2014-10-31,2014-11-07,Michelle Moray,United States,Seattle,Washington,Binders,Cardinal Slant-D Ring Binders,13.9,2,5.21
524,CA-2013-107615,2013-03-23,2013-03-26,Robert Barroso,United States,North Las Vegas,Nevada,Accessories,Logitech ClearChat Comfort/USB Headset H390,58.58,2,19.33
525,CA-2013-122728,2013-05-19,2013-05-25,Eric Barreto,United States,San Francisco,California,Storage,Home/Office Personal File Carts,104.28,3,26.07
526,CA-2013-122728,2013-05-19,2013-05-25,Eric Barreto,United States,San Francisco,California,Paper,Universal Premium White Copier/Laser Paper (20Lb. and 87 Bright),17.94,3,8.79
527,US-2013-101497,2013-09-30,2013-10-02,Pamela Stobb,United States,Los Angeles,California,Paper,Xerox 1887,18.97,1,9.11
528,CA-2013-147585,2013-11-08,2013-11-13,Claudia Bergmann,United States,San Francisco,California,Furnishings,"C-Line Magnetic Cubicle Keepers, Clear Polypropylene",14.82,3,6.22
529,CA-2012-148376,2012-12-27,2012-12-31,Arthur Gainer,United States,Los Angeles,California,Appliances,Belkin F9G930V10-GRY 9 Outlet Surge,106.96,2,31.02
530,CA-2012-148376,2012-12-27,2012-12-31,Arthur Gainer,United States,Los Angeles,California,Labels,Avery 497,21.56,7,10.35
531,CA-2011-135657,2011-06-03,2011-06-07,Steven Cartwright,United States,Seattle,Washington,Tables,KI Adjustable-Height Table,515.88,6,113.49
532,CA-2011-139857,2011-02-03,2011-02-07,Cynthia Delaney,United States,San Diego,California,Fasteners,Staples,12.35,5,5.8
533,CA-2013-106306,2013-03-09,2013-03-09,Patrick Gardner,United States,Glendale,Arizona,Binders,"GBC Standard Recycled Report Covers, Clear Plastic Sheets",9.7,3,-7.11
534,CA-2014-123491,2014-10-31,2014-11-06,Jamie Kunitz,United States,San Francisco,California,Labels,Avery 500,43.86,6,20.61
535,CA-2014-123491,2014-10-31,2014-11-06,Jamie Kunitz,United States,San Francisco,California,Phones,Geemarc AmpliPOWER60,148.48,2,16.7
536,CA-2014-123491,2014-10-31,2014-11-06,Jamie Kunitz,United States,San Francisco,California,Paper,"""While you Were Out"" Message Book, One Form per Page",7.42,2,3.71
537,CA-2014-123491,2014-10-31,2014-11-06,Jamie Kunitz,United States,San Francisco,California,Chairs,"Global Leather Task Chair, Black",71.99,1,-0.9
538,CA-2014-123491,2014-10-31,2014-11-06,Jamie Kunitz,United States,San Francisco,California,Art,4009 Highlighters by Sanford,19.9,5,6.57
539,CA-2014-123491,2014-10-31,2014-11-06,Jamie Kunitz,United States,San Francisco,California,Appliances,"Acco 7-Outlet Masterpiece Power Center, Wihtout Fax/Phone Line Protection",1702.12,14,510.64
540,CA-2014-104003,2014-10-08,2014-10-14,Debra Catini,United States,San Francisco,California,Bookcases,O'Sullivan Manor Hill 2-Door Library in Brianna Oak,307.67,2,-14.48
541,CA-2012-130204,2012-09-03,2012-09-09,David Bremer,United States,San Francisco,California,Storage,Sterilite Officeware Hinged File Box,31.44,3,8.49
542,CA-2012-130204,2012-09-03,2012-09-09,David Bremer,United States,San Francisco,California,Accessories,Kingston Digital DataTraveler 16GB USB 2.0,17.9,2,3.4
543,CA-2012-130204,2012-09-03,2012-09-09,David Bremer,United States,San Francisco,California,Accessories,"TRENDnet 56K USB 2.0 Phone, Internet and Fax Modem",129.45,5,46.6
544,CA-2011-110527,2011-08-09,2011-08-16,Emily Ducich,United States,San Diego,California,Labels,Avery 494,20.88,8,9.6
545,CA-2014-168837,2014-10-15,2014-10-18,Joni Wasserman,United States,Oakland,California,Furnishings,C-Line Cubicle Keepers Polyproplyene Holder With Velcro Backings,9.46,2,3.69
546,CA-2014-116715,2014-12-03,2014-12-06,Victoria Wilson,United States,San Francisco,California,Storage,"Fellowes Mobile File Cart, Black",559.62,9,151.1
547,CA-2014-116715,2014-12-03,2014-12-06,Victoria Wilson,United States,San Francisco,California,Paper,Xerox 1940,109.92,2,53.86
548,CA-2014-116715,2014-12-03,2014-12-06,Victoria Wilson,United States,San Francisco,California,Paper,Xerox 1962,8.56,2,3.85
549,CA-2012-130785,2012-09-05,2012-09-09,Arthur Gainer,United States,San Diego,California,Bookcases,"Sauder Camden County Barrister Bookcase, Planked Cherry Finish",411.33,4,-4.84
550,CA-2012-130785,2012-09-05,2012-09-09,Arthur Gainer,United States,San Diego,California,Binders,"DXL Angle-View Binders with Locking Rings, Black",28.75,6,9.7
551,CA-2012-130785,2012-09-05,2012-09-09,Arthur Gainer,United States,San Diego,California,Bookcases,"Sauder Camden County Collection Libraries, Planked Cherry Finish",293.2,3,-20.7
552,CA-2012-105347,2012-11-24,2012-11-28,Darren Powers,United States,Los Angeles,California,Paper,Xerox 1919,368.91,9,180.77
553,CA-2012-105347,2012-11-24,2012-11-28,Darren Powers,United States,Los Angeles,California,Art,Prang Colored Pencils,14.7,5,6.62
554,CA-2013-100965,2013-07-08,2013-07-12,Raymond Messe,United States,San Jose,California,Furnishings,"Howard Miller 11-1/2"" Diameter Grantwood Wall Clock",215.65,5,73.32
555,CA-2013-149461,2013-11-14,2013-11-20,Adrian Shami,United States,Auburn,Washington,Furnishings,"Eldon Image Series Desk Accessories, Burgundy",4.18,1,1.5
556,US-2013-116729,2013-12-26,2013-12-29,Grace Kelly,United States,Los Angeles,California,Phones,Samsung Galaxy Note 2,2575.94,7,257.59
557,US-2013-116729,2013-12-26,2013-12-29,Grace Kelly,United States,Los Angeles,California,Paper,Xerox 225,45.36,7,21.77
558,US-2013-116729,2013-12-26,2013-12-29,Grace Kelly,United States,Los Angeles,California,Accessories,SanDisk Cruzer 64 GB USB Flash Drive,254.24,7,76.27
559,CA-2012-131597,2012-09-14,2012-09-18,Stefania Perrino,United States,Los Angeles,California,Tables,KI Conference Tables,170.14,3,-8.51
560,CA-2012-164833,2012-06-04,2012-06-04,Lauren Leatherbury,United States,Seattle,Washington,Labels,Avery 501,7.38,2,3.47
561,CA-2012-164833,2012-06-04,2012-06-04,Lauren Leatherbury,United States,Seattle,Washington,Art,"Binney & Smith Crayola Metallic Colored Pencils, 8-Color Set",9.26,2,3.06
562,CA-2012-125423,2012-12-13,2012-12-15,Matt Collins,United States,Los Angeles,California,Labels,Avery 513,9.96,2,4.58
563,CA-2013-167507,2013-12-23,2013-12-29,Sue Ann Reed,United States,Redmond,Oregon,Binders,"Avery 3 1/2"" Diskette Storage Pages, 10/Pack",31.32,10,-25.06
564,CA-2013-167507,2013-12-23,2013-12-29,Sue Ann Reed,United States,Redmond,Oregon,Furnishings,3M Hangers With Command Adhesive,11.84,4,3.11
565,CA-2013-167507,2013-12-23,2013-12-29,Sue Ann Reed,United States,Redmond,Oregon,Furnishings,"Seth Thomas 14"" Day/Date Wall Clock",22.78,1,4.84
566,US-2014-113852,2014-07-30,2014-08-03,Giulietta Weimer,United States,Seattle,Washington,Accessories,Imation 8GB Mini TravelDrive USB 2.0 Flash Drive,90.57,3,11.77
567,CA-2014-128370,2014-09-11,2014-09-11,Frank Hawley,United States,Los Angeles,California,Chairs,DMI Arturo Collection Mission-style Design Wood Chair,362.35,3,27.18
568,CA-2014-128370,2014-09-11,2014-09-11,Frank Hawley,United States,Los Angeles,California,Binders,Avery Non-Stick Binders,7.18,2,2.25
569,CA-2011-114643,2011-06-13,2011-06-17,Filia McAdams,United States,Los Angeles,California,Fasteners,Staples,14.52,3,4.79
570,US-2013-100839,2013-10-14,2013-10-18,Noah Childs,United States,Aurora,Colorado,Tables,Hon 5100 Series Wood Tables,727.45,5,-465.57
571,US-2013-100839,2013-10-14,2013-10-18,Noah Childs,United States,Aurora,Colorado,Furnishings,"Executive Impressions 8-1/2"" Career Panel/Partition Cubicle Clock",24.96,3,4.37
572,CA-2014-118857,2014-04-16,2014-04-19,Adam Hart,United States,Henderson,Nevada,Furnishings,"Howard Miller 12"" Round Wall Clock",196.45,5,70.72
573,CA-2013-148201,2013-08-27,2013-08-30,Charles Crestani,United States,Seattle,Washington,Paper,Xerox 1931,6.48,1,3.11
574,CA-2011-116932,2011-07-21,2011-07-25,Michelle Ellison,United States,San Francisco,California,Art,Newell 334,99.2,5,25.79
575,CA-2011-116932,2011-07-21,2011-07-25,Michelle Ellison,United States,San Francisco,California,Chairs,Global Troy Executive Leather Low-Back Tilter,801.57,2,50.1
576,CA-2011-116932,2011-07-21,2011-07-25,Michelle Ellison,United States,San Francisco,California,Tables,"Hon 30"" x 60"" Table with Locking Drawer",272.85,1,27.28
577,CA-2014-142888,2014-11-22,2014-11-26,Benjamin Patterson,United States,Spokane,Washington,Tables,Safco Drafting Table,70.98,1,20.58
578,CA-2014-118885,2014-12-30,2015-01-03,James Galang,United States,Los Angeles,California,Chairs,"Global High-Back Leather Tilter, Burgundy",393.57,4,-44.28
579,CA-2014-118885,2014-12-30,2015-01-03,James Galang,United States,Los Angeles,California,Phones,Adtran 1202752G1,302.38,3,22.68
580,CA-2013-147578,2013-04-23,2013-04-27,Paul Gonzalez,United States,San Francisco,California,Furnishings,Ultra Door Pull Handle,31.56,3,10.41
581,CA-2011-157623,2011-03-14,2011-03-18,Dean Katz,United States,Huntington Beach,California,Paper,Xerox 1972,10.56,2,4.75
582,CA-2011-157623,2011-03-14,2011-03-18,Dean Katz,United States,Huntington Beach,California,Art,Avery Hi-Liter Fluorescent Desk Style Markers,3.38,1,1.25
583,CA-2013-100083,2013-11-25,2013-11-30,Carol Darley,United States,Medford,Oregon,Paper,"IBM Multi-Purpose Copy Paper, 8 1/2 x 11"", Case",24.78,1,7.75
584,CA-2012-109197,2012-12-31,2013-01-04,Jas O'Carroll,United States,Missoula,Montana,Binders,Ibico Hi-Tech Manual Binding System,487.98,2,152.5
585,CA-2014-167094,2014-10-22,2014-10-23,Damala Kotsonis,United States,Springfield,Oregon,Paper,Xerox 218,5.18,1,1.81
586,CA-2014-167094,2014-10-22,2014-10-23,Damala Kotsonis,United States,Springfield,Oregon,Chairs,Global Comet Stacking Armless Chair,478.48,2,47.85
587,CA-2014-167094,2014-10-22,2014-10-23,Damala Kotsonis,United States,Springfield,Oregon,Accessories,Memorex Froggy Flash Drive 8 GB,28.4,2,6.75
588,CA-2012-157959,2012-02-03,2012-02-04,Rick Wilson,United States,Los Angeles,California,Furnishings,Hand-Finished Solid Wood Document Frame,136.92,4,41.08
589,CA-2013-105963,2013-11-16,2013-11-23,Stewart Carmichael,United States,Los Angeles,California,Accessories,Imation 16GB Mini TravelDrive USB 2.0 Flash Drive,99.39,3,40.75
590,CA-2014-126865,2014-12-06,2014-12-08,Naresj Patel,United States,San Diego,California,Paper,Xerox 1960,92.94,3,41.82
591,CA-2014-102834,2014-03-10,2014-03-14,Lindsay Williams,United States,San Francisco,California,Accessories,Logitech Wireless Headset h800,199.98,2,69.99
592,US-2013-139710,2013-06-10,2013-06-16,Greg Matthias,United States,Los Angeles,California,Phones,Avaya 4621SW VoIP phone,177.48,3,19.97
593,CA-2014-121538,2014-11-29,2014-12-02,Rick Hansen,United States,Denver,Colorado,Paper,"Eaton Premium Continuous-Feed Paper, 25% Cotton, Letter Size, White, 1000 Shts/Box",88.77,2,31.07
594,US-2014-101539,2014-03-17,2014-03-19,Valerie Mitchum,United States,Seattle,Washington,Paper,Xerox 214,6.48,1,3.11
595,US-2014-101539,2014-03-17,2014-03-19,Valerie Mitchum,United States,Seattle,Washington,Storage,Safco Commercial Shelving,46.51,1,1.86
596,US-2014-101539,2014-03-17,2014-03-19,Valerie Mitchum,United States,Seattle,Washington,Phones,Mitel MiVoice 5330e IP Phone,659.98,3,49.5
597,CA-2013-152121,2013-11-28,2013-11-30,Craig Carreira,United States,Scottsdale,Arizona,Phones,Motorola Moto X,271.99,1,23.8
598,CA-2014-101245,2014-11-28,2014-12-04,Lindsay Williams,United States,San Francisco,California,Paper,Tops White Computer Printout Paper,244.55,5,114.94
599,CA-2014-101245,2014-11-28,2014-12-04,Lindsay Williams,United States,San Francisco,California,Accessories,Enermax Briskie RF Wireless Keyboard and Mouse Combo,166.16,8,59.82
600,CA-2012-141768,2012-05-25,2012-05-27,Nora Pelletier,United States,San Francisco,California,Furnishings,Ultra Door Push Plate,14.73,3,4.86
601,CA-2013-112109,2013-07-09,2013-07-13,Joe Elijah,United States,Broomfield,Colorado,Binders,GBC Twin Loop Wire Binding Elements,19.97,2,-13.31
602,CA-2013-112109,2013-07-09,2013-07-13,Joe Elijah,United States,Broomfield,Colorado,Storage,"Perma STOR-ALL Hanging File Box, 13 1/8""W x 12 1/4""D x 10 1/2""H",33.49,7,-1.26
603,CA-2013-112109,2013-07-09,2013-07-13,Joe Elijah,United States,Broomfield,Colorado,Binders,Wilson Jones Active Use Binders,8.74,4,-6.12
604,CA-2013-112109,2013-07-09,2013-07-13,Joe Elijah,United States,Broomfield,Colorado,Chairs,SAFCO Arco Folding Chair,662.88,3,74.57
605,CA-2012-109939,2012-05-08,2012-05-12,Allen Armold,United States,Salem,Oregon,Art,Newell 321,5.25,2,0.59
606,CA-2013-112669,2013-04-15,2013-04-15,Kean Takahito,United States,Glendale,Arizona,Chairs,Hon 4070 Series Pagoda Armless Upholstered Stacking Chairs,933.54,4,105.02
607,CA-2013-112669,2013-04-15,2013-04-15,Kean Takahito,United States,Glendale,Arizona,Storage,"Fellowes Personal Hanging Folder Files, Navy",42.98,4,4.3
608,CA-2011-164721,2011-11-25,2011-11-27,Laurel Workman,United States,Brentwood,California,Appliances,Belkin F9G930V10-GRY 9 Outlet Surge,320.88,6,93.06
609,CA-2011-164721,2011-11-25,2011-11-27,Laurel Workman,United States,Brentwood,California,Fasteners,Staples,23.88,3,10.51
610,CA-2011-164721,2011-11-25,2011-11-27,Laurel Workman,United States,Brentwood,California,Paper,"Wirebound Message Books, Four 2 3/4 x 5 White Forms per Page",26.76,4,12.31
611,CA-2014-133648,2014-06-26,2014-07-03,Max Ludwig,United States,Springfield,Oregon,Labels,Alphabetical Labels for Top Tab Filing,71.04,6,26.64
612,CA-2014-133648,2014-06-26,2014-07-03,Max Ludwig,United States,Springfield,Oregon,Art,"Eldon Spacemaker Box, Quick-Snap Lid, Clear",5.34,2,0.73
613,CA-2014-133648,2014-06-26,2014-07-03,Max Ludwig,United States,Springfield,Oregon,Fasteners,Plymouth Boxed Rubber Bands by Plymouth,11.3,3,-2.12
614,CA-2014-166128,2014-04-12,2014-04-19,Luke Weiss,United States,Pasadena,California,Accessories,SanDisk Ultra 64 GB MicroSDHC Class 10 Memory Card,199.95,5,21.99
615,CA-2014-166128,2014-04-12,2014-04-19,Luke Weiss,United States,Pasadena,California,Art,"Dixon Ticonderoga Erasable Colored Pencil Set, 12-Color",41.86,7,14.23
616,CA-2012-113110,2012-03-19,2012-03-23,Berenike Kampe,United States,San Bernardino,California,Binders,GBC Imprintable Covers,17.57,2,6.37
617,CA-2012-113110,2012-03-19,2012-03-23,Berenike Kampe,United States,San Bernardino,California,Labels,Self-Adhesive Address Labels for Typewriters by Universal,14.62,2,6.87
618,CA-2012-113110,2012-03-19,2012-03-23,Berenike Kampe,United States,San Bernardino,California,Supplies,Acme Elite Stainless Steel Scissors,33.36,4,8.67
619,CA-2012-113110,2012-03-19,2012-03-23,Berenike Kampe,United States,San Bernardino,California,Paper,"Wirebound Message Books, 5-1/2 x 4 Forms, 2 or 4 Forms per Page",40.14,6,19.67
620,US-2014-111241,2014-08-21,2014-08-23,Gene McClure,United States,Fresno,California,Binders,GBC Recycled Regency Composition Covers,239.12,5,77.71
621,CA-2012-114237,2012-03-13,2012-03-15,Marc Crier,United States,Seattle,Washington,Bookcases,"Safco Value Mate Series Steel Bookcases, Baked Enamel Finish on Steel, Gray",141.96,2,39.75
622,CA-2013-113516,2013-09-09,2013-09-11,Valerie Mitchum,United States,Lancaster,California,Binders,"Square Ring Data Binders, Rigid 75 Pt. Covers, 11"" x 14-7/8""",33.02,2,11.56
623,CA-2013-113516,2013-09-09,2013-09-11,Valerie Mitchum,United States,Lancaster,California,Binders,Premium Transparent Presentation Covers by GBC,67.14,4,23.5
624,CA-2012-119214,2012-01-23,2012-01-27,Carl Weiss,United States,Bozeman,Montana,Paper,"Wirebound Service Call Books, 5 1/2"" x 4""",29.04,3,13.94
625,CA-2012-119214,2012-01-23,2012-01-27,Carl Weiss,United States,Bozeman,Montana,Labels,Avery 500,14.62,2,6.87
626,CA-2012-122287,2012-06-18,2012-06-23,Skye Norling,United States,Peoria,Arizona,Paper,Xerox 1922,11.95,3,4.33
627,CA-2012-122287,2012-06-18,2012-06-23,Skye Norling,United States,Peoria,Arizona,Binders,Peel & Stick Add-On Corner Pockets,4.54,7,-3.33
628,CA-2012-122287,2012-06-18,2012-06-23,Skye Norling,United States,Peoria,Arizona,Binders,Aluminum Screw Posts,9.16,2,-6.1
629,CA-2012-122287,2012-06-18,2012-06-23,Skye Norling,United States,Peoria,Arizona,Furnishings,Flat Face Poster Frame,75.36,5,20.72
630,CA-2012-104493,2012-10-02,2012-10-08,Ed Braxton,United States,San Diego,California,Binders,GBC Personal VeloBind Strips,57.5,6,20.13
631,CA-2011-106439,2011-10-31,2011-11-04,Greg Guthrie,United States,Los Angeles,California,Fasteners,Staples,11.34,3,5.22
632,CA-2011-106439,2011-10-31,2011-11-04,Greg Guthrie,United States,Los Angeles,California,Storage,"Letter/Legal File Tote with Clear Snap-On Lid, Black Granite",80.3,5,20.88
633,CA-2011-106439,2011-10-31,2011-11-04,Greg Guthrie,United States,Los Angeles,California,Binders,"Avery Framed View Binder, EZD Ring (Locking), Navy, 1 1/2""",15.97,2,5.39
634,CA-2011-106439,2011-10-31,2011-11-04,Greg Guthrie,United States,Los Angeles,California,Paper,Xerox 1952,64.74,13,30.43
635,CA-2011-106439,2011-10-31,2011-11-04,Greg Guthrie,United States,Los Angeles,California,Binders,"Fellowes Twister Kit, Gray/Clear, 3/pkg",19.3,3,6.03
636,CA-2011-106439,2011-10-31,2011-11-04,Greg Guthrie,United States,Los Angeles,California,Storage,Tennsco Regal Shelving Units,405.64,4,12.17
637,CA-2011-106439,2011-10-31,2011-11-04,Greg Guthrie,United States,Los Angeles,California,Chairs,Novimex Fabric Task Chair,146.35,3,-9.15
638,CA-2011-106439,2011-10-31,2011-11-04,Greg Guthrie,United States,Los Angeles,California,Accessories,Maxell LTO Ultrium - 800 GB,251.91,9,47.86
639,CA-2011-106439,2011-10-31,2011-11-04,Greg Guthrie,United States,Los Angeles,California,Art,Newell 325,12.39,3,3.72
640,CA-2012-133452,2012-04-13,2012-04-19,Zuschuss Carroll,United States,Pomona,California,Accessories,Plantronics Audio 478 Stereo USB Headset,199.96,4,69.99
641,CA-2012-133452,2012-04-13,2012-04-19,Zuschuss Carroll,United States,Pomona,California,Tables,Hon 94000 Series Round Tables,710.83,3,-97.74
642,US-2014-110996,2014-11-21,2014-11-26,Kelly Andreada,United States,Ontario,California,Chairs,Novimex High-Tech Fabric Mesh Task Chair,283.92,5,-46.14
643,CA-2013-129693,2013-11-27,2013-12-03,Tamara Chand,United States,Seattle,Washington,Binders,Newell 3-Hole Punched Plastic Slotted Magazine Holders for Binders,7.31,2,2.56
644,CA-2014-122504,2014-11-08,2014-11-13,Deborah Brumfield,United States,Brentwood,California,Accessories,Anker Ultra-Slim Mini Bluetooth 3.0 Wireless Keyboard,59.97,3,13.79
645,CA-2014-122504,2014-11-08,2014-11-13,Deborah Brumfield,United States,Brentwood,California,Phones,"Plantronics CS 50-USB - headset - Convertible, Monaural",761.54,7,66.64
646,CA-2011-131051,2011-12-01,2011-12-05,Toby Ritter,United States,San Francisco,California,Furnishings,"Floodlight Indoor Halogen Bulbs, 1 Bulb per Pack, 60 Watts",58.2,3,28.52
647,CA-2012-120103,2012-12-24,2012-12-29,Maribeth Schnelling,United States,Phoenix,Arizona,Paper,Computer Printout Paper with Letter-Trim Perforations,106.23,7,37.18
648,CA-2012-120103,2012-12-24,2012-12-29,Maribeth Schnelling,United States,Phoenix,Arizona,Phones,ClearSounds CSC500 Amplified Spirit Phone Corded phone,111.98,2,11.2
649,CA-2012-120103,2012-12-24,2012-12-29,Maribeth Schnelling,United States,Phoenix,Arizona,Furnishings,Magna Visual Magnetic Picture Hangers,7.71,2,1.74
650,CA-2014-104647,2014-02-24,2014-03-02,Clytie Kelty,United States,Los Angeles,California,Paper,"Ampad Phone Message Book, Recycled, 400 Message Capacity, 5 ¾ x 11",37.44,6,16.85
651,CA-2012-139290,2012-10-26,2012-10-30,Maribeth Yedwab,United States,Rancho Cucamonga,California,Labels,Avery 507,5.76,2,2.65
652,CA-2012-149678,2012-04-13,2012-04-15,Anthony Witt,United States,Farmington,New Mexico,Supplies,Martin-Yale Premier Letter Opener,12.88,1,0.39
653,CA-2014-124401,2014-09-08,2014-09-13,Ruben Dartt,United States,Portland,Oregon,Storage,Hanging Personal Folder File,37.68,3,2.36
654,CA-2014-124401,2014-09-08,2014-09-13,Ruben Dartt,United States,Portland,Oregon,Accessories,Logitech Wireless Marathon Mouse M705,279.94,7,80.48
655,US-2011-140116,2011-03-10,2011-03-17,Kean Thornton,United States,Denver,Colorado,Storage,Tennsco 6- and 18-Compartment Lockers,636.41,3,-15.91
656,US-2011-140116,2011-03-10,2011-03-17,Kean Thornton,United States,Denver,Colorado,Art,"BOSTON Ranger #55 Pencil Sharpener, Black",83.17,4,9.36
657,CA-2011-123295,2011-07-18,2011-07-18,Adrian Hane,United States,Tucson,Arizona,Chairs,Office Star - Ergonomically Designed Knee Chair,259.14,4,-25.91
658,CA-2012-164882,2012-10-31,2012-10-31,Sandra Glassco,United States,Redlands,California,Paper,Xerox 191,19.98,1,9.39
659,CA-2012-164882,2012-10-31,2012-10-31,Sandra Glassco,United States,Redlands,California,Binders,GBC DocuBind P100 Manual Binding Machine,398.35,3,124.49
660,CA-2012-164882,2012-10-31,2012-10-31,Sandra Glassco,United States,Redlands,California,Art,Newell 308,5.04,3,1.26
661,CA-2012-164882,2012-10-31,2012-10-31,Sandra Glassco,United States,Redlands,California,Fasteners,OIC Bulk Pack Metal Binder Clips,17.45,5,8.03
662,CA-2012-164882,2012-10-31,2012-10-31,Sandra Glassco,United States,Redlands,California,Chairs,"Global Fabric Manager's Chair, Dark Gray",323.14,4,20.2
663,CA-2012-164882,2012-10-31,2012-10-31,Sandra Glassco,United States,Redlands,California,Supplies,Acme Tagit Stainless Steel Antibacterial Scissors,29.7,3,8.02
664,CA-2012-164882,2012-10-31,2012-10-31,Sandra Glassco,United States,Redlands,California,Phones,Polycom SoundStation2 EX Conference phone,1295.84,4,145.78
665,CA-2012-164882,2012-10-31,2012-10-31,Sandra Glassco,United States,Redlands,California,Storage,Mobile Personal File Cube,46.84,2,12.65
666,CA-2012-164882,2012-10-31,2012-10-31,Sandra Glassco,United States,Redlands,California,Bookcases,DMI Eclipse Executive Suite Bookcases,425.83,1,20.04
667,CA-2013-130267,2013-09-20,2013-09-24,Scot Wooten,United States,Stockton,California,Paper,"Xerox Color Copier Paper, 11"" x 17"", Ream",159.88,7,73.54
668,CA-2014-155460,2014-04-14,2014-04-16,Rob Williams,United States,Seattle,Washington,Paper,Xerox 4200 Series MultiUse Premium Copy Paper (20Lb. and 84 Bright),5.28,1,2.38
669,CA-2014-155460,2014-04-14,2014-04-16,Rob Williams,United States,Seattle,Washington,Binders,GBC DocuBind TL200 Manual Binding Machine,895.92,5,302.37
670,CA-2014-158246,2014-11-10,2014-11-12,Jennifer Braxton,United States,Sunnyvale,California,Chairs,"Global Leather Task Chair, Black",215.98,3,-2.7
671,CA-2011-141607,2011-12-12,2011-12-17,William Brown,United States,Concord,California,Furnishings,Eldon Advantage Chair Mats for Low to Medium Pile Carpets,43.31,1,4.33
672,CA-2013-111115,2013-07-26,2013-07-28,Larry Blacks,United States,Los Angeles,California,Fasteners,OIC Binder Clips,21.48,6,10.74
673,CA-2013-101938,2013-01-07,2013-01-12,Dianna Wilson,United States,Oakland,California,Art,Panasonic KP-350BK Electric Pencil Sharpener with Auto Stop,34.58,1,10.03
674,CA-2014-166296,2014-03-14,2014-03-20,Karen Ferguson,United States,Manteca,California,Paper,Multicolor Computer Printout Paper,314.55,3,150.98
675,CA-2011-152296,2011-08-01,2011-08-03,Ivan Liston,United States,San Francisco,California,Binders,Wilson Jones data.warehouse D-Ring Binders with DublLock,19.75,3,6.91
676,CA-2013-125738,2013-10-16,2013-10-22,Patrick Bzostek,United States,Salt Lake City,Utah,Paper,Xerox 1982,45.68,2,21.01
677,CA-2013-125738,2013-10-16,2013-10-22,Patrick Bzostek,United States,Salt Lake City,Utah,Paper,Xerox 1986,60.12,9,28.86
678,CA-2013-125738,2013-10-16,2013-10-22,Patrick Bzostek,United States,Salt Lake City,Utah,Binders,"Acco Data Flex Cable Posts For Top & Bottom Load Binders, 6"" Capacity",41.72,5,13.04
679,CA-2013-125738,2013-10-16,2013-10-22,Patrick Bzostek,United States,Salt Lake City,Utah,Paper,"Recycled Desk Saver Line ""While You Were Out"" Book, 5 1/2"" X 4""",71.6,8,32.94
680,CA-2014-124576,2014-08-02,2014-08-05,Heather Kirkland,United States,Salinas,California,Binders,GBC Prestige Therm-A-Bind Covers,54.9,2,18.53
681,CA-2013-118913,2013-06-26,2013-06-30,Alan Shonely,United States,Los Angeles,California,Appliances,Fellowes Mighty 8 Compact Surge Protector,60.81,3,17.03
682,CA-2013-128412,2013-12-11,2013-12-18,Arthur Prichep,United States,Seattle,Washington,Binders,GBC DocuBind P50 Personal Binding Machine,153.55,3,51.82
683,CA-2013-128412,2013-12-11,2013-12-18,Arthur Prichep,United States,Seattle,Washington,Appliances,Holmes HEPA Air Purifier,65.34,3,22.87
684,CA-2013-128412,2013-12-11,2013-12-18,Arthur Prichep,United States,Seattle,Washington,Paper,Xerox 1988,123.92,4,55.76
685,CA-2013-128412,2013-12-11,2013-12-18,Arthur Prichep,United States,Seattle,Washington,Appliances,Harmony HEPA Quiet Air Purifiers,35.1,3,12.29
686,CA-2013-128412,2013-12-11,2013-12-18,Arthur Prichep,United States,Seattle,Washington,Accessories,Kingston Digital DataTraveler 16GB USB 2.0,44.75,5,8.5
687,CA-2012-138002,2012-09-06,2012-09-12,Beth Thompson,United States,Seattle,Washington,Binders,Acco Hanging Data Binders,6.1,2,2.13
688,CA-2012-138002,2012-09-06,2012-09-12,Beth Thompson,United States,Seattle,Washington,Furnishings,"Howard Miller 16"" Diameter Gallery Wall Clock",191.82,3,74.81
689,CA-2014-129378,2014-10-02,2014-10-03,Neola Schneider,United States,San Jose,California,Binders,Wilson Jones Easy Flow II Sheet Lifters,1.44,1,0.5
690,CA-2014-129378,2014-10-02,2014-10-03,Neola Schneider,United States,San Jose,California,Binders,Storex Dura Pro Binders,61.78,13,20.85
691,CA-2014-129378,2014-10-02,2014-10-03,Neola Schneider,United States,San Jose,California,Appliances,"Belkin 325VA UPS Surge Protector, 6'",241.96,2,60.49
692,CA-2014-129378,2014-10-02,2014-10-03,Neola Schneider,United States,San Jose,California,Chairs,"Metal Folding Chairs, Beige, 4/Carton",108.61,4,9.5
693,CA-2014-130841,2014-07-29,2014-08-02,Matt Hagelstein,United States,San Francisco,California,Binders,Zipper Ring Binder Pockets,9.98,4,3.62
694,CA-2014-130841,2014-07-29,2014-08-02,Matt Hagelstein,United States,San Francisco,California,Storage,Super Decoflex Portable Personal File,14.98,1,4.19
695,CA-2014-130841,2014-07-29,2014-08-02,Matt Hagelstein,United States,San Francisco,California,Phones,Wilson Electronics DB Pro Signal Booster,1145.6,4,100.24
696,CA-2013-106383,2013-03-20,2013-03-22,Bobby Trafton,United States,Littleton,Colorado,Bookcases,"Atlantic Metals Mobile 2-Shelf Bookcases, Custom Colors",72.29,1,-98.8
697,CA-2011-128055,2011-03-31,2011-04-05,Alex Avila,United States,San Francisco,California,Binders,GBC DocuBind 200 Manual Binding Machine,673.57,2,252.59
698,CA-2011-128055,2011-03-31,2011-04-05,Alex Avila,United States,San Francisco,California,Appliances,Fellowes Advanced Computer Series Surge Protectors,52.98,2,14.83
699,CA-2012-123232,2012-12-14,2012-12-16,Doug Jacobs,United States,Portland,Oregon,Phones,HTC One,319.97,4,36.0
700,CA-2013-122322,2013-07-16,2013-07-22,Rick Huthwaite,United States,Provo,Utah,Supplies,Fiskars Home & Office Scissors,44.4,5,12.43
701,CA-2013-146633,2013-11-16,2013-11-18,Toby Gnade,United States,Los Angeles,California,Binders,Fellowes PB500 Electric Punch Plastic Comb Binding Machine with Manual Bind,1016.79,1,381.3
702,CA-2013-146633,2013-11-16,2013-11-18,Toby Gnade,United States,Los Angeles,California,Binders,Avery Self-Adhesive Photo Pockets for Polaroid Photos,38.14,7,13.35
703,CA-2014-103380,2014-11-22,2014-11-26,Barry Franz,United States,Pasadena,California,Storage,Eldon Portable Mobile Manager,56.56,2,15.27
704,CA-2014-103380,2014-11-22,2014-11-26,Barry Franz,United States,Pasadena,California,Art,Newell 344,5.56,2,1.45
705,CA-2014-103380,2014-11-22,2014-11-26,Barry Franz,United States,Pasadena,California,Fasteners,Advantus T-Pin Paper Clips,9.02,2,3.52
706,CA-2014-103380,2014-11-22,2014-11-26,Barry Franz,United States,Pasadena,California,Appliances,"Acco Six-Outlet Power Strip, 4' Cord Length",8.62,1,2.24
707,CA-2014-103380,2014-11-22,2014-11-26,Barry Franz,United States,Pasadena,California,Phones,Mitel MiVoice 5330e IP Phone,659.98,3,49.5
708,CA-2012-116092,2012-02-15,2012-02-18,Justin MacKendrick,United States,Los Angeles,California,Paper,Xerox 1959,13.36,2,6.41
709,CA-2012-116092,2012-02-15,2012-02-18,Justin MacKendrick,United States,Los Angeles,California,Binders,"Acco Data Flex Cable Posts For Top & Bottom Load Binders, 6"" Capacity",41.72,5,13.04
710,CA-2012-116092,2012-02-15,2012-02-18,Justin MacKendrick,United States,Los Angeles,California,Binders,Avery Durable Binders,11.52,5,4.18
711,CA-2012-116092,2012-02-15,2012-02-18,Justin MacKendrick,United States,Los Angeles,California,Appliances,Kensington 6 Outlet MasterPiece HOMEOFFICE Power Control Center,541.44,6,157.02
712,CA-2012-116092,2012-02-15,2012-02-18,Justin MacKendrick,United States,Los Angeles,California,Paper,Xerox 22,19.44,3,9.33
713,CA-2013-117849,2013-04-16,2013-04-18,Julie Kriz,United States,San Diego,California,Paper,Xerox 1911,143.7,3,68.98
714,CA-2012-169201,2012-09-28,2012-10-01,Henry Goldwyn,United States,San Francisco,California,Appliances,Holmes Odor Grabber,43.26,3,14.28
715,CA-2012-169201,2012-09-28,2012-10-01,Henry Goldwyn,United States,San Francisco,California,Appliances,Holmes HEPA Air Purifier,43.56,2,15.25
716,CA-2014-105214,2014-06-17,2014-06-20,Troy Staebel,United States,San Francisco,California,Chairs,Hon Multipurpose Stacking Arm Chairs,1212.96,7,90.97
717,CA-2014-105214,2014-06-17,2014-06-20,Troy Staebel,United States,San Francisco,California,Paper,"Wirebound Message Books, Four 2 3/4"" x 5"" Forms per Page, 600 Sets per Book",18.54,2,8.71
718,CA-2012-117611,2012-11-08,2012-11-10,Maria Zettner,United States,San Diego,California,Fasteners,Advantus Plastic Paper Clips,5.0,1,2.4
719,CA-2012-117611,2012-11-08,2012-11-10,Maria Zettner,United States,San Diego,California,Accessories,Logitech G19 Programmable Gaming Keyboard,371.97,3,66.95
720,CA-2014-137470,2014-09-18,2014-09-18,Tom Prescott,United States,Seattle,Washington,Paper,Xerox 1984,12.96,2,6.35
721,CA-2012-102036,2012-09-21,2012-09-27,Chad Sievert,United States,Seattle,Washington,Storage,Fellowes Bases and Tops For Staxonsteel/High-Stak Systems,199.74,6,47.94
722,CA-2012-142944,2012-03-06,2012-03-11,John Lucas,United States,San Francisco,California,Furnishings,Deflect-o Glass Clear Studded Chair Mats,435.26,7,95.76
723,CA-2012-142944,2012-03-06,2012-03-11,John Lucas,United States,San Francisco,California,Copiers,Canon PC1060 Personal Laser Copier,1119.98,2,377.99
724,CA-2011-157882,2011-10-03,2011-10-08,Allen Rosenblatt,United States,Los Angeles,California,Tables,Bevis Round Conference Room Tables and Bases,143.43,1,3.59
725,CA-2011-157882,2011-10-03,2011-10-08,Allen Rosenblatt,United States,Los Angeles,California,Chairs,"Global Deluxe Stacking Chair, Gray",122.35,3,13.76
726,CA-2014-142622,2014-10-31,2014-11-03,Jim Karlsson,United States,Seattle,Washington,Chairs,Novimex Fabric Task Chair,97.57,2,-6.1
727,CA-2014-142622,2014-10-31,2014-11-03,Jim Karlsson,United States,Seattle,Washington,Chairs,Global Super Steno Chair,614.27,8,-23.04
728,CA-2014-142622,2014-10-31,2014-11-03,Jim Karlsson,United States,Seattle,Washington,Bookcases,Bestar Classic Bookcase,199.98,2,38.0
729,CA-2014-143343,2014-06-11,2014-06-14,Ben Wallace,United States,Los Angeles,California,Art,Newell 351,16.4,5,4.76
730,CA-2014-115154,2014-01-09,2014-01-12,Ricardo Sperren,United States,Seattle,Washington,Tables,Balt Solid Wood Round Tables,892.98,2,80.37
731,US-2014-120418,2014-06-12,2014-06-13,Becky Castell,United States,Peoria,Arizona,Chairs,Global Leather Executive Chair,280.79,1,35.1
732,US-2014-120418,2014-06-12,2014-06-13,Becky Castell,United States,Peoria,Arizona,Storage,"Sortfiler Multipurpose Personal File Organizer, Black",68.45,4,7.7
733,US-2014-120418,2014-06-12,2014-06-13,Becky Castell,United States,Peoria,Arizona,Art,Boston 16801 Nautilus Battery Pencil Sharpener,88.04,5,6.6
734,US-2014-120418,2014-06-12,2014-06-13,Becky Castell,United States,Peoria,Arizona,Art,Newell 319,15.87,1,1.98
735,US-2014-120418,2014-06-12,2014-06-13,Becky Castell,United States,Peoria,Arizona,Storage,Fellowes Officeware Wire Shelving,215.59,3,-48.51
736,CA-2014-165491,2014-03-21,2014-03-25,Helen Wasserman,United States,Seattle,Washington,Accessories,Imation Secure Drive + Hardware Encrypted USB flash drive - 16 GB,265.93,7,63.82
737,CA-2014-138422,2014-09-24,2014-09-27,Kristina Nunn,United States,Fort Collins,Colorado,Envelopes,Wausau Papers Astrobrights Colored Envelopes,14.35,3,5.2
738,CA-2013-155187,2013-09-25,2013-09-27,Laura Armstrong,United States,Los Angeles,California,Storage,"Tennsco Lockers, Gray",41.96,2,2.94
739,CA-2013-155187,2013-09-25,2013-09-27,Laura Armstrong,United States,Los Angeles,California,Paper,"REDIFORM Incoming/Outgoing Call Register, 11"" X 8 1/2"", 100 Messages",41.7,5,20.85
740,CA-2014-109701,2014-12-03,2014-12-04,Alice McCarthy,United States,Los Angeles,California,Fasteners,Staples,9.02,6,3.16
741,CA-2014-109701,2014-12-03,2014-12-04,Alice McCarthy,United States,Los Angeles,California,Binders,Satellite Sectional Post Binders,69.46,2,22.57
742,CA-2014-109701,2014-12-03,2014-12-04,Alice McCarthy,United States,Los Angeles,California,Paper,"Wirebound Message Book, 4 per Page",10.86,2,5.32
743,CA-2014-109701,2014-12-03,2014-12-04,Alice McCarthy,United States,Los Angeles,California,Appliances,Fellowes Advanced Computer Series Surge Protectors,79.47,3,22.25
744,CA-2014-109701,2014-12-03,2014-12-04,Alice McCarthy,United States,Los Angeles,California,Art,Prang Dustless Chalk Sticks,10.08,6,5.04
745,CA-2012-111514,2012-08-31,2012-09-02,Scott Cohen,United States,San Francisco,California,Bookcases,"Atlantic Metals Mobile 3-Shelf Bookcases, Custom Colors",1552.83,7,200.95
746,CA-2012-111514,2012-08-31,2012-09-02,Scott Cohen,United States,San Francisco,California,Binders,GBC Prestige Therm-A-Bind Covers,137.24,5,46.32
747,CA-2012-111514,2012-08-31,2012-09-02,Scott Cohen,United States,San Francisco,California,Accessories,Memorex Micro Travel Drive 32 GB,36.51,1,15.7
748,CA-2012-111514,2012-08-31,2012-09-02,Scott Cohen,United States,San Francisco,California,Machines,Lexmark S315 Color Inkjet Printer,239.98,3,80.99
749,CA-2011-102295,2011-11-24,2011-11-26,Erica Hackney,United States,Sacramento,California,Chairs,"Global Leather & Oak Executive Chair, Burgundy",120.71,1,-18.11
750,CA-2012-148628,2012-12-06,2012-12-11,Katherine Murray,United States,Thousand Oaks,California,Paper,"Message Book, Phone, Wirebound Standard Line Memo, 2 3/4"" X 5""",32.75,5,15.07
751,US-2014-117534,2014-03-26,2014-03-27,Christina VanderZanden,United States,Fresno,California,Appliances,Acco Smartsocket Color-Coded Six-Outlet AC Adapter Model Surge Protectors,176.04,4,45.77
752,US-2014-117534,2014-03-26,2014-03-27,Christina VanderZanden,United States,Fresno,California,Fasteners,Staples,16.02,9,4.49
753,US-2014-117534,2014-03-26,2014-03-27,Christina VanderZanden,United States,Fresno,California,Binders,Avery Arch Ring Binders,185.92,4,62.75
754,US-2014-117534,2014-03-26,2014-03-27,Christina VanderZanden,United States,Fresno,California,Phones,Clearsounds A400,211.17,4,15.84
755,US-2014-117534,2014-03-26,2014-03-27,Christina VanderZanden,United States,Fresno,California,Copiers,Hewlett Packard 310 Color Digital Copier,479.98,2,60.0
756,CA-2012-145065,2012-12-12,2012-12-15,Dennis Kane,United States,San Diego,California,Fasteners,Staples,7.86,2,3.62
757,CA-2012-145065,2012-12-12,2012-12-15,Dennis Kane,United States,San Diego,California,Binders,Recycled Premium Regency Composition Covers,24.45,2,8.86
758,CA-2014-169264,2014-08-15,2014-08-17,Nora Preis,United States,San Francisco,California,Labels,Avery File Folder Labels,5.76,2,2.82
759,CA-2014-169264,2014-08-15,2014-08-17,Nora Preis,United States,San Francisco,California,Art,Newell 318,16.68,6,4.34
760,CA-2014-108574,2014-10-08,2014-10-12,Mike Gockenbach,United States,Los Angeles,California,Accessories,Logitech G19 Programmable Gaming Keyboard,1115.91,9,200.86
761,CA-2014-108574,2014-10-08,2014-10-12,Mike Gockenbach,United States,Los Angeles,California,Phones,Motorola HK250 Universal Bluetooth Headset,128.74,7,-28.97
762,CA-2014-108574,2014-10-08,2014-10-12,Mike Gockenbach,United States,Los Angeles,California,Phones,"Square Credit Card Reader, 4 1/2"" x 4 1/2"" x 1"", White",79.92,10,26.97
763,CA-2014-144589,2014-01-21,2014-01-26,Tamara Manning,United States,San Francisco,California,Fasteners,Staples,24.2,5,7.99
764,CA-2014-144589,2014-01-21,2014-01-26,Tamara Manning,United States,San Francisco,California,Phones,Panasonic KX-TG9541B DECT 6.0 Digital 2-Line Expandable Cordless Phone With Digital Answering System,359.98,3,130.49
765,CA-2014-155985,2014-03-24,2014-03-26,Bill Eplett,United States,San Francisco,California,Furnishings,DAX Natural Wood-Tone Poster Frame,211.84,8,76.26
766,CA-2012-142041,2012-06-07,2012-06-09,Eleni McCrary,United States,Los Angeles,California,Fasteners,Staples,7.52,5,2.63
767,CA-2011-151295,2011-11-12,2011-11-16,Joseph Airdo,United States,Los Angeles,California,Paper,Xerox 1974,11.96,2,5.86
768,CA-2011-151295,2011-11-12,2011-11-16,Joseph Airdo,United States,Los Angeles,California,Tables,Bevis Boat-Shaped Conference Table,629.06,3,31.45
769,CA-2014-168655,2014-10-13,2014-10-19,Michelle Lonsdale,United States,Albuquerque,New Mexico,Accessories,WD My Passport Ultra 2TB Portable External Hard Drive,595.0,5,95.2
770,CA-2014-168655,2014-10-13,2014-10-19,Michelle Lonsdale,United States,Albuquerque,New Mexico,Binders,GBC Twin Loop Wire Binding Elements,79.87,3,29.95
771,CA-2013-107202,2013-05-22,2013-05-29,Linda Cazamias,United States,Sparks,Nevada,Machines,Panasonic KX MB2061 Multifunction Printer,2396.4,10,179.73
772,CA-2014-159597,2014-11-10,2014-11-15,Matt Collister,United States,Coachella,California,Storage,"Safco Wire Cube Shelving System, For Use as 4 or 5 14"" Cubes, Black",63.56,2,3.18
773,CA-2014-159597,2014-11-10,2014-11-15,Matt Collister,United States,Coachella,California,Accessories,Razer Kraken 7.1 Surround Sound Over Ear USB Gaming Headset,99.99,1,44.0
774,CA-2014-100748,2014-05-14,2014-05-21,Ross Baird,United States,San Francisco,California,Labels,Self-Adhesive Address Labels for Typewriters by Universal,58.48,8,27.49
775,CA-2014-129805,2014-12-29,2015-01-03,Harry Marie,United States,Seattle,Washington,Furnishings,3M Hangers With Command Adhesive,7.4,2,3.03
776,CA-2014-140053,2014-07-04,2014-07-11,Christina Anderson,United States,Farmington,New Mexico,Furnishings,"Tenex Traditional Chairmats for Medium Pile Carpet, Standard Lip, 36"" x 48""",545.85,9,114.63
777,CA-2011-164210,2011-11-18,2011-11-20,Pierre Wener,United States,Louisville,Colorado,Tables,Bevis Rectangular Conference Tables,145.98,2,-99.27
778,CA-2011-164210,2011-11-18,2011-11-20,Pierre Wener,United States,Louisville,Colorado,Paper,"Geographics Note Cards, Blank, White, 8 1/2"" x 11""",35.81,4,12.53
779,CA-2012-100573,2012-09-25,2012-10-01,Anne McFarland,United States,Los Angeles,California,Envelopes,"#10- 4 1/8"" x 9 1/2"" Recycled Envelopes",17.48,2,8.22
780,CA-2013-140207,2013-11-06,2013-11-11,Christopher Schild,United States,San Jose,California,Binders,Cardinal Holdit Data Disk Pockets,29.12,5,9.83
781,CA-2012-142419,2012-07-11,2012-07-13,Shahid Collister,United States,Seattle,Washington,Paper,Xerox 1896,29.97,3,13.49
782,CA-2012-142419,2012-07-11,2012-07-13,Shahid Collister,United States,Seattle,Washington,Binders,"Wilson Jones Ledger-Size, Piano-Hinge Binder, 2"", Blue",98.35,3,34.42
783,CA-2013-114972,2013-11-04,2013-11-07,Phillip Flathmann,United States,Los Angeles,California,Chairs,Global Deluxe High-Back Office Chair in Storm,217.58,2,-29.92
784,CA-2013-114972,2013-11-04,2013-11-07,Phillip Flathmann,United States,Los Angeles,California,Accessories,Kensington K72356US Mouse-in-a-Box USB Desktop Mouse,82.95,5,29.03
785,CA-2013-114972,2013-11-04,2013-11-07,Phillip Flathmann,United States,Los Angeles,California,Labels,Avery 50,87.71,7,41.22
786,CA-2013-114972,2013-11-04,2013-11-07,Phillip Flathmann,United States,Los Angeles,California,Appliances,Honeywell Enviracaire Portable HEPA Air Cleaner for 16' x 20' Room,1101.48,4,429.58
787,CA-2014-102750,2014-09-05,2014-09-09,Greg Maxwell,United States,Los Angeles,California,Tables,Chromcraft Bull-Nose Wood Oval Conference Tables & Bases,1322.35,3,-99.18
788,CA-2014-147956,2014-12-25,2015-01-01,Alan Hwang,United States,Seattle,Washington,Storage,Office Impressions Heavy Duty Welded Shelving & Multimedia Storage Drawers,1003.62,6,0.0
789,CA-2014-126067,2014-08-29,2014-09-04,Kristina Nunn,United States,Seattle,Washington,Phones,Anker 24W Portable Micro USB Car Charger,35.17,4,11.43
790,CA-2014-126067,2014-08-29,2014-09-04,Kristina Nunn,United States,Seattle,Washington,Tables,"Hon Practical Foundations 30 x 60 Training Table, Light Gray/Charcoal",1137.75,5,250.31
791,CA-2014-126067,2014-08-29,2014-09-04,Kristina Nunn,United States,Seattle,Washington,Binders,GBC Standard Therm-A-Bind Covers,99.68,5,32.4
792,CA-2014-126067,2014-08-29,2014-09-04,Kristina Nunn,United States,Seattle,Washington,Art,Newell 344,5.56,2,1.45
793,CA-2011-113579,2011-12-13,2011-12-15,Katherine Ducich,United States,Los Angeles,California,Paper,White GlueTop Scratch Pads,90.24,6,41.51
794,CA-2012-122371,2012-09-26,2012-10-01,Bryan Spruell,United States,San Diego,California,Storage,"Sortfiler Multipurpose Personal File Organizer, Black",64.17,3,18.61
795,CA-2012-122371,2012-09-26,2012-10-01,Bryan Spruell,United States,San Diego,California,Envelopes,Cameo Buff Policy Envelopes,124.46,2,58.5
796,CA-2013-126935,2013-05-20,2013-05-25,Bill Tyler,United States,San Francisco,California,Binders,GBC Personal VeloBind Strips,9.58,1,3.35
797,CA-2013-149482,2013-11-15,2013-11-20,Ralph Ritter,United States,San Francisco,California,Labels,Avery 52,7.38,2,3.47
798,CA-2011-143917,2011-07-25,2011-07-27,Ken Lonsdale,United States,San Francisco,California,Storage,"Fellowes Personal Hanging Folder Files, Navy",53.72,4,15.04
799,CA-2011-143917,2011-07-25,2011-07-27,Ken Lonsdale,United States,San Francisco,California,Supplies,High Speed Automatic Electric Letter Opener,8187.65,5,327.51
800,CA-2011-143917,2011-07-25,2011-07-27,Ken Lonsdale,United States,San Francisco,California,Fasteners,Staples,77.92,8,34.28
801,CA-2014-163902,2014-03-03,2014-03-09,Maribeth Yedwab,United States,Los Angeles,California,Phones,Panasonic KX TS3282B Corded phone,196.78,3,14.76
802,CA-2014-163902,2014-03-03,2014-03-09,Maribeth Yedwab,United States,Los Angeles,California,Accessories,Logitech G13 Programmable Gameboard with LCD Display,479.94,6,52.79
803,CA-2012-143238,2012-09-06,2012-09-08,Lori Olson,United States,La Quinta,California,Accessories,Memorex Mini Travel Drive 8 GB USB 2.0 Flash Drive,46.32,4,18.06
804,CA-2012-113404,2012-07-16,2012-07-16,Eleni McCrary,United States,San Francisco,California,Chairs,Hon 2090 Pillow Soft Series Mid Back Swivel/Tilt Chairs,1348.7,6,-219.16
805,CA-2012-113404,2012-07-16,2012-07-16,Eleni McCrary,United States,San Francisco,California,Chairs,Hon 4070 Series Pagoda Armless Upholstered Stacking Chairs,700.15,3,78.77
806,CA-2013-144792,2013-05-01,2013-05-05,Ken Dana,United States,Scottsdale,Arizona,Furnishings,12-1/2 Diameter Round Wall Clock,111.89,7,22.38
807,CA-2014-108070,2014-04-17,2014-04-21,Joel Eaton,United States,San Jose,California,Storage,"Belkin 19"" Vented Equipment Shelf, Black",205.92,4,2.06
808,CA-2014-108070,2014-04-17,2014-04-21,Joel Eaton,United States,San Jose,California,Bookcases,O'Sullivan Living Dimensions 2-Shelf Bookcases,102.83,1,-6.05
809,US-2012-128090,2012-08-16,2012-08-22,John Murray,United States,Phoenix,Arizona,Art,Newell 346,2.3,1,0.26
810,US-2012-128090,2012-08-16,2012-08-22,John Murray,United States,Phoenix,Arizona,Phones,Samsung Galaxy S4 Mini,1879.96,5,211.5
811,US-2012-128090,2012-08-16,2012-08-22,John Murray,United States,Phoenix,Arizona,Paper,Xerox 1891,313.02,8,105.65
812,US-2012-128090,2012-08-16,2012-08-22,John Murray,United States,Phoenix,Arizona,Labels,Avery 488,5.04,2,1.76
813,CA-2012-147788,2012-05-31,2012-06-04,Tamara Manning,United States,Orem,Utah,Bookcases,O'Sullivan Living Dimensions 3-Shelf Bookcases,1406.86,7,140.69
814,CA-2012-147788,2012-05-31,2012-06-04,Tamara Manning,United States,Orem,Utah,Labels,Self-Adhesive Removable Labels,15.75,5,7.56
815,CA-2012-147788,2012-05-31,2012-06-04,Tamara Manning,United States,Orem,Utah,Storage,Fellowes Super Stor/Drawer Files,323.1,2,61.39
816,CA-2014-123967,2014-11-02,2014-11-04,Sarah Foster,United States,Bellingham,Washington,Binders,GBC Standard Plastic Binding Systems' Combs,25.12,5,7.85
817,CA-2014-123967,2014-11-02,2014-11-04,Sarah Foster,United States,Bellingham,Washington,Tables,Hon 94000 Series Round Tables,2665.62,9,239.91
818,CA-2013-137729,2013-05-06,2013-05-10,Barry Franz,United States,Los Angeles,California,Storage,"Perma STOR-ALL Hanging File Box, 13 1/8""W x 12 1/4""D x 10 1/2""H",5.98,1,1.02
819,CA-2013-137729,2013-05-06,2013-05-10,Barry Franz,United States,Los Angeles,California,Phones,Cisco Small Business SPA 502G VoIP phone,246.17,3,21.54
820,CA-2013-154053,2013-03-05,2013-03-11,Michael Granlund,United States,San Diego,California,Art,Berol Giant Pencil Sharpener,16.99,1,4.93
821,CA-2013-137204,2013-04-29,2013-05-06,Bill Overfelt,United States,Los Angeles,California,Chairs,"Global Stack Chair without Arms, Black",41.57,2,2.6
822,CA-2011-147298,2011-04-26,2011-05-03,Aleksandra Gannaway,United States,Los Angeles,California,Chairs,Bevis Steel Folding Chairs,230.28,3,23.03
823,CA-2011-147298,2011-04-26,2011-05-03,Aleksandra Gannaway,United States,Los Angeles,California,Binders,"Acco Pressboard Covers with Storage Hooks, 14 7/8"" x 11"", Executive Red",18.29,6,5.72
824,CA-2014-147942,2014-04-02,2014-04-06,Maribeth Schnelling,United States,San Francisco,California,Labels,Avery 498,5.78,2,2.72
825,CA-2014-147942,2014-04-02,2014-04-06,Maribeth Schnelling,United States,San Francisco,California,Binders,Fellowes Binding Cases,121.68,13,38.03
826,CA-2014-115931,2014-12-23,2014-12-27,Jim Mitchum,United States,Carlsbad,New Mexico,Art,Design Ebony Sketching Pencil,4.17,3,1.08
827,CA-2014-115931,2014-12-23,2014-12-27,Jim Mitchum,United States,Carlsbad,New Mexico,Phones,"iKross Bluetooth Portable Keyboard + Cell Phone Stand Holder + Brush for Apple iPhone 5S 5C 5, 4S 4",67.04,4,6.7
828,CA-2014-115931,2014-12-23,2014-12-27,Jim Mitchum,United States,Carlsbad,New Mexico,Storage,Eldon Simplefile Box Office,37.32,3,10.45
829,CA-2014-115931,2014-12-23,2014-12-27,Jim Mitchum,United States,Carlsbad,New Mexico,Labels,Avery 517,18.45,5,8.67
830,US-2014-110604,2014-05-16,2014-05-21,Jason Fortune-,United States,Seattle,Washington,Furnishings,24-Hour Round Wall Clock,39.96,2,17.18
831,US-2014-110604,2014-05-16,2014-05-21,Jason Fortune-,United States,Seattle,Washington,Chairs,SAFCO Optional Arm Kit for Workspace Cribbage Stacking Chair,42.62,2,4.26
832,US-2014-110604,2014-05-16,2014-05-21,Jason Fortune-,United States,Seattle,Washington,Chairs,SAFCO Arco Folding Chair,220.96,1,24.86
833,CA-2012-162369,2012-08-15,2012-08-19,Tim Taslimi,United States,Los Angeles,California,Storage,Fellowes Super Stor/Drawer Files,323.1,2,61.39
834,US-2013-146794,2013-09-27,2013-10-02,Sally Hughsby,United States,Hesperia,California,Bookcases,Bestar Classic Bookcase,424.96,5,20.0
835,CA-2014-112515,2014-09-18,2014-09-22,Alan Schoenberger,United States,Provo,Utah,Binders,Avery Non-Stick Binders,10.78,3,3.5
836,CA-2014-112515,2014-09-18,2014-09-22,Alan Schoenberger,United States,Provo,Utah,Binders,"Acco Pressboard Covers with Storage Hooks, 14 7/8"" x 11"", Light Blue",11.78,3,4.27
837,CA-2014-112515,2014-09-18,2014-09-22,Alan Schoenberger,United States,Provo,Utah,Paper,Green Bar Computer Printout Paper,164.88,3,80.79
838,CA-2014-112515,2014-09-18,2014-09-22,Alan Schoenberger,United States,Provo,Utah,Bookcases,"Global Adaptabilites Bookcase, Cherry/Storm Gray Finish",1292.94,3,77.58
839,CA-2014-112515,2014-09-18,2014-09-22,Alan Schoenberger,United States,Provo,Utah,Binders,"GBC Pre-Punched Binding Paper, Plastic, White, 8-1/2"" x 11""",25.58,2,8.95
840,CA-2014-112515,2014-09-18,2014-09-22,Alan Schoenberger,United States,Provo,Utah,Storage,"Mini 13-1/2 Capacity Data Binder Rack, Pearl",261.74,2,65.44
841,CA-2014-112515,2014-09-18,2014-09-22,Alan Schoenberger,United States,Provo,Utah,Labels,Avery 514,14.4,5,7.06
842,CA-2013-150343,2013-08-17,2013-08-21,Pete Kriz,United States,San Francisco,California,Envelopes,Convenience Packs of Business Envelopes,10.86,3,5.1
843,CA-2012-135538,2012-12-24,2012-12-28,Harold Ryan,United States,Gilbert,Arizona,Chairs,SAFCO Arco Folding Chair,883.84,4,99.43
844,US-2012-139759,2012-08-25,2012-08-30,Nancy Lomonaco,United States,Los Angeles,California,Chairs,"Global Deluxe Stacking Chair, Gray",40.78,1,4.59
845,US-2012-139759,2012-08-25,2012-08-30,Nancy Lomonaco,United States,Los Angeles,California,Appliances,Fellowes Advanced Computer Series Surge Protectors,105.96,4,29.67
846,CA-2014-136875,2014-12-04,2014-12-04,Toby Carlisle,United States,San Diego,California,Paper,Xerox 1888,166.44,3,79.89
847,US-2011-160780,2011-06-21,2011-06-21,Stewart Visinsky,United States,Pueblo,Colorado,Binders,"Wilson Jones 1"" Hanging DublLock Ring Binders",11.09,7,-8.13
848,US-2011-160780,2011-06-21,2011-06-21,Stewart Visinsky,United States,Pueblo,Colorado,Binders,"Avery Trapezoid Extra Heavy Duty 4"" Binders",25.16,2,-16.78
849,CA-2014-137085,2014-06-30,2014-07-07,Carol Triggs,United States,Los Angeles,California,Binders,Satellite Sectional Post Binders,312.55,9,101.58
850,CA-2012-153220,2012-11-12,2012-11-14,Yoseph Carroll,United States,Los Angeles,California,Paper,"Adams ""While You Were Out"" Message Pads",15.7,5,7.07
851,US-2013-144211,2013-08-29,2013-09-03,Chad Sievert,United States,Englewood,Colorado,Paper,"Wirebound Four 2-3/4 x 5 Forms per Page, 400 Sets per Book",15.48,3,5.61
852,US-2013-144211,2013-08-29,2013-09-03,Chad Sievert,United States,Englewood,Colorado,Phones,AT&T 17929 Lendline Telephone,108.58,3,8.14
853,CA-2013-138079,2013-01-22,2013-01-28,Anthony Johnson,United States,Seattle,Washington,Furnishings,"Contract Clock, 14"", Brown",109.9,5,37.37
854,CA-2014-155873,2014-06-17,2014-06-22,Alejandro Ballentine,United States,Carlsbad,New Mexico,Supplies,Acme Elite Stainless Steel Scissors,16.68,2,4.34
855,CA-2014-155873,2014-06-17,2014-06-22,Alejandro Ballentine,United States,Carlsbad,New Mexico,Paper,Xerox 215,19.44,3,9.33
856,CA-2014-155873,2014-06-17,2014-06-22,Alejandro Ballentine,United States,Carlsbad,New Mexico,Paper,Xerox 1885,192.16,4,92.24
857,CA-2012-121797,2012-01-30,2012-02-06,Charles Crestani,United States,Los Angeles,California,Furnishings,"Computer Room Manger, 14""",227.36,7,81.85
858,CA-2012-121797,2012-01-30,2012-02-06,Charles Crestani,United States,Los Angeles,California,Machines,Bady BDG101FRU Card Printer,1919.98,3,216.0
859,CA-2012-103723,2012-12-01,2012-12-06,Beth Thompson,United States,Seattle,Washington,Art,Prang Drawing Pencil Set,13.9,5,5.56
860,CA-2014-144827,2014-12-22,2014-12-28,Sanjit Engle,United States,Costa Mesa,California,Storage,"Fellowes Mobile File Cart, Black",124.36,2,33.58
861,CA-2011-153479,2011-10-04,2011-10-08,David Flashing,United States,Vallejo,California,Labels,Avery 512,14.45,5,6.79
862,CA-2011-153479,2011-10-04,2011-10-08,David Flashing,United States,Vallejo,California,Binders,GBC Recycled Regency Composition Covers,95.65,2,31.09
863,CA-2014-104801,2014-02-14,2014-02-20,Fred Harton,United States,Seattle,Washington,Art,Newell 311,6.63,3,1.79
864,CA-2014-104801,2014-02-14,2014-02-20,Fred Harton,United States,Seattle,Washington,Accessories,Razer Tiamat Over Ear 7.1 Surround Sound PC Gaming Headset,799.96,4,343.98
865,CA-2014-104801,2014-02-14,2014-02-20,Fred Harton,United States,Seattle,Washington,Furnishings,"Tenex Contemporary Contur Chairmats for Low and Medium Pile Carpet, Computer, 39"" x 49""",107.53,1,21.51
866,CA-2012-129770,2012-02-21,2012-02-23,Joe Elijah,United States,Las Cruces,New Mexico,Fasteners,Staples,49.12,4,23.09
867,CA-2011-149244,2011-11-04,2011-11-08,MaryBeth Skach,United States,San Diego,California,Furnishings,"Executive Impressions 12"" Wall Clock",35.34,2,13.43
868,CA-2012-140144,2012-06-20,2012-06-25,Stewart Carmichael,United States,San Francisco,California,Furnishings,"Howard Miller 13"" Diameter Pewter Finish Round Wall Clock",257.64,6,100.48
869,CA-2012-140144,2012-06-20,2012-06-25,Stewart Carmichael,United States,San Francisco,California,Phones,netTALK DUO VoIP Telephone Service,125.98,3,47.24
870,US-2011-141257,2011-06-08,2011-06-14,Carlos Soltero,United States,Seattle,Washington,Chairs,"Hon Deluxe Fabric Upholstered Stacking Chairs, Squared Back",585.55,3,73.19
871,CA-2011-154669,2011-08-08,2011-08-11,Tamara Manning,United States,Vacaville,California,Storage,Advantus Rolling Drawer Organizers,423.28,11,110.05
872,CA-2011-158029,2011-05-26,2011-05-30,Herbert Flentye,United States,Los Angeles,California,Chairs,Hon Olson Stacker Stools,225.3,2,22.53
873,CA-2012-155306,2012-04-17,2012-04-21,George Ashbrook,United States,San Francisco,California,Art,Prang Drawing Pencil Set,5.56,2,2.22
874,CA-2012-155306,2012-04-17,2012-04-21,George Ashbrook,United States,San Francisco,California,Accessories,Plantronics S12 Corded Telephone Headset System,323.37,3,129.35
875,CA-2012-155306,2012-04-17,2012-04-21,George Ashbrook,United States,San Francisco,California,Phones,Plantronics Calisto P620-M USB Wireless Speakerphone System,783.96,5,68.6
876,CA-2012-155306,2012-04-17,2012-04-21,George Ashbrook,United States,San Francisco,California,Appliances,Hoover Upright Vacuum With Dirt Cup,1447.65,5,419.82
877,CA-2012-155306,2012-04-17,2012-04-21,George Ashbrook,United States,San Francisco,California,Paper,Xerox 1903,11.96,2,5.86
878,CA-2011-129574,2011-05-26,2011-05-29,Dean percer,United States,Murray,Utah,Paper,"Wirebound Service Call Books, 5 1/2"" x 4""",48.4,5,23.23
879,CA-2014-126536,2014-10-13,2014-10-15,Neil Knudson,United States,San Francisco,California,Accessories,Maxell 4.7GB DVD-R 5/Pack,0.99,1,0.44
880,CA-2014-126536,2014-10-13,2014-10-15,Neil Knudson,United States,San Francisco,California,Binders,Canvas Sectional Post Binders,101.84,5,36.92
881,CA-2013-144729,2013-10-22,2013-10-26,Joel Eaton,United States,San Diego,California,Storage,"Belkin 19"" Vented Equipment Shelf, Black",154.44,3,1.54
882,CA-2012-127019,2012-12-21,2012-12-25,Elpida Rittenbach,United States,Colorado Springs,Colorado,Appliances,Belkin 6 Outlet Metallic Surge Strip,60.98,7,4.57
883,CA-2012-138534,2012-07-17,2012-07-19,Jessica Myrick,United States,Bakersfield,California,Bookcases,"Sauder Camden County Collection Libraries, Planked Cherry Finish",195.47,2,-13.8
884,CA-2012-149972,2012-09-21,2012-09-23,Cynthia Delaney,United States,Los Angeles,California,Chairs,Hon Every-Day Series Multi-Task Chairs,601.54,4,0.0
885,CA-2012-149972,2012-09-21,2012-09-23,Cynthia Delaney,United States,Los Angeles,California,Fasteners,Advantus Map Pennant Flags and Round Head Tacks,7.9,2,2.53
886,CA-2011-154599,2011-04-12,2011-04-17,Kean Nguyen,United States,Redondo Beach,California,Phones,Pyle PMP37LED,1075.09,14,94.07
887,CA-2011-154599,2011-04-12,2011-04-17,Kean Nguyen,United States,Redondo Beach,California,Phones,AT&T 1080 Corded phone,438.37,4,38.36
888,CA-2011-154599,2011-04-12,2011-04-17,Kean Nguyen,United States,Redondo Beach,California,Binders,Recycled Pressboard Report Cover with Reinforced Top Hinge,18.09,7,6.56
889,CA-2011-154599,2011-04-12,2011-04-17,Kean Nguyen,United States,Redondo Beach,California,Bookcases,O'Sullivan Living Dimensions 2-Shelf Bookcases,308.5,3,-18.15
890,US-2012-110163,2012-11-01,2012-11-04,Guy Armstrong,United States,Salem,Oregon,Art,Lumber Crayons,7.88,1,1.77
891,CA-2014-143329,2014-11-04,2014-11-09,Denise Leinenbach,United States,Las Cruces,New Mexico,Furnishings,9-3/4 Diameter Round Wall Clock,41.37,3,17.38
892,CA-2012-159380,2012-05-12,2012-05-16,Cindy Stewart,United States,San Francisco,California,Paper,Xerox 1962,12.84,3,5.78
893,CA-2012-159380,2012-05-12,2012-05-16,Cindy Stewart,United States,San Francisco,California,Paper,Xerox 1953,25.68,6,11.56
894,CA-2012-148635,2012-07-25,2012-07-27,Michelle Huthwaite,United States,Seattle,Washington,Fasteners,Plymouth Boxed Rubber Bands by Plymouth,9.42,2,0.47
895,CA-2012-148635,2012-07-25,2012-07-27,Michelle Huthwaite,United States,Seattle,Washington,Paper,Xerox 228,12.96,2,6.22
896,CA-2012-148635,2012-07-25,2012-07-27,Michelle Huthwaite,United States,Seattle,Washington,Bookcases,"Sauder Forest Hills Library, Woodland Oak Finish",704.9,5,56.39
897,CA-2012-148635,2012-07-25,2012-07-27,Michelle Huthwaite,United States,Seattle,Washington,Chairs,Office Star - Professional Matrix Back Chair with 2-to-1 Synchro Tilt and Mesh Fabric Seat,561.57,2,28.08
898,CA-2013-160500,2013-05-06,2013-05-09,Darrin Martin,United States,Encinitas,California,Binders,Computer Printout Index Tabs,6.72,5,2.35
899,CA-2013-160500,2013-05-06,2013-05-09,Darrin Martin,United States,Encinitas,California,Tables,Bevis 36 x 72 Conference Tables,298.78,3,7.47
900,CA-2014-100202,2014-01-01,2014-01-06,Brian DeCherney,United States,Anaheim,California,Phones,Adtran 1202752G1,302.38,3,22.68
901,CA-2011-148915,2011-11-01,2011-11-05,Natalie DeCherney,United States,Portland,Oregon,Storage,"Carina Mini System Audio Rack, Model AR050B",443.92,5,-94.33
902,CA-2011-148915,2011-11-01,2011-11-05,Natalie DeCherney,United States,Portland,Oregon,Phones,Plantronics Voyager Pro HD - Bluetooth Headset,155.98,3,54.59
903,CA-2014-110842,2014-11-12,2014-11-17,Guy Armstrong,United States,Los Angeles,California,Appliances,Belkin 6 Outlet Metallic Surge Strip,10.89,1,2.83
904,CA-2014-110842,2014-11-12,2014-11-17,Guy Armstrong,United States,Los Angeles,California,Paper,Xerox 201,19.44,3,9.33
905,CA-2014-110842,2014-11-12,2014-11-17,Guy Armstrong,United States,Los Angeles,California,Binders,Ibico Plastic Spiral Binding Combs,121.6,5,39.52
906,CA-2013-128594,2013-08-27,2013-08-30,Don Jones,United States,San Diego,California,Chairs,Global Troy Executive Leather Low-Back Tilter,1603.14,4,100.2
907,US-2014-103828,2014-08-14,2014-08-14,Jay Kimmel,United States,San Francisco,California,Storage,Sterilite Officeware Hinged File Box,31.44,3,8.49
908,US-2014-103828,2014-08-14,2014-08-14,Jay Kimmel,United States,San Francisco,California,Fasteners,Staples,83.79,7,22.62
909,US-2014-103828,2014-08-14,2014-08-14,Jay Kimmel,United States,San Francisco,California,Art,Newell 345,59.52,3,15.48
910,US-2014-103828,2014-08-14,2014-08-14,Jay Kimmel,United States,San Francisco,California,Fasteners,Staples,31.92,4,9.26
911,CA-2011-148040,2011-03-22,2011-03-26,Beth Fritzler,United States,Tucson,Arizona,Paper,Xerox 1951,74.35,3,23.24
912,CA-2011-148040,2011-03-22,2011-03-26,Beth Fritzler,United States,Tucson,Arizona,Chairs,Office Star - Mesh Screen back chair with Vinyl seat,314.35,3,-35.36
913,CA-2014-135167,2014-06-16,2014-06-21,Stuart Calhoun,United States,Los Angeles,California,Art,"Dixon Prang Watercolor Pencils, 10-Color Set with Brush",4.26,1,1.75
914,CA-2014-137022,2014-11-17,2014-11-23,Scott Williamson,United States,San Diego,California,Storage,Tennsco Regal Shelving Units,811.28,8,24.34
915,US-2013-167339,2013-01-21,2013-01-23,Tamara Dahlen,United States,San Diego,California,Chairs,Global Super Steno Chair,153.57,2,-5.76
916,US-2013-167339,2013-01-21,2013-01-23,Tamara Dahlen,United States,San Diego,California,Chairs,Global Ergonomic Managers Chair,1013.49,7,76.01
917,CA-2013-130799,2013-11-12,2013-11-17,Berenike Kampe,United States,San Francisco,California,Furnishings,"Eldon Regeneration Recycled Desk Accessories, Smoke",6.96,4,2.23
918,CA-2013-164483,2013-01-30,2013-02-03,Jeremy Farry,United States,San Francisco,California,Binders,Heavy-Duty E-Z-D Binders,17.46,2,5.89
919,US-2013-159856,2013-10-19,2013-10-23,Emily Phan,United States,Tempe,Arizona,Chairs,Global Deluxe Steno Chair,307.92,5,-34.64
920,CA-2014-102099,2014-12-19,2014-12-20,Emily Phan,United States,Los Angeles,California,Art,Newell 327,6.63,3,1.79
921,CA-2014-102099,2014-12-19,2014-12-20,Emily Phan,United States,Los Angeles,California,Paper,Xerox 1996,12.96,2,6.22
922,CA-2014-102099,2014-12-19,2014-12-20,Emily Phan,United States,Los Angeles,California,Paper,Xerox 213,32.4,5,15.55
923,CA-2014-164049,2014-11-03,2014-11-07,Ken Heidel,United States,Seattle,Washington,Paper,"Wirebound Message Books, Four 2 3/4 x 5 Forms per Page, 200 Sets per Book",23.85,5,10.73
924,CA-2011-127586,2011-09-26,2011-09-30,Christopher Schild,United States,Seattle,Washington,Storage,"Dual Level, Single-Width Filing Carts",310.12,2,80.63
925,CA-2014-166415,2014-02-20,2014-02-24,Max Engle,United States,Seattle,Washington,Fasteners,Rubber Band Ball,11.22,3,0.22
926,CA-2014-164329,2014-01-31,2014-01-31,Michael Moore,United States,San Francisco,California,Storage,Space Solutions Commercial Steel Shelving,129.3,2,6.47
927,CA-2012-168564,2012-08-08,2012-08-08,Thomas Thornton,United States,San Francisco,California,Binders,"ACCOHIDE 3-Ring Binder, Blue, 1""",6.61,2,2.23
928,CA-2012-168564,2012-08-08,2012-08-08,Thomas Thornton,United States,San Francisco,California,Binders,Presstex Flexible Ring Binders,7.28,2,2.73
929,CA-2012-168564,2012-08-08,2012-08-08,Thomas Thornton,United States,San Francisco,California,Chairs,Global Ergonomic Managers Chair,144.78,1,10.86
930,US-2013-169040,2013-12-07,2013-12-13,Greg Tran,United States,Seattle,Washington,Phones,Plantronics Calisto P620-M USB Wireless Speakerphone System,156.79,1,13.72
931,US-2013-169040,2013-12-07,2013-12-13,Greg Tran,United States,Seattle,Washington,Phones,Google Nexus 5,431.98,3,27.0
932,US-2013-169040,2013-12-07,2013-12-13,Greg Tran,United States,Seattle,Washington,Envelopes,Jet-Pak Recycled Peel 'N' Seal Padded Mailers,35.89,1,16.15
933,US-2013-169040,2013-12-07,2013-12-13,Greg Tran,United States,Seattle,Washington,Binders,Ibico Plastic and Wire Spiral Binding Combs,47.21,7,15.34
934,US-2013-169040,2013-12-07,2013-12-13,Greg Tran,United States,Seattle,Washington,Paper,Xerox 1880,248.08,7,116.6
935,US-2013-169040,2013-12-07,2013-12-13,Greg Tran,United States,Seattle,Washington,Paper,"Snap-A-Way Black Print Carbonless Ruled Speed Letter, Triplicate",189.7,5,89.16
936,US-2013-169040,2013-12-07,2013-12-13,Greg Tran,United States,Seattle,Washington,Binders,GBC Standard Therm-A-Bind Covers,59.81,3,19.44
937,CA-2014-126242,2014-11-20,2014-11-25,Mick Crebagga,United States,Los Angeles,California,Storage,"File Shuttle II and Handi-File, Black",305.01,9,76.25
938,CA-2014-126242,2014-11-20,2014-11-25,Mick Crebagga,United States,Los Angeles,California,Furnishings,"Executive Impressions 13-1/2"" Indoor/Outdoor Wall Clock",18.7,1,7.11
939,CA-2013-166443,2013-11-05,2013-11-06,Lisa Hazard,United States,San Francisco,California,Furnishings,Advantus Panel Wall Acrylic Frame,38.29,7,16.46
940,CA-2014-169859,2014-12-15,2014-12-19,Mike Pelletier,United States,San Diego,California,Furnishings,"Eldon 400 Class Desk Accessories, Black Carbon",26.25,3,11.03
941,CA-2014-169859,2014-12-15,2014-12-19,Mike Pelletier,United States,San Diego,California,Binders,"Wilson Jones Clip & Carry Folder Binder Tool for Ring Binders, Clear",64.96,14,22.74
942,CA-2014-169859,2014-12-15,2014-12-19,Mike Pelletier,United States,San Diego,California,Envelopes,"#10- 4 1/8"" x 9 1/2"" Recycled Envelopes",43.7,5,20.54
943,CA-2014-134915,2014-11-13,2014-11-13,Eugene Moren,United States,Glendale,Arizona,Accessories,Memorex Micro Travel Drive 8 GB,41.6,4,13.0
944,CA-2014-134915,2014-11-13,2014-11-13,Eugene Moren,United States,Glendale,Arizona,Paper,Xerox 1978,23.12,5,8.38
945,CA-2014-134915,2014-11-13,2014-11-13,Eugene Moren,United States,Glendale,Arizona,Chairs,Harbour Creations 67200 Series Stacking Chairs,113.89,2,9.97
946,CA-2014-134915,2014-11-13,2014-11-13,Eugene Moren,United States,Glendale,Arizona,Furnishings,"Tenex V2T-RE Standard Weight Series Chair Mat, 45"" x 53"", Lip 25"" x 12""",113.57,2,-5.68
947,CA-2014-134915,2014-11-13,2014-11-13,Eugene Moren,United States,Glendale,Arizona,Phones,Cush Cases Heavy Duty Rugged Cover Case for Samsung Galaxy S5 - Purple,7.92,2,0.69
948,CA-2014-134915,2014-11-13,2014-11-13,Eugene Moren,United States,Glendale,Arizona,Phones,Samsung Galaxy Mega 6.3,671.98,2,50.4
949,CA-2012-158456,2012-12-24,2012-12-29,Kean Takahito,United States,Los Angeles,California,Binders,Avery Hole Reinforcements,19.94,4,7.23
950,CA-2012-158456,2012-12-24,2012-12-29,Kean Takahito,United States,Los Angeles,California,Fasteners,"Vinyl Coated Wire Paper Clips in Organizer Box, 800/Box",45.92,4,21.58
951,CA-2014-143665,2014-04-27,2014-05-02,Philisse Overcash,United States,Seattle,Washington,Paper,Strathmore Photo Mount Cards,20.34,3,9.36
952,CA-2014-143665,2014-04-27,2014-05-02,Philisse Overcash,United States,Seattle,Washington,Labels,Avery 478,39.28,8,19.25
953,CA-2014-137428,2014-12-17,2014-12-22,Andy Yotov,United States,Oceanside,California,Chairs,"Global Deluxe Stacking Chair, Gray",81.57,2,9.18
954,CA-2014-137428,2014-12-17,2014-12-22,Andy Yotov,United States,Oceanside,California,Chairs,"Global Value Steno Chair, Gray",97.18,2,6.07
955,CA-2014-137428,2014-12-17,2014-12-22,Andy Yotov,United States,Oceanside,California,Binders,Prestige Round Ring Binders,24.32,5,8.21
956,CA-2014-137428,2014-12-17,2014-12-22,Andy Yotov,United States,Oceanside,California,Furnishings,"DAX Two-Tone Rosewood/Black Document Frame, Desktop, 5 x 7",18.96,2,7.58
957,CA-2011-131310,2011-07-12,2011-07-18,Clay Ludtke,United States,Seattle,Washington,Chairs,"Safco Chair Connectors, 6/Carton",123.14,4,13.85
958,CA-2011-131310,2011-07-12,2011-07-18,Clay Ludtke,United States,Seattle,Washington,Binders,Self-Adhesive Ring Binder Labels,11.26,4,3.8
959,US-2011-112872,2011-12-06,2011-12-11,Ryan Crowe,United States,Springfield,Oregon,Storage,File Shuttle I and Handi-File,53.42,3,4.67
960,US-2011-112872,2011-12-06,2011-12-11,Ryan Crowe,United States,Springfield,Oregon,Tables,"Chromcraft Bull-Nose Wood 48"" x 96"" Rectangular Conference Tables",275.49,1,-170.8
961,CA-2013-139010,2013-02-21,2013-02-26,Matthew Clasen,United States,Los Angeles,California,Accessories,SanDisk Ultra 16 GB MicroSDHC Class 10 Memory Card,12.99,1,0.78
962,CA-2013-139010,2013-02-21,2013-02-26,Matthew Clasen,United States,Los Angeles,California,Binders,"Wilson Jones Clip & Carry Folder Binder Tool for Ring Binders, Clear",18.56,4,6.5
963,CA-2013-139010,2013-02-21,2013-02-26,Matthew Clasen,United States,Los Angeles,California,Storage,Fellowes Officeware Wire Shelving,449.15,5,8.98
964,CA-2013-139010,2013-02-21,2013-02-26,Matthew Clasen,United States,Los Angeles,California,Binders,Avery Heavy-Duty EZD  Binder With Locking Rings,31.25,7,10.94
965,CA-2013-112893,2013-09-10,2013-09-14,Annie Thurman,United States,Stockton,California,Binders,VariCap6 Expandable Binder,55.36,4,18.68
966,US-2011-150532,2011-07-14,2011-07-21,Philip Brown,United States,Phoenix,Arizona,Storage,Eldon Fold 'N Roll Cart System,55.92,5,6.29
967,CA-2011-130729,2011-10-24,2011-10-29,Allen Armold,United States,Rancho Cucamonga,California,Binders,Avery Premier Heavy-Duty Binder with Round Locking Rings,34.27,3,11.14
968,CA-2014-134845,2014-04-18,2014-04-24,Sharelle Roach,United States,Louisville,Colorado,Binders,Insertable Tab Post Binder Dividers,12.03,5,-9.22
969,CA-2014-134845,2014-04-18,2014-04-24,Sharelle Roach,United States,Louisville,Colorado,Machines,Lexmark MX611dhe Monochrome Laser Printer,2549.99,5,-3399.98
970,CA-2014-134845,2014-04-18,2014-04-24,Sharelle Roach,United States,Louisville,Colorado,Binders,GBC VeloBinder Manual Binding System,21.59,2,-15.84
971,CA-2014-134845,2014-04-18,2014-04-24,Sharelle Roach,United States,Louisville,Colorado,Binders,Cardinal Holdit Business Card Pockets,8.96,6,-6.57
972,CA-2014-134845,2014-04-18,2014-04-24,Sharelle Roach,United States,Louisville,Colorado,Paper,Xerox 225,20.74,4,7.26
973,CA-2012-123568,2012-11-08,2012-11-14,Sanjit Chand,United States,West Jordan,Utah,Fasteners,Alliance Rubber Bands,5.04,3,0.2
974,CA-2012-123568,2012-11-08,2012-11-14,Sanjit Chand,United States,West Jordan,Utah,Paper,Xerox 1988,92.94,3,41.82
975,CA-2012-123568,2012-11-08,2012-11-14,Sanjit Chand,United States,West Jordan,Utah,Furnishings,"Executive Impressions 14"" Contract Wall Clock",66.69,3,22.01
976,CA-2012-123568,2012-11-08,2012-11-14,Sanjit Chand,United States,West Jordan,Utah,Binders,Deluxe Heavy-Duty Vinyl Round Ring Binder,91.68,5,28.65
977,CA-2011-106719,2011-08-24,2011-08-24,Robert Barroso,United States,Billings,Montana,Binders,"SlimView Poly Binder, 3/8""",8.29,2,2.69
978,US-2013-164189,2013-03-25,2013-03-29,Dan Reichenbach,United States,Gresham,Oregon,Phones,BlackBerry Q10,403.17,4,25.2
979,US-2013-114293,2013-11-22,2013-11-27,Justin Hirsh,United States,Gresham,Oregon,Chairs,Novimex Fabric Task Chair,195.14,4,-12.2
980,CA-2014-101749,2014-10-04,2014-10-09,Aaron Smayling,United States,Pasadena,California,Tables,"Lesro Sheffield Collection Coffee Table, End Table, Center Table, Corner Table",171.29,3,-6.42
981,CA-2014-149559,2014-09-12,2014-09-13,Karen Ferguson,United States,Long Beach,California,Paper,Xerox 1996,12.96,2,6.22
982,CA-2014-149559,2014-09-12,2014-09-13,Karen Ferguson,United States,Long Beach,California,Envelopes,#10 Self-Seal White Envelopes,22.18,2,10.87
983,CA-2014-149559,2014-09-12,2014-09-13,Karen Ferguson,United States,Long Beach,California,Chairs,Hon Pagoda Stacking Chairs,2054.27,8,256.78
984,CA-2011-137351,2011-09-30,2011-10-04,Doug Bickford,United States,Seattle,Washington,Binders,DXL Angle-View Binders with Locking Rings by Samsill,43.18,7,13.49
985,US-2014-148054,2014-10-07,2014-10-12,Nick Zandusky,United States,Meridian,Idaho,Furnishings,36X48 HARDFLOOR CHAIRMAT,41.96,2,2.94
986,US-2014-148054,2014-10-07,2014-10-12,Nick Zandusky,United States,Meridian,Idaho,Appliances,"Conquest 14 Commercial Heavy-Duty Upright Vacuum, Collection System, Accessory Kit",227.84,4,66.07
987,US-2014-148054,2014-10-07,2014-10-12,Nick Zandusky,United States,Meridian,Idaho,Paper,Computer Printout Paper with Letter-Trim Perforations,37.94,2,18.21
988,CA-2014-131492,2014-10-20,2014-10-25,Hilary Holden,United States,San Francisco,California,Envelopes,Ampad #10 Peel & Seel Holiday Envelopes,8.96,2,4.3
989,CA-2014-131492,2014-10-20,2014-10-25,Hilary Holden,United States,San Francisco,California,Labels,Avery 518,31.5,10,15.12
990,CA-2014-131492,2014-10-20,2014-10-25,Hilary Holden,United States,San Francisco,California,Furnishings,"Linden 10"" Round Wall Clock, Black",30.56,2,10.39
991,CA-2014-131492,2014-10-20,2014-10-25,Hilary Holden,United States,San Francisco,California,Tables,Anderson Hickey Conga Table Tops & Accessories,24.37,2,-3.35
992,CA-2014-106859,2014-03-14,2014-03-19,Benjamin Farhat,United States,Albuquerque,New Mexico,Storage,"SimpliFile Personal File, Black Granite, 15w x 6-15/16d x 11-1/4h",90.8,8,25.42
993,CA-2014-106859,2014-03-14,2014-03-19,Benjamin Farhat,United States,Albuquerque,New Mexico,Phones,OtterBox Commuter Series Case - iPhone 5 & 5s,140.74,8,49.26
994,CA-2014-106859,2014-03-14,2014-03-19,Benjamin Farhat,United States,Albuquerque,New Mexico,Accessories,Logitech Wireless Headset H600 Over-The-Head Design,214.95,5,88.13
995,CA-2014-106859,2014-03-14,2014-03-19,Benjamin Farhat,United States,Albuquerque,New Mexico,Paper,Xerox 230,45.36,7,21.77
996,CA-2014-106859,2014-03-14,2014-03-19,Benjamin Farhat,United States,Albuquerque,New Mexico,Paper,Xerox 1885,288.24,6,138.36
997,CA-2013-125206,2013-01-03,2013-01-05,Lena Radford,United States,Los Angeles,California,Storage,Recycled Steel Personal File for Hanging File Folders,114.46,2,28.62
998,CA-2012-126137,2012-10-03,2012-10-08,Bruce Stewart,United States,Los Angeles,California,Bookcases,"Safco Value Mate Series Steel Bookcases, Baked Enamel Finish on Steel, Gray",120.67,2,18.45
999,CA-2011-104780,2011-05-21,2011-05-25,Bradley Talbott,United States,San Diego,California,Art,4009 Highlighters by Sanford,31.84,8,10.51
1000,CA-2014-101182,2014-09-05,2014-09-06,Katrina Bavinger,United States,Apple Valley,California,Paper,Xerox 220,12.96,2,6.22
1001,CA-2014-101182,2014-09-05,2014-09-06,Katrina Bavinger,United States,Apple Valley,California,Phones,invisibleSHIELD by ZAGG Smudge-Free Screen Protector,43.18,3,15.11
1002,CA-2013-150350,2013-08-24,2013-08-31,Maxwell Schwartz,United States,Seattle,Washington,Machines,Okidata C331dn Printer,837.6,3,62.82
1003,CA-2013-150350,2013-08-24,2013-08-31,Maxwell Schwartz,United States,Seattle,Washington,Envelopes,"Tyvek  Top-Opening Peel & Seel Envelopes, Plain White",135.9,5,63.87
1004,CA-2013-150350,2013-08-24,2013-08-31,Maxwell Schwartz,United States,Seattle,Washington,Paper,Xerox 1978,34.68,6,16.99
1005,CA-2013-150350,2013-08-24,2013-08-31,Maxwell Schwartz,United States,Seattle,Washington,Chairs,Office Star Flex Back Scooter Chair with White Frame,532.7,6,-39.95
1006,CA-2013-150350,2013-08-24,2013-08-31,Maxwell Schwartz,United States,Seattle,Washington,Appliances,"Acco Six-Outlet Power Strip, 4' Cord Length",43.1,5,11.21
1007,CA-2013-150350,2013-08-24,2013-08-31,Maxwell Schwartz,United States,Seattle,Washington,Supplies,Acme Rosewood Handle Letter Opener,15.88,4,0.16
1008,CA-2011-136399,2011-12-16,2011-12-17,Chad Cunningham,United States,Los Angeles,California,Furnishings,"Executive Impressions 14"" Contract Wall Clock",44.46,2,14.67
1009,CA-2011-136399,2011-12-16,2011-12-17,Chad Cunningham,United States,Los Angeles,California,Chairs,DMI Arturo Collection Mission-style Design Wood Chair,241.57,2,18.12
1010,CA-2011-136399,2011-12-16,2011-12-17,Chad Cunningham,United States,Los Angeles,California,Accessories,First Data FD10 PIN Pad,395.0,5,39.5
1011,CA-2011-136399,2011-12-16,2011-12-17,Chad Cunningham,United States,Los Angeles,California,Phones,GE 30524EE4,627.17,4,70.56
1012,CA-2014-131828,2014-02-12,2014-02-14,Cari Sayre,United States,Seattle,Washington,Chairs,"Global Leather and Oak Executive Chair, Black",963.14,4,108.35
1013,CA-2014-131828,2014-02-12,2014-02-14,Cari Sayre,United States,Seattle,Washington,Phones,"Logitech B530 USB Headset - headset - Full size, Binaural",88.78,3,7.77
1014,CA-2011-109218,2011-06-30,2011-07-03,Anthony Rawles,United States,Los Angeles,California,Art,"BIC Brite Liner Highlighters, Chisel Tip",32.4,5,10.37
1015,US-2011-109036,2011-12-20,2011-12-25,Keith Herrera,United States,Seattle,Washington,Labels,Avery 489,31.05,3,14.9
1016,CA-2011-128986,2011-08-03,2011-08-05,Gary Hansen,United States,Glendale,Arizona,Paper,White Computer Printout Paper by Universal,93.02,3,33.72
1017,CA-2011-153969,2011-09-21,2011-09-25,Herbert Flentye,United States,San Francisco,California,Fasteners,Staples,15.56,2,7.31
1018,CA-2011-153969,2011-09-21,2011-09-25,Herbert Flentye,United States,San Francisco,California,Envelopes,"#10 White Business Envelopes,4 1/8 x 9 1/2",78.35,5,36.82
1019,CA-2011-153969,2011-09-21,2011-09-25,Herbert Flentye,United States,San Francisco,California,Art,Newell 34,59.52,3,15.48
1020,CA-2011-153969,2011-09-21,2011-09-25,Herbert Flentye,United States,San Francisco,California,Paper,Xerox 1971,38.52,9,17.33
1021,CA-2011-153969,2011-09-21,2011-09-25,Herbert Flentye,United States,San Francisco,California,Phones,Polycom CX300 Desktop Phone USB VoIP phone,239.98,2,24.0
1022,CA-2011-153969,2011-09-21,2011-09-25,Herbert Flentye,United States,San Francisco,California,Paper,"Wirebound Four 2-3/4 x 5 Forms per Page, 400 Sets per Book",19.35,3,9.48
1023,US-2014-132059,2014-09-24,2014-09-30,Arthur Prichep,United States,Fort Collins,Colorado,Bookcases,"Atlantic Metals Mobile 5-Shelf Bookcases, Custom Colors",180.59,2,-240.78
1024,US-2014-132059,2014-09-24,2014-09-30,Arthur Prichep,United States,Fort Collins,Colorado,Accessories,Belkin F8E887 USB Wired Ergonomic Keyboard,47.98,2,0.6
1025,US-2014-146416,2014-10-21,2014-10-23,Justin Ellison,United States,Woodland,California,Labels,Avery 510,3.75,1,1.8
1026,US-2014-146416,2014-10-21,2014-10-23,Justin Ellison,United States,Woodland,California,Binders,Wilson Jones Four-Pocket Poly Binders,20.93,4,7.59
1027,CA-2012-149384,2012-07-10,2012-07-10,Eric Hoffmann,United States,Tempe,Arizona,Binders,Accohide Poly Flexible Ring Binders,3.37,3,-2.24
1028,CA-2011-158372,2011-11-10,2011-11-16,Ruben Dartt,United States,San Diego,California,Phones,Jabra SPEAK 410,601.54,8,60.15
1029,CA-2011-158372,2011-11-10,2011-11-16,Ruben Dartt,United States,San Diego,California,Accessories,Memorex Froggy Flash Drive 4 GB,10.99,1,4.29
1030,CA-2011-158372,2011-11-10,2011-11-16,Ruben Dartt,United States,San Diego,California,Furnishings,Luxo Economy Swing Arm Lamp,39.88,2,11.17
1031,CA-2011-158372,2011-11-10,2011-11-16,Ruben Dartt,United States,San Diego,California,Paper,"Southworth 100% Résumé Paper, 24lb.",62.24,8,28.01
1032,CA-2011-158372,2011-11-10,2011-11-16,Ruben Dartt,United States,San Diego,California,Furnishings,"Eldon Expressions Punched Metal & Wood Desk Accessories, Pewter & Cherry",53.2,5,14.9
1033,CA-2011-158372,2011-11-10,2011-11-16,Ruben Dartt,United States,San Diego,California,Labels,Avery White Multi-Purpose Labels,39.84,8,18.33
1034,CA-2013-108882,2013-01-09,2013-01-15,Laura Armstrong,United States,Fresno,California,Accessories,Logitech G500s Laser Gaming Mouse with Adjustable Weight Tuning,349.95,5,118.98
1035,CA-2013-108882,2013-01-09,2013-01-15,Laura Armstrong,United States,Fresno,California,Phones,netTALK DUO VoIP Telephone Service,377.93,9,141.72
1036,CA-2014-150189,2014-07-09,2014-07-11,Vivek Gonzalez,United States,San Mateo,California,Labels,Avery 485,75.18,6,35.33
1037,CA-2011-114433,2011-05-13,2011-05-17,Naresj Patel,United States,Oakland,California,Accessories,Plantronics Audio 478 Stereo USB Headset,149.97,3,52.49
1038,CA-2011-108189,2011-10-02,2011-10-05,Erin Smith,United States,Tempe,Arizona,Paper,"Adams Telephone Message Book W/Dividers/Space For Phone Numbers, 5 1/4""X8 1/2"", 300/Messages",9.41,2,3.41
1039,CA-2011-108189,2011-10-02,2011-10-05,Erin Smith,United States,Tempe,Arizona,Fasteners,Staples,4.67,2,1.46
1040,CA-2011-108189,2011-10-02,2011-10-05,Erin Smith,United States,Tempe,Arizona,Phones,Bose SoundLink Bluetooth Speaker,318.4,2,107.46
1041,CA-2011-108189,2011-10-02,2011-10-05,Erin Smith,United States,Tempe,Arizona,Envelopes,Letter or Legal Size Expandable Poly String Tie Envelopes,12.77,6,4.63
1042,CA-2011-108189,2011-10-02,2011-10-05,Erin Smith,United States,Tempe,Arizona,Supplies,Stiletto Hand Letter Openers,15.36,2,-3.26
1043,CA-2011-108189,2011-10-02,2011-10-05,Erin Smith,United States,Tempe,Arizona,Phones,Pyle PMP37LED,230.38,3,20.16
1044,CA-2011-108189,2011-10-02,2011-10-05,Erin Smith,United States,Tempe,Arizona,Accessories,Kingston Digital DataTraveler 16GB USB 2.0,7.16,1,-0.09
1045,CA-2013-138933,2013-04-25,2013-04-28,Jack Lebron,United States,Riverside,California,Binders,Cardinal Holdit Business Card Pockets,3.98,1,1.39
1046,US-2014-140907,2014-12-11,2014-12-13,Ben Peterman,United States,Seattle,Washington,Accessories,Logitech Desktop MK120 Mouse and keyboard Combo,49.08,3,4.91
1047,US-2014-140907,2014-12-11,2014-12-13,Ben Peterman,United States,Seattle,Washington,Storage,Fellowes Bankers Box Staxonsteel Drawer File/Stacking System,324.9,5,38.99
1048,US-2014-140907,2014-12-11,2014-12-13,Ben Peterman,United States,Seattle,Washington,Art,Col-Erase Pencils with Erasers,18.24,3,5.29
1049,CA-2013-159730,2013-09-18,2013-09-22,Sanjit Jacobs,United States,Seattle,Washington,Chairs,Harbour Creations 67200 Series Stacking Chairs,113.89,2,9.97
1050,CA-2013-159730,2013-09-18,2013-09-22,Sanjit Jacobs,United States,Seattle,Washington,Phones,Clarity 53712,105.58,2,7.92
1051,CA-2013-155474,2013-07-09,2013-07-15,Chris Cortes,United States,Seattle,Washington,Phones,Logitech Mobile Speakerphone P710e - speaker phone,107.98,1,9.45
1052,CA-2013-155474,2013-07-09,2013-07-15,Chris Cortes,United States,Seattle,Washington,Binders,"Fellowes Twister Kit, Gray/Clear, 3/pkg",19.3,3,6.03
1053,CA-2011-140662,2011-11-17,2011-11-19,Thomas Seio,United States,San Francisco,California,Accessories,Case Logic 2.4GHz Wireless Keyboard,99.98,2,8.0
1054,CA-2011-140662,2011-11-17,2011-11-19,Thomas Seio,United States,San Francisco,California,Paper,Xerox 1941,733.95,7,352.3
1055,CA-2011-140662,2011-11-17,2011-11-19,Thomas Seio,United States,San Francisco,California,Appliances,APC 7 Outlet Network SurgeArrest Surge Protector,241.44,3,72.43
1056,CA-2012-155145,2012-12-27,2012-12-29,Kean Nguyen,United States,Visalia,California,Accessories,Maxell 4.7GB DVD-R 5/Pack,7.92,8,3.48
1057,CA-2012-146038,2012-02-09,2012-02-16,Sarah Jordon,United States,Los Angeles,California,Chairs,"Global Deluxe Stacking Chair, Gray",203.92,5,22.94
1058,CA-2014-133865,2014-05-09,2014-05-13,Penelope Sewall,United States,Los Angeles,California,Copiers,Canon Imageclass D680 Copier / Fax,3359.95,6,1049.99
1059,CA-2012-157770,2012-12-13,2012-12-15,Rob Dowd,United States,Temecula,California,Phones,Plantronics Voyager Pro Legend,494.38,3,49.44
1060,CA-2012-157770,2012-12-13,2012-12-15,Rob Dowd,United States,Temecula,California,Binders,"Angle-D Binders with Locking Rings, Label Holders",29.2,5,9.86
1061,CA-2012-157770,2012-12-13,2012-12-15,Rob Dowd,United States,Temecula,California,Accessories,Logitech K350 2.4Ghz Wireless Keyboard,248.85,5,27.37
1062,CA-2012-157770,2012-12-13,2012-12-15,Rob Dowd,United States,Temecula,California,Accessories,Memorex Mini Travel Drive 64 GB USB 2.0 Flash Drive,36.24,1,15.22
1063,CA-2011-106264,2011-12-26,2011-12-30,Clytie Kelty,United States,San Diego,California,Supplies,Acme Rosewood Handle Letter Opener,11.91,3,0.12
1064,CA-2011-106264,2011-12-26,2011-12-30,Clytie Kelty,United States,San Diego,California,Furnishings,"Eldon Regeneration Recycled Desk Accessories, Smoke",3.48,2,1.11
1065,US-2012-110569,2012-05-23,2012-05-30,Emily Burns,United States,Phoenix,Arizona,Binders,Cardinal EasyOpen D-Ring Binders,19.19,7,-12.8
1066,US-2012-110569,2012-05-23,2012-05-30,Emily Burns,United States,Phoenix,Arizona,Appliances,Fellowes Superior 10 Outlet Split Surge Protector,121.79,4,13.7
1067,CA-2014-136308,2014-11-17,2014-11-17,Mitch Willingham,United States,San Francisco,California,Machines,Bady BDG101FRU Card Printer,1919.98,3,216.0
1068,US-2011-133130,2011-09-27,2011-10-01,Thea Hendricks,United States,San Diego,California,Chairs,DMI Arturo Collection Mission-style Design Wood Chair,603.92,5,45.29
1069,US-2011-133130,2011-09-27,2011-10-01,Thea Hendricks,United States,San Diego,California,Paper,Xerox 1919,81.98,2,40.17
1070,CA-2012-165057,2012-09-11,2012-09-15,Steven Cartwright,United States,Redlands,California,Art,Boston 19500 Mighty Mite Electric Pencil Sharpener,181.35,9,48.96
1071,CA-2012-165057,2012-09-11,2012-09-15,Steven Cartwright,United States,Redlands,California,Labels,Avery 474,8.64,3,4.23
1072,US-2014-109253,2014-08-22,2014-08-23,Patrick Ryan,United States,Oakland,California,Art,Newell 336,17.12,4,4.96
1073,US-2014-109253,2014-08-22,2014-08-23,Patrick Ryan,United States,Oakland,California,Phones,Cisco 8x8 Inc. 6753i IP Business Phone System,431.97,4,37.8
1074,US-2014-109253,2014-08-22,2014-08-23,Patrick Ryan,United States,Oakland,California,Furnishings,Tenex Chairmats For Use with Hard Floors,129.92,4,10.39
1075,US-2014-109253,2014-08-22,2014-08-23,Patrick Ryan,United States,Oakland,California,Tables,Chromcraft Rectangular Conference Tables,568.73,3,28.44
1076,US-2014-109253,2014-08-22,2014-08-23,Patrick Ryan,United States,Oakland,California,Binders,"Acco Flexible ACCOHIDE Square Ring Data Binder, Dark Blue, 11 1/2"" X 14"" 7/8""",117.14,9,42.46
1077,US-2014-109253,2014-08-22,2014-08-23,Patrick Ryan,United States,Oakland,California,Appliances,Fellowes Command Center 5-outlet power strip,203.52,3,54.95
1078,US-2014-109253,2014-08-22,2014-08-23,Patrick Ryan,United States,Oakland,California,Labels,"Avery Address/Shipping Labels for Typewriters, 4"" x 2""",51.75,5,24.84
1079,CA-2012-112011,2012-08-13,2012-08-20,Odella Nelson,United States,Yucaipa,California,Art,50 Colored Long Pencils,50.8,5,13.21
1080,US-2013-157308,2013-08-18,2013-08-22,Neoma Murray,United States,Seattle,Washington,Binders,"Acco Pressboard Covers with Storage Hooks, 14 7/8"" x 11"", Light Blue",15.71,4,5.7
1081,US-2011-134733,2011-09-23,2011-09-28,Brian Moss,United States,San Diego,California,Bookcases,"Rush Hierlooms Collection 1"" Thick Stackable Bookcases",436.0,3,20.52
1082,US-2011-134733,2011-09-23,2011-09-28,Brian Moss,United States,San Diego,California,Phones,netTALK DUO VoIP Telephone Service,83.98,2,31.49
1083,CA-2011-115161,2011-02-01,2011-02-03,Liz Carlisle,United States,Mission Viejo,California,Bookcases,"Sauder Facets Collection Library, Sky Alder Finish",290.67,2,3.42
1084,CA-2012-115511,2012-11-21,2012-11-25,Natalie Webber,United States,Las Vegas,Nevada,Bookcases,"Hon Metal Bookcases, Putty",141.96,2,41.17
1085,CA-2012-115511,2012-11-21,2012-11-25,Natalie Webber,United States,Las Vegas,Nevada,Binders,"Square Ring Data Binders, Rigid 75 Pt. Covers, 11"" x 14-7/8""",66.05,4,23.12
1086,CA-2014-123778,2014-09-24,2014-10-01,Bruce Stewart,United States,San Francisco,California,Binders,"Acco PRESSTEX Data Binder with Storage Hooks, Light Blue, 9 1/2"" X 11""",25.82,6,9.04
1087,CA-2014-123778,2014-09-24,2014-10-01,Bruce Stewart,United States,San Francisco,California,Appliances,APC 7 Outlet Network SurgeArrest Surge Protector,160.96,2,48.29
1088,CA-2011-166471,2011-08-09,2011-08-13,Matthew Grinstein,United States,Seattle,Washington,Phones,Cisco Unified IP Phone 7945G VoIP phone,1091.17,4,68.2
1089,CA-2011-166471,2011-08-09,2011-08-13,Matthew Grinstein,United States,Seattle,Washington,Phones,Jawbone MINI JAMBOX Wireless Bluetooth Speaker,219.17,2,-43.83
1090,CA-2012-152527,2012-10-17,2012-10-17,Charlotte Melton,United States,Los Angeles,California,Storage,"Eldon Base for stackable storage shelf, platinum",77.88,2,3.89
1091,CA-2013-100244,2013-09-21,2013-09-25,Greg Maxwell,United States,San Francisco,California,Paper,Strathmore Photo Frame Cards,65.79,9,30.26
1092,CA-2013-100244,2013-09-21,2013-09-25,Greg Maxwell,United States,San Francisco,California,Binders,Fellowes PB200 Plastic Comb Binding Machine,271.98,2,88.39
1093,CA-2013-100244,2013-09-21,2013-09-25,Greg Maxwell,United States,San Francisco,California,Art,Newell 343,11.76,4,3.18
1094,CA-2013-100244,2013-09-21,2013-09-25,Greg Maxwell,United States,San Francisco,California,Paper,Xerox 1944,77.52,2,37.98
1095,CA-2013-100244,2013-09-21,2013-09-25,Greg Maxwell,United States,San Francisco,California,Binders,Ibico Plastic Spiral Binding Combs,48.64,2,15.81
1096,CA-2012-151841,2012-04-27,2012-05-02,Tony Chapman,United States,Aurora,Colorado,Appliances,Belkin 6 Outlet Metallic Surge Strip,43.56,5,3.27
1097,CA-2012-151841,2012-04-27,2012-05-02,Tony Chapman,United States,Aurora,Colorado,Supplies,Acme Value Line Scissors,5.84,2,0.73
1098,CA-2013-134803,2013-05-29,2013-06-04,Clay Ludtke,United States,Los Angeles,California,Appliances,Kensington 7 Outlet MasterPiece HOMEOFFICE Power Control Center,262.24,2,78.67
1099,CA-2013-134803,2013-05-29,2013-06-04,Clay Ludtke,United States,Los Angeles,California,Paper,Xerox 1991,182.72,8,84.05
1100,CA-2013-134803,2013-05-29,2013-06-04,Clay Ludtke,United States,Los Angeles,California,Accessories,Imation Clip USB flash drive - 8 GB,131.6,7,7.9
1101,CA-2013-134803,2013-05-29,2013-06-04,Clay Ludtke,United States,Los Angeles,California,Binders,"Wilson Jones Hanging View Binder, White, 1""",22.72,4,7.38
1102,CA-2013-134803,2013-05-29,2013-06-04,Clay Ludtke,United States,Los Angeles,California,Machines,Okidata C331dn Printer,558.4,2,41.88
1103,CA-2014-148264,2014-12-09,2014-12-10,Luke Foster,United States,Inglewood,California,Storage,Akro-Mils 12-Gallon Tote,29.79,3,8.64
1104,CA-2014-148264,2014-12-09,2014-12-10,Luke Foster,United States,Inglewood,California,Furnishings,"Tenex Traditional Chairmats for Hard Floors, Average Lip, 36"" x 48""",128.9,2,15.47
1105,CA-2014-148264,2014-12-09,2014-12-10,Luke Foster,United States,Inglewood,California,Paper,Xerox 1968,60.12,9,28.86
1106,CA-2014-131212,2014-12-06,2014-12-10,Alan Barnes,United States,Bellevue,Washington,Binders,GBC Wire Binding Combs,24.82,3,8.38
1107,CA-2014-131212,2014-12-06,2014-12-10,Alan Barnes,United States,Bellevue,Washington,Binders,Zipper Ring Binder Pockets,14.98,6,5.43
1108,CA-2012-144099,2012-11-29,2012-11-30,Phillina Ober,United States,San Francisco,California,Binders,"Acco PRESSTEX Data Binder with Storage Hooks, Dark Blue, 14 7/8"" X 11""",4.3,1,1.56
1109,CA-2013-162614,2013-10-08,2013-10-14,Tim Brockman,United States,Los Angeles,California,Binders,GBC Recycled VeloBinder Covers,27.26,2,8.86
1110,CA-2011-168592,2011-09-08,2011-09-14,Dennis Pardue,United States,San Francisco,California,Appliances,"Holmes Replacement Filter for HEPA Air Cleaner, Medium Room",56.65,5,24.36
1111,CA-2011-168592,2011-09-08,2011-09-14,Dennis Pardue,United States,San Francisco,California,Storage,Pizazz Global Quick File,14.97,1,4.19
1112,CA-2011-168592,2011-09-08,2011-09-14,Dennis Pardue,United States,San Francisco,California,Fasteners,Ideal Clamps,4.02,2,1.97
1113,US-2013-150035,2013-12-02,2013-12-06,Carl Ludwig,United States,San Francisco,California,Furnishings,Westinghouse Clip-On Gooseneck Lamps,16.74,2,4.35
1114,CA-2011-143385,2011-08-31,2011-09-05,Shirley Jackson,United States,Santa Fe,New Mexico,Accessories,KeyTronic KT400U2 - Keyboard - Black,92.52,9,18.5
1115,CA-2013-131289,2013-12-09,2013-12-15,Stefania Perrino,United States,San Francisco,California,Art,Newell 341,8.56,2,2.48
1116,CA-2013-131289,2013-12-09,2013-12-15,Stefania Perrino,United States,San Francisco,California,Paper,Xerox 204,45.36,7,21.77
1117,CA-2013-131289,2013-12-09,2013-12-15,Stefania Perrino,United States,San Francisco,California,Tables,Hon 94000 Series Round Tables,1421.66,6,-195.48
1118,CA-2013-107328,2013-08-09,2013-08-16,Cathy Armstrong,United States,Los Angeles,California,Tables,"Chromcraft 48"" x 96"" Racetrack Double Pedestal Table",513.02,2,12.83
1119,CA-2013-107328,2013-08-09,2013-08-16,Cathy Armstrong,United States,Los Angeles,California,Appliances,Kensington 4 Outlet MasterPiece Compact Power Control Center,487.92,6,136.62
1120,CA-2013-107328,2013-08-09,2013-08-16,Cathy Armstrong,United States,Los Angeles,California,Binders,Acco Hanging Data Binders,15.24,5,5.33
1121,CA-2012-168767,2012-04-10,2012-04-15,Dario Medina,United States,Sacramento,California,Binders,Insertable Tab Post Binder Dividers,12.83,2,4.33
1122,CA-2013-137673,2013-09-06,2013-09-11,Marina Lichtenstein,United States,San Diego,California,Accessories,HP Standard 104 key PS/2 Keyboard,116.0,8,29.0
1123,CA-2013-130680,2013-06-25,2013-06-30,Bill Donatelli,United States,San Diego,California,Phones,Macally Suction Cup Mount,38.24,4,-9.56
1124,CA-2011-110849,2011-04-18,2011-04-23,John Lee,United States,Los Angeles,California,Machines,Ativa MDM8000 8-Sheet Micro-Cut Shredder,287.97,4,97.19
1125,CA-2011-110849,2011-04-18,2011-04-23,John Lee,United States,Los Angeles,California,Art,Newell 351,13.12,4,3.8
1126,CA-2011-110849,2011-04-18,2011-04-23,John Lee,United States,Los Angeles,California,Art,"Binney & Smith inkTank Desk Highlighter, Chisel Tip, Yellow, 12/Box",10.75,5,3.55
1127,CA-2011-110849,2011-04-18,2011-04-23,John Lee,United States,Los Angeles,California,Fasteners,"Advantus Push Pins, Aluminum Head",11.62,2,3.6
1128,CA-2011-120838,2011-03-23,2011-03-26,Patrick O'Donnell,United States,Los Angeles,California,Storage,Economy Rollaway Files,330.4,2,85.9
1129,CA-2011-120838,2011-03-23,2011-03-26,Patrick O'Donnell,United States,Los Angeles,California,Phones,Ooma Telo VoIP Home Phone System,604.75,6,37.8
1130,CA-2014-118542,2014-12-02,2014-12-06,Clay Cheatham,United States,Los Angeles,California,Paper,Xerox 1905,45.36,7,21.77
1131,CA-2014-118542,2014-12-02,2014-12-06,Clay Cheatham,United States,Los Angeles,California,Binders,"Cardinal HOLDit! Binder Insert Strips,Extra Strips",10.13,2,3.67
1132,CA-2014-152737,2014-11-08,2014-11-13,Tony Sayre,United States,San Francisco,California,Binders,Avery Self-Adhesive Photo Pockets for Polaroid Photos,21.79,4,7.63
1133,CA-2014-152737,2014-11-08,2014-11-13,Tony Sayre,United States,San Francisco,California,Accessories,Plantronics Audio 995 Wireless Stereo Headset,439.8,4,145.13
1134,CA-2013-130029,2013-07-04,2013-07-07,Guy Thornton,United States,Los Angeles,California,Paper,Xerox 200,12.96,2,6.22
1135,CA-2013-130029,2013-07-04,2013-07-07,Guy Thornton,United States,Los Angeles,California,Fasteners,"Brites Rubber Bands, 1 1/2 oz. Box",3.96,2,0.08
1136,CA-2014-168109,2014-07-04,2014-07-04,Jim Kriz,United States,Seattle,Washington,Accessories,Logitech 910-002974 M325 Wireless Mouse for Web Scrolling,59.98,2,26.39
1137,CA-2014-168109,2014-07-04,2014-07-04,Jim Kriz,United States,Seattle,Washington,Machines,Okidata MB491 Multifunction Printer,2395.2,6,209.58
1138,CA-2014-168109,2014-07-04,2014-07-04,Jim Kriz,United States,Seattle,Washington,Accessories,Plantronics Savi W720 Multi-Device Wireless Headset System,1687.8,4,742.63
1139,CA-2014-168109,2014-07-04,2014-07-04,Jim Kriz,United States,Seattle,Washington,Phones,"Square Credit Card Reader, 4 1/2"" x 4 1/2"" x 1"", White",7.99,1,2.7
1140,CA-2013-103163,2013-06-08,2013-06-12,Frank Merwin,United States,Bakersfield,California,Binders,Avery Hanging File Binders,4.78,1,1.55
1141,CA-2013-103163,2013-06-08,2013-06-12,Frank Merwin,United States,Bakersfield,California,Paper,"While You Were Out Pads, 50 per Pad, 4 x 5 1/4, Green Cycle",4.73,1,2.32
1142,CA-2014-161823,2014-09-04,2014-09-09,Aleksandra Gannaway,United States,San Francisco,California,Art,"Premium Writing Pencils, Soft, #2 by Central Association for the Blind",5.96,2,1.67
1143,CA-2014-138310,2014-06-27,2014-07-01,Nora Preis,United States,Denver,Colorado,Accessories,Kensington Orbit Wireless Mobile Trackball for PC and Mac,431.93,9,64.79
1144,CA-2014-141929,2014-09-05,2014-09-09,Ralph Arnett,United States,Los Angeles,California,Binders,Ibico Hi-Tech Manual Binding System,487.98,2,152.5
1145,CA-2014-141929,2014-09-05,2014-09-09,Ralph Arnett,United States,Los Angeles,California,Phones,QVS USB Car Charger 2-Port 2.1Amp for iPod/iPhone/iPad/iPad 2/iPad 3,5.56,1,1.74
1146,CA-2014-141929,2014-09-05,2014-09-09,Ralph Arnett,United States,Los Angeles,California,Storage,"Trav-L-File Heavy-Duty Shuttle II, Black",217.85,5,65.36
1147,CA-2014-113530,2014-05-20,2014-05-22,Becky Castell,United States,San Francisco,California,Chairs,"Situations Contoured Folding Chairs, 4/Set",681.41,12,42.59
1148,CA-2014-113530,2014-05-20,2014-05-22,Becky Castell,United States,San Francisco,California,Art,Newell 310,3.52,2,1.02
1149,CA-2014-113530,2014-05-20,2014-05-22,Becky Castell,United States,San Francisco,California,Art,Newell 314,5.58,1,1.4
1150,CA-2014-113530,2014-05-20,2014-05-22,Becky Castell,United States,San Francisco,California,Accessories,SanDisk Cruzer 64 GB USB Flash Drive,36.32,1,10.9
1151,CA-2011-169726,2011-08-09,2011-08-13,Joseph Holt,United States,Seattle,Washington,Binders,Ibico Ibimaster 300 Manual Binding System,2060.74,7,643.98
1152,CA-2014-132178,2014-05-04,2014-05-09,Darren Budd,United States,Los Angeles,California,Storage,"Multi-Use Personal File Cart and Caster Set, Three Stacking Bins",69.52,2,19.47
1153,CA-2014-132178,2014-05-04,2014-05-09,Darren Budd,United States,Los Angeles,California,Storage,Fellowes Stor/Drawer Steel Plus Storage Drawers,763.44,8,45.81
1154,CA-2011-156594,2011-12-20,2011-12-23,Michael Chen,United States,Los Angeles,California,Binders,Ibico Hi-Tech Manual Binding System,487.98,2,152.5
1155,CA-2011-156594,2011-12-20,2011-12-23,Michael Chen,United States,Los Angeles,California,Art,Boston Home & Office Model 2000 Electric Pencil Sharpeners,47.3,2,12.3
1156,CA-2011-156594,2011-12-20,2011-12-23,Michael Chen,United States,Los Angeles,California,Art,Newell 31,4.13,1,1.16
1157,CA-2011-156594,2011-12-20,2011-12-23,Michael Chen,United States,Los Angeles,California,Binders,"Premium Transparent Presentation Covers, No Pattern/Clear, 8 1/2"" x 11""",155.12,5,50.41
1158,CA-2011-146528,2011-07-25,2011-07-27,Vicky Freymann,United States,Los Angeles,California,Paper,Xerox 1966,6.48,1,3.18
1159,CA-2011-146528,2011-07-25,2011-07-27,Vicky Freymann,United States,Los Angeles,California,Supplies,Acme Kleen Earth Office Shears,15.52,4,4.5
1160,CA-2013-161676,2013-07-19,2013-07-24,Jennifer Patt,United States,Glendale,Arizona,Supplies,"Elite 5"" Scissors",33.8,5,4.23
1161,CA-2011-129364,2011-12-08,2011-12-13,Tim Brockman,United States,Salem,Oregon,Labels,Avery 499,27.89,7,9.06
1162,CA-2011-129364,2011-12-08,2011-12-13,Tim Brockman,United States,Salem,Oregon,Binders,"Acco PRESSTEX Data Binder with Storage Hooks, Dark Blue, 9 1/2"" X 11""",6.46,4,-4.52
1163,CA-2011-129364,2011-12-08,2011-12-13,Tim Brockman,United States,Salem,Oregon,Phones,Samsung HM1900 Bluetooth Headset,52.68,3,19.76
1164,CA-2011-129364,2011-12-08,2011-12-13,Tim Brockman,United States,Salem,Oregon,Supplies,Acco Side-Punched Conventional Columnar Pads,13.88,5,-2.6
1165,CA-2011-129364,2011-12-08,2011-12-13,Tim Brockman,United States,Salem,Oregon,Accessories,SanDisk Ultra 16 GB MicroSDHC Class 10 Memory Card,103.92,10,-18.19
1166,CA-2011-129364,2011-12-08,2011-12-13,Tim Brockman,United States,Salem,Oregon,Labels,Avery 492,11.52,5,3.74
1167,CA-2011-129364,2011-12-08,2011-12-13,Tim Brockman,United States,Salem,Oregon,Paper,Xerox 232,10.37,2,3.63
1168,CA-2011-129364,2011-12-08,2011-12-13,Tim Brockman,United States,Salem,Oregon,Storage,Adjustable Personal File Tote,39.07,3,2.93
1169,CA-2012-156440,2012-12-05,2012-12-09,Matt Hagelstein,United States,San Diego,California,Furnishings,"Executive Impressions 14"" Contract Wall Clock",44.46,2,14.67
1170,CA-2013-102792,2013-12-14,2013-12-20,Jasper Cacioppo,United States,Riverside,California,Art,Crayola Colored Pencils,9.84,3,3.25
1171,CA-2014-140760,2014-06-03,2014-06-06,Denny Ordway,United States,Mesa,Arizona,Paper,Xerox 4200 Series MultiUse Premium Copy Paper (20Lb. and 84 Bright),25.34,6,7.92
1172,CA-2014-140760,2014-06-03,2014-06-06,Denny Ordway,United States,Mesa,Arizona,Envelopes,"Manila Recycled Extra-Heavyweight Clasp Envelopes, 6"" x 9""",43.92,5,15.92
1173,US-2012-131359,2012-10-30,2012-11-02,Frank Atkinson,United States,Denver,Colorado,Machines,Lexmark S315 Color Inkjet Printer,59.99,2,-46.0
1174,US-2012-131359,2012-10-30,2012-11-02,Frank Atkinson,United States,Denver,Colorado,Copiers,Sharp 1540cs Digital Laser Copier,439.99,1,165.0
1175,US-2012-131359,2012-10-30,2012-11-02,Frank Atkinson,United States,Denver,Colorado,Phones,OtterBox Commuter Series Case - iPhone 5 & 5s,87.96,5,30.79
1176,US-2012-131359,2012-10-30,2012-11-02,Frank Atkinson,United States,Denver,Colorado,Furnishings,"Eldon Regeneration Recycled Desk Accessories, Black",15.49,4,3.68
1177,CA-2012-151680,2012-11-19,2012-11-21,Tony Chapman,United States,Seattle,Washington,Furnishings,"Tenex V2T-RE Standard Weight Series Chair Mat, 45"" x 53"", Lip 25"" x 12""",141.96,2,22.71
1178,CA-2011-140039,2011-09-13,2011-09-17,Odella Nelson,United States,Tempe,Arizona,Storage,Eldon File Chest Portable File,79.4,5,5.96
1179,CA-2014-113670,2014-10-16,2014-10-18,Roland Schwarz,United States,Los Angeles,California,Tables,Bush Advantage Collection Round Conference Table,510.24,3,6.38
1180,CA-2014-113670,2014-10-16,2014-10-18,Roland Schwarz,United States,Los Angeles,California,Paper,Xerox 1919,204.95,5,100.43
1181,CA-2014-166198,2014-04-22,2014-04-25,Joni Wasserman,United States,Seattle,Washington,Accessories,"Verbatim Slim CD and DVD Storage Cases, 50/Pack",11.54,1,3.46
1182,CA-2014-166198,2014-04-22,2014-04-25,Joni Wasserman,United States,Seattle,Washington,Furnishings,Eldon Advantage Foldable Chair Mats for Low Pile Carpets,162.6,3,34.15
1183,CA-2011-135608,2011-12-08,2011-12-10,Jim Karlsson,United States,Olympia,Washington,Paper,Xerox 1964,45.68,2,21.01
1184,CA-2011-135608,2011-12-08,2011-12-10,Jim Karlsson,United States,Olympia,Washington,Chairs,DMI Arturo Collection Mission-style Design Wood Chair,603.92,5,45.29
1185,US-2011-169789,2011-12-30,2012-01-04,Maureen Fritzler,United States,Phoenix,Arizona,Binders,Ibico Ibimaster 300 Manual Binding System,551.99,5,-459.99
1186,CA-2013-151512,2013-12-27,2014-01-03,Sally Hughsby,United States,Denver,Colorado,Appliances,Harmony HEPA Quiet Air Purifiers,18.72,2,3.51
1187,CA-2014-161956,2014-08-28,2014-08-30,Dan Reichenbach,United States,Inglewood,California,Furnishings,"GE 48"" Fluorescent Tube, Cool White Energy Saver, 34 Watts, 30/Box",198.46,2,99.23
1188,CA-2014-161956,2014-08-28,2014-08-30,Dan Reichenbach,United States,Inglewood,California,Appliances,APC 7 Outlet Network SurgeArrest Surge Protector,321.92,4,96.58
1189,CA-2014-161956,2014-08-28,2014-08-30,Dan Reichenbach,United States,Inglewood,California,Copiers,Sharp 1540cs Digital Laser Copier,879.98,2,329.99
1190,CA-2014-161956,2014-08-28,2014-08-30,Dan Reichenbach,United States,Inglewood,California,Supplies,Acme Preferred Stainless Steel Scissors,28.4,5,8.24
1191,CA-2014-161956,2014-08-28,2014-08-30,Dan Reichenbach,United States,Inglewood,California,Chairs,Bevis Steel Folding Chairs,230.28,3,23.03
1192,CA-2014-161956,2014-08-28,2014-08-30,Dan Reichenbach,United States,Inglewood,California,Paper,White Computer Printout Paper by Universal,116.28,3,56.98
1193,CA-2014-161956,2014-08-28,2014-08-30,Dan Reichenbach,United States,Inglewood,California,Binders,GBC DocuBind 300 Electric Binding Machine,841.57,2,294.55
1194,CA-2014-161956,2014-08-28,2014-08-30,Dan Reichenbach,United States,Inglewood,California,Storage,Sensible Storage WireTech Storage Systems,354.9,5,17.75
1195,CA-2012-167745,2012-09-18,2012-09-23,George Bell,United States,Los Angeles,California,Art,"Quartet Omega Colored Chalk, 12/Pack",11.68,2,5.49
1196,CA-2012-167745,2012-09-18,2012-09-23,George Bell,United States,Los Angeles,California,Supplies,"Elite 5"" Scissors",16.9,2,5.07
1197,CA-2012-167745,2012-09-18,2012-09-23,George Bell,United States,Los Angeles,California,Furnishings,Advantus Panel Wall Certificate Holder - 8.5x11,24.4,2,10.25
1198,CA-2013-155530,2013-12-18,2013-12-22,Charles McCrossin,United States,San Francisco,California,Tables,Bretford Just In Time Height-Adjustable Multi-Task Work Tables,2003.52,6,-325.57
1199,CA-2012-107937,2012-05-03,2012-05-08,Julia Barnett,United States,Chula Vista,California,Furnishings,"Rubbermaid ClusterMat Chairmats, Mat Size- 66"" x 60"", Lip 20"" x 11"" -90 Degree Angle",665.88,6,106.54
1200,CA-2013-144218,2013-11-01,2013-11-05,Jonathan Doherty,United States,Los Angeles,California,Storage,"Dual Level, Single-Width Filing Carts",1085.42,7,282.21
1201,CA-2011-107139,2011-07-05,2011-07-11,Dennis Pardue,United States,Los Angeles,California,Binders,Vinyl Sectional Post Binders,180.96,6,67.86
1202,US-2011-117163,2011-01-28,2011-02-03,Ed Jacobs,United States,San Diego,California,Storage,Recycled Steel Personal File for Hanging File Folders,57.23,1,14.31
1203,US-2011-117163,2011-01-28,2011-02-03,Ed Jacobs,United States,San Diego,California,Tables,Balt Split Level Computer Training Table,333.0,3,-16.65
1204,US-2011-117163,2011-01-28,2011-02-03,Ed Jacobs,United States,San Diego,California,Art,Dixon Ticonderoga Core-Lock Colored Pencils,36.44,4,12.03
1205,CA-2011-100363,2011-04-08,2011-04-15,Jim Mitchum,United States,Glendale,Arizona,Fasteners,Binder Clips by OIC,2.37,2,0.83
1206,CA-2011-100363,2011-04-08,2011-04-15,Jim Mitchum,United States,Glendale,Arizona,Paper,Things To Do Today Spiral Book,19.01,3,6.89
1207,CA-2011-126760,2011-07-26,2011-08-02,Kunst Miller,United States,North Las Vegas,Nevada,Phones,Apple iPhone 5S,911.98,2,114.0
1208,CA-2011-126760,2011-07-26,2011-08-02,Kunst Miller,United States,North Las Vegas,Nevada,Chairs,Hon 2090 Pillow Soft Series Mid Back Swivel/Tilt Chairs,674.35,3,-109.58
1209,CA-2011-126760,2011-07-26,2011-08-02,Kunst Miller,United States,North Las Vegas,Nevada,Furnishings,Tensor Computer Mounted Lamp,134.01,9,36.18
1210,CA-2011-126760,2011-07-26,2011-08-02,Kunst Miller,United States,North Las Vegas,Nevada,Accessories,Logitech Illuminated Ultrathin Keyboard with Backlighting,170.97,3,70.1
1211,CA-2011-101931,2011-10-28,2011-10-31,Todd Sumrall,United States,Los Angeles,California,Binders,Avery Non-Stick Binders,7.18,2,2.25
1212,CA-2011-101931,2011-10-28,2011-10-31,Todd Sumrall,United States,Los Angeles,California,Supplies,Serrated Blade or Curved Handle Hand Letter Openers,6.28,2,0.06
1213,CA-2011-101931,2011-10-28,2011-10-31,Todd Sumrall,United States,Los Angeles,California,Supplies,Premier Automatic Letter Opener,480.74,2,14.42
1214,CA-2011-101931,2011-10-28,2011-10-31,Todd Sumrall,United States,Los Angeles,California,Bookcases,O'Sullivan Living Dimensions 2-Shelf Bookcases,617.0,6,-36.29
1215,CA-2011-101931,2011-10-28,2011-10-31,Todd Sumrall,United States,Los Angeles,California,Storage,Eldon Portable Mobile Manager,141.4,5,38.18
1216,US-2014-131849,2014-06-07,2014-06-11,Gary Hansen,United States,San Francisco,California,Furnishings,"Eldon 300 Class Desk Accessories, Black",4.95,1,2.18
1217,US-2014-131849,2014-06-07,2014-06-11,Gary Hansen,United States,San Francisco,California,Storage,Sterilite Show Offs Storage Containers,26.4,5,0.0
1218,CA-2011-140816,2011-12-20,2011-12-20,Toby Carlisle,United States,Thornton,Colorado,Accessories,Logitech G430 Surround Sound Gaming Headset with Dolby 7.1 Technology,447.94,7,89.59
1219,CA-2014-123246,2014-10-18,2014-10-20,Astrea Jones,United States,San Diego,California,Art,Economy #2 Pencils,10.64,4,2.77
1220,CA-2011-124709,2011-07-27,2011-07-29,Giulietta Weimer,United States,San Francisco,California,Accessories,WD My Passport Ultra 2TB Portable External Hard Drive,238.0,2,38.08
1221,CA-2012-132486,2012-10-23,2012-10-27,Jay Fein,United States,San Diego,California,Accessories,Maxell DVD-RAM Discs,148.32,9,63.78
1222,CA-2012-132486,2012-10-23,2012-10-27,Jay Fein,United States,San Diego,California,Chairs,"Global Leather and Oak Executive Chair, Black",240.78,1,27.09
1223,CA-2012-132486,2012-10-23,2012-10-27,Jay Fein,United States,San Diego,California,Chairs,Global Chrome Stack Chair,191.97,7,16.8
1224,CA-2012-132486,2012-10-23,2012-10-27,Jay Fein,United States,San Diego,California,Paper,Xerox 196,11.56,2,5.66
1225,CA-2012-132486,2012-10-23,2012-10-27,Jay Fein,United States,San Diego,California,Envelopes,"Redi-Strip #10 Envelopes, 4 1/8 x 9 1/2",11.8,4,5.66
1226,CA-2012-132486,2012-10-23,2012-10-27,Jay Fein,United States,San Diego,California,Chairs,Office Star - Professional Matrix Back Chair with 2-to-1 Synchro Tilt and Mesh Fabric Seat,842.35,3,42.12
1227,CA-2012-129896,2012-06-15,2012-06-20,Peter Fuller,United States,Gilbert,Arizona,Paper,Xerox 1895,9.57,2,2.99
1228,CA-2012-129896,2012-06-15,2012-06-20,Peter Fuller,United States,Gilbert,Arizona,Storage,"Belkin 19"" Vented Equipment Shelf, Black",82.37,2,-19.56
1229,CA-2012-129896,2012-06-15,2012-06-20,Peter Fuller,United States,Gilbert,Arizona,Furnishings,"Eldon ""L"" Workstation Diamond Chairmat",364.7,6,-36.47
1230,CA-2012-129896,2012-06-15,2012-06-20,Peter Fuller,United States,Gilbert,Arizona,Furnishings,"DAX Copper Panel Document Frame, 5 x 7 Size",40.26,4,11.07
1231,US-2013-163881,2013-11-25,2013-12-01,Sung Pak,United States,Los Angeles,California,Accessories,Plantronics CS510 - Over-the-Head monaural Wireless Headset System,659.9,2,217.77
1232,US-2013-163881,2013-11-25,2013-12-01,Sung Pak,United States,Los Angeles,California,Chairs,Global Leather Executive Chair,1684.75,6,210.59
1233,US-2013-163881,2013-11-25,2013-12-01,Sung Pak,United States,Los Angeles,California,Accessories,Logitech G500s Laser Gaming Mouse with Adjustable Weight Tuning,559.92,8,190.37
1234,US-2012-119312,2012-10-02,2012-10-07,Christopher Schild,United States,Los Angeles,California,Storage,Eldon ProFile File 'N Store Portable File Tub Letter/Legal Size Black,270.34,14,75.7
1235,US-2014-142573,2014-07-19,2014-07-24,Maris LaWare,United States,Phoenix,Arizona,Tables,"Chromcraft 48"" x 96"" Racetrack Double Pedestal Table",801.6,5,-448.9
1236,US-2014-142573,2014-07-19,2014-07-24,Maris LaWare,United States,Phoenix,Arizona,Chairs,"Global Fabric Manager's Chair, Dark Gray",161.57,2,10.1
1237,US-2014-142573,2014-07-19,2014-07-24,Maris LaWare,United States,Phoenix,Arizona,Paper,Riverleaf Stik-Withit Designer Note Cubes,16.1,2,5.23
1238,US-2014-142573,2014-07-19,2014-07-24,Maris LaWare,United States,Phoenix,Arizona,Binders,Acco Expandable Hanging Binders,7.66,4,-6.12
1239,US-2014-142573,2014-07-19,2014-07-24,Maris LaWare,United States,Phoenix,Arizona,Chairs,High-Back Leather Manager's Chair,311.98,3,-42.9
1240,CA-2011-103940,2011-09-17,2011-09-21,Bradley Nguyen,United States,Seattle,Washington,Storage,Eldon Gobal File Keepers,30.28,2,1.21
1241,CA-2011-103940,2011-09-17,2011-09-21,Bradley Nguyen,United States,Seattle,Washington,Storage,Eldon ProFile File 'N Store Portable File Tub Letter/Legal Size Black,57.93,3,16.22
1242,CA-2011-103940,2011-09-17,2011-09-21,Bradley Nguyen,United States,Seattle,Washington,Furnishings,"Executive Impressions 12"" Wall Clock",35.34,2,13.43
1243,CA-2011-103940,2011-09-17,2011-09-21,Bradley Nguyen,United States,Seattle,Washington,Binders,GBC Prestige Therm-A-Bind Covers,137.24,5,46.32
1244,CA-2014-123001,2014-09-03,2014-09-09,Anthony Witt,United States,Bakersfield,California,Art,"OIC #2 Pencils, Medium Soft",9.4,5,2.73
1245,CA-2014-123001,2014-09-03,2014-09-09,Anthony Witt,United States,Bakersfield,California,Labels,Avery 505,74.0,5,37.0
1246,CA-2014-123001,2014-09-03,2014-09-09,Anthony Witt,United States,Bakersfield,California,Phones,Ooma Telo VoIP Home Phone System,201.58,2,12.6
1247,CA-2013-133144,2013-05-17,2013-05-22,Denny Ordway,United States,Los Angeles,California,Paper,Xerox 196,17.34,3,8.5
1248,US-2013-151862,2013-03-02,2013-03-09,Odella Nelson,United States,Denver,Colorado,Phones,RCA ViSYS 25423RE1 Corded phone,159.98,2,14.0
1249,CA-2013-114951,2013-06-27,2013-07-04,Duane Noonan,United States,San Francisco,California,Furnishings,"Eldon Expressions Wood Desk Accessories, Oak",22.14,3,6.42
1250,CA-2014-134838,2014-02-20,2014-02-21,Emily Ducich,United States,Los Angeles,California,Art,Newell 320,12.84,3,3.47
1251,CA-2014-134838,2014-02-20,2014-02-21,Emily Ducich,United States,Los Angeles,California,Furnishings,Tensor Computer Mounted Lamp,44.67,3,12.06
1252,CA-2013-146010,2013-05-21,2013-05-24,Eugene Hildebrand,United States,Colorado Springs,Colorado,Binders,GBC Durable Plastic Covers,40.64,7,-32.51
1253,CA-2011-135090,2011-11-22,2011-11-26,Susan Pistek,United States,Los Angeles,California,Paper,Xerox 1895,53.82,9,24.22
1254,CA-2014-101308,2014-10-03,2014-10-08,Frank Gastineau,United States,Seattle,Washington,Fasteners,Staples,8.94,3,4.11
1255,CA-2014-101308,2014-10-03,2014-10-08,Frank Gastineau,United States,Seattle,Washington,Phones,i.Sound Portable Power - 8000 mAh,84.78,2,-20.14
1256,CA-2014-119564,2014-12-16,2014-12-21,Paul Lucas,United States,Seattle,Washington,Furnishings,"Master Giant Foot Doorstop, Safety Yellow",22.77,3,9.79
1257,CA-2013-135265,2013-07-08,2013-07-10,Christopher Conant,United States,Los Angeles,California,Chairs,"Global Leather Task Chair, Black",287.97,4,-3.6
1258,CA-2013-135265,2013-07-08,2013-07-10,Christopher Conant,United States,Los Angeles,California,Copiers,Canon PC1060 Personal Laser Copier,2799.96,5,944.99
1259,CA-2013-135265,2013-07-08,2013-07-10,Christopher Conant,United States,Los Angeles,California,Paper,Xerox 1942,48.94,1,24.47
1260,CA-2013-108735,2013-04-18,2013-04-22,Jessica Myrick,United States,Lakewood,California,Bookcases,"Bush Westfield Collection Bookcases, Fully Assembled",257.5,3,24.24
1261,CA-2011-116834,2011-10-11,2011-10-16,Dean percer,United States,Seattle,Washington,Furnishings,DAX Cubicle Frames - 8x10,63.47,11,19.04
1262,CA-2011-116834,2011-10-11,2011-10-16,Dean percer,United States,Seattle,Washington,Accessories,WD My Passport Ultra 1TB Portable External Hard Drive,345.0,5,58.65
1263,CA-2012-107468,2012-12-18,2012-12-22,Michael Kennedy,United States,Louisville,Colorado,Art,Newell 320,6.85,2,0.6
1264,CA-2014-144463,2014-01-02,2014-01-06,Steven Cartwright,United States,Los Angeles,California,Furnishings,"Howard Miller 11-1/2"" Diameter Brentwood Wall Clock",474.43,11,199.26
1265,CA-2014-130764,2014-10-28,2014-10-29,Jack O'Briant,United States,San Francisco,California,Bookcases,"O'Sullivan Elevations Bookcase, Cherry Finish",556.67,5,6.55
1266,CA-2014-130764,2014-10-28,2014-10-29,Jack O'Briant,United States,San Francisco,California,Phones,Jackery Bar Premium Fast-charging Portable Charger,95.84,4,34.74
1267,CA-2013-169957,2013-09-27,2013-10-01,Steve Nguyen,United States,Covington,Washington,Appliances,Belkin 7 Outlet SurgeMaster II,236.88,6,66.33
1268,CA-2013-169957,2013-09-27,2013-10-01,Steve Nguyen,United States,Covington,Washington,Paper,Universal Premium White Copier/Laser Paper (20Lb. and 87 Bright),29.9,5,14.65
1269,CA-2013-169957,2013-09-27,2013-10-01,Steve Nguyen,United States,Covington,Washington,Accessories,Micro Innovations USB RF Wireless Keyboard with Mouse,100.0,4,21.0
1270,CA-2011-110786,2011-12-29,2012-01-02,Anthony Johnson,United States,San Francisco,California,Furnishings,Stacking Trays by OIC,24.9,5,8.22
1271,CA-2011-110786,2011-12-29,2012-01-02,Anthony Johnson,United States,San Francisco,California,Paper,Xerox 1981,21.12,4,9.5
1272,CA-2011-110786,2011-12-29,2012-01-02,Anthony Johnson,United States,San Francisco,California,Machines,DYMO CardScan Personal V9 Business Card Scanner,767.95,6,287.98
1273,CA-2011-110786,2011-12-29,2012-01-02,Anthony Johnson,United States,San Francisco,California,Binders,Avery Hanging File Binders,14.35,3,4.66
1274,CA-2011-110786,2011-12-29,2012-01-02,Anthony Johnson,United States,San Francisco,California,Phones,Mophie Juice Pack Helium for iPhone,191.98,3,19.2
1275,CA-2011-110786,2011-12-29,2012-01-02,Anthony Johnson,United States,San Francisco,California,Labels,Avery 477,274.77,9,126.39
1276,CA-2011-110786,2011-12-29,2012-01-02,Anthony Johnson,United States,San Francisco,California,Furnishings,"Executive Impressions 10"" Spectator Wall Clock",70.56,6,23.99
1277,CA-2012-137750,2012-06-25,2012-06-30,Jill Fjeld,United States,San Francisco,California,Furnishings,Dana Halogen Swing-Arm Architect Lamp,204.85,5,57.36
1278,CA-2012-124058,2012-11-20,2012-11-24,Lena Creighton,United States,Oakland,California,Phones,Gear Head AU3700S Headset,72.74,7,-15.46
1279,CA-2012-124058,2012-11-20,2012-11-24,Lena Creighton,United States,Oakland,California,Chairs,Safco Contoured Stacking Chairs,572.16,3,35.76
1280,US-2012-138716,2012-09-17,2012-09-20,Cari Sayre,United States,Seattle,Washington,Binders,"Acco Data Flex Cable Posts For Top & Bottom Load Binders, 6"" Capacity",25.03,3,7.82
1281,CA-2013-140417,2013-09-26,2013-09-30,Katrina Edelman,United States,Tigard,Oregon,Paper,"REDIFORM Incoming/Outgoing Call Register, 11"" X 8 1/2"", 100 Messages",60.05,9,22.52
1282,CA-2013-140417,2013-09-26,2013-09-30,Katrina Edelman,United States,Tigard,Oregon,Binders,GBC Poly Designer Binding Covers,5.02,1,-3.52
1283,CA-2014-163692,2014-09-08,2014-09-10,Dean percer,United States,Phoenix,Arizona,Binders,Wilson Jones Leather-Like Binders with DublLock Round Rings,7.86,3,-6.02
1284,CA-2013-111913,2013-08-05,2013-08-07,Linda Cazamias,United States,Sacramento,California,Phones,Mitel 5320 IP Phone VoIP phone,302.38,2,30.24
1285,CA-2013-111913,2013-08-05,2013-08-07,Linda Cazamias,United States,Sacramento,California,Binders,Wilson Jones Leather-Like Binders with DublLock Round Rings,20.95,3,7.07
1286,CA-2013-111913,2013-08-05,2013-08-07,Linda Cazamias,United States,Sacramento,California,Binders,"Pressboard Covers with Storage Hooks, 9 1/2"" x 11"", Light Blue",11.78,3,3.98
1287,US-2014-155999,2014-08-08,2014-08-14,Jay Kimmel,United States,San Diego,California,Phones,GE DSL Phone Line Filter,159.96,5,18.0
1288,US-2014-155999,2014-08-08,2014-08-14,Jay Kimmel,United States,San Diego,California,Binders,Avery Printable Repositionable Plastic Tabs,13.76,2,4.64
1289,CA-2013-163573,2013-11-25,2013-11-28,Amy Cox,United States,Seattle,Washington,Binders,Ibico Hi-Tech Manual Binding System,1219.96,5,381.24
1290,CA-2012-153416,2012-11-24,2012-11-29,Toby Swindell,United States,Los Angeles,California,Binders,Avery Reinforcements for Hole-Punch Pages,3.17,2,0.99
1291,CA-2012-153416,2012-11-24,2012-11-29,Toby Swindell,United States,Los Angeles,California,Paper,Xerox 225,19.44,3,9.33
1292,CA-2012-153416,2012-11-24,2012-11-29,Toby Swindell,United States,Los Angeles,California,Storage,Fellowes Bankers Box Staxonsteel Drawer File/Stacking System,454.86,7,54.58
1293,CA-2012-153416,2012-11-24,2012-11-29,Toby Swindell,United States,Los Angeles,California,Binders,Avery Premier Heavy-Duty Binder with Round Locking Rings,91.39,8,29.7
1294,CA-2014-133823,2014-05-12,2014-05-13,Liz Pelletier,United States,Seattle,Washington,Paper,"Ampad Phone Message Book, Recycled, 400 Message Capacity, 5 ¾ x 11",37.44,6,16.85
1295,CA-2014-133823,2014-05-12,2014-05-13,Liz Pelletier,United States,Seattle,Washington,Labels,Avery 50,37.59,3,17.67
1296,CA-2014-133823,2014-05-12,2014-05-13,Liz Pelletier,United States,Seattle,Washington,Binders,"Acco Flexible ACCOHIDE Square Ring Data Binder, Dark Blue, 11 1/2"" X 14"" 7/8""",26.03,2,9.44
1297,CA-2012-121272,2012-03-29,2012-04-04,Denny Ordway,United States,Seattle,Washington,Appliances,Acco 6 Outlet Guardian Premium Plus Surge Suppressor,73.28,4,21.25
1298,CA-2014-105914,2014-10-03,2014-10-09,Paul Van Hugh,United States,Los Angeles,California,Binders,"Performers Binder/Pad Holder, Black",112.12,5,42.05
1299,CA-2014-105914,2014-10-03,2014-10-09,Paul Van Hugh,United States,Los Angeles,California,Storage,Tennsco Double-Tier Lockers,1575.14,7,204.77
1300,CA-2014-112725,2014-01-31,2014-02-07,Eugene Hildebrand,United States,San Francisco,California,Art,"Crayola Anti Dust Chalk, 12/Pack",12.74,7,5.73
1301,CA-2014-112725,2014-01-31,2014-02-07,Eugene Hildebrand,United States,San Francisco,California,Art,Newell 338,8.82,3,2.38
1302,CA-2014-112725,2014-01-31,2014-02-07,Eugene Hildebrand,United States,San Francisco,California,Chairs,Novimex Swivel Fabric Task Chair,120.78,1,-13.59
1303,US-2014-106131,2014-01-15,2014-01-17,Tracy Poddar,United States,Aurora,Colorado,Accessories,Imation 8GB Mini TravelDrive USB 2.0 Flash Drive,169.06,7,-14.79
1304,US-2014-106131,2014-01-15,2014-01-17,Tracy Poddar,United States,Aurora,Colorado,Storage,Mobile Personal File Cube,168.62,9,14.75
1305,CA-2011-157924,2011-10-11,2011-10-13,Helen Andreada,United States,Pasadena,California,Storage,Iris Project Case,31.92,4,8.3
1306,CA-2011-157924,2011-10-11,2011-10-13,Helen Andreada,United States,Pasadena,California,Chairs,Global Enterprise Series Seating High-Back Swivel/Tilt Chairs,433.57,2,-65.04
1307,CA-2012-100216,2012-04-13,2012-04-14,Heather Jas,United States,Mesa,Arizona,Paper,Xerox 210,31.1,6,10.89
1308,CA-2012-100216,2012-04-13,2012-04-14,Heather Jas,United States,Mesa,Arizona,Paper,Xerox 1973,54.82,3,17.82
1309,CA-2014-100601,2014-11-17,2014-11-21,Jay Kimmel,United States,Fresno,California,Storage,Eldon Shelf Savers Cubes and Bins,48.86,7,0.98
1310,CA-2012-154340,2012-11-29,2012-11-30,Eileen Kiefer,United States,Santa Ana,California,Art,"Boston Electric Pencil Sharpener, Model 1818, Charcoal Black",56.3,2,15.76
1311,CA-2013-148593,2013-06-17,2013-06-19,Bill Donatelli,United States,Los Angeles,California,Paper,"Wirebound Message Books, Four 2 3/4"" x 5"" Forms per Page, 600 Sets per Book",46.35,5,21.78
1312,US-2014-119039,2014-03-07,2014-03-11,Ben Ferrer,United States,San Francisco,California,Binders,Economy Binders,14.98,9,5.43
1313,CA-2012-150875,2012-11-16,2012-11-20,Heather Kirkland,United States,Boise,Idaho,Tables,Bretford CR4500 Series Slim Rectangular Table,696.42,2,160.18
1314,CA-2012-150875,2012-11-16,2012-11-20,Heather Kirkland,United States,Boise,Idaho,Phones,Jabra BIZ 2300 Duo QD Duo Corded Headset,304.78,3,22.86
1315,CA-2012-154200,2012-06-18,2012-06-22,Bruce Geld,United States,San Diego,California,Art,"BOSTON Ranger #55 Pencil Sharpener, Black",51.98,2,15.07
1316,CA-2013-124233,2013-04-09,2013-04-15,Clytie Kelty,United States,Los Angeles,California,Furnishings,"C-Line Magnetic Cubicle Keepers, Clear Polypropylene",24.7,5,10.37
1317,CA-2012-111234,2012-02-18,2012-02-22,Ann Blume,United States,Los Angeles,California,Labels,Smead Alpha-Z Color-Coded Second Alphabetical Labels and Starter Set,9.24,3,4.44
1318,CA-2014-149881,2014-04-02,2014-04-04,Nick Crebassa,United States,San Francisco,California,Bookcases,"Safco Value Mate Steel Bookcase, Baked Enamel Finish on Steel, Black",482.66,8,85.18
1319,CA-2014-149881,2014-04-02,2014-04-04,Nick Crebassa,United States,San Francisco,California,Machines,Cubify CubeX 3D Printer Double Head Print,4799.98,2,360.0
1320,CA-2014-134565,2014-06-12,2014-06-14,Tom Boeckenhauer,United States,Seattle,Washington,Paper,Xerox 1939,37.94,2,18.21
1321,CA-2014-134565,2014-06-12,2014-06-14,Tom Boeckenhauer,United States,Seattle,Washington,Binders,"Acco Pressboard Covers with Storage Hooks, 14 7/8"" x 11"", Dark Blue",18.29,6,6.63
1322,CA-2014-134565,2014-06-12,2014-06-14,Tom Boeckenhauer,United States,Seattle,Washington,Machines,Cisco Desktop Collaboration Experience DX650 IP Video Phone,385.8,5,130.21
1323,CA-2014-134565,2014-06-12,2014-06-14,Tom Boeckenhauer,United States,Seattle,Washington,Storage,"Belkin 19"" Vented Equipment Shelf, Black",102.96,2,1.03
1324,CA-2014-134565,2014-06-12,2014-06-14,Tom Boeckenhauer,United States,Seattle,Washington,Bookcases,O'Sullivan 3-Shelf Heavy-Duty Bookcases,174.42,3,41.86
1325,CA-2012-154970,2012-01-05,2012-01-10,Steven Roelle,United States,Seattle,Washington,Chairs,Global Deluxe Steno Chair,61.58,1,-6.93
1326,CA-2014-147144,2014-03-27,2014-03-29,Maria Zettner,United States,Seattle,Washington,Art,"Boston 1827 Commercial Additional Cutter, Drive Gear & Gear Rack for 1606",19.83,1,5.95
1327,CA-2011-133704,2011-09-20,2011-09-26,Michelle Arnett,United States,Los Angeles,California,Fasteners,Staples,43.92,4,11.86
1328,CA-2011-133704,2011-09-20,2011-09-26,Michelle Arnett,United States,Los Angeles,California,Binders,Ibico Plastic and Wire Spiral Binding Combs,20.23,3,6.58
1329,CA-2011-138436,2011-03-26,2011-03-30,Jonathan Doherty,United States,Los Angeles,California,Accessories,SanDisk Ultra 32 GB MicroSDHC Class 10 Memory Card,66.3,3,8.62
1330,CA-2012-101924,2012-09-04,2012-09-09,Ken Black,United States,Medford,Oregon,Binders,"Acco Flexible ACCOHIDE Square Ring Data Binder, Dark Blue, 11 1/2"" X 14"" 7/8""",9.76,2,-6.83
1331,CA-2013-124793,2013-03-15,2013-03-17,Muhammed MacIntyre,United States,Seattle,Washington,Chairs,"Global High-Back Leather Tilter, Burgundy",196.78,2,-22.14
1332,US-2014-124821,2014-06-26,2014-06-30,Anne McFarland,United States,Seattle,Washington,Tables,"Chromcraft Bull-Nose Wood Round Conference Table Top, Wood Base",871.4,4,148.14
1333,US-2014-158505,2014-07-22,2014-07-22,Sarah Foster,United States,Murray,Utah,Phones,PayAnywhere Card Reader,71.93,9,6.29
1334,US-2014-158505,2014-07-22,2014-07-22,Sarah Foster,United States,Murray,Utah,Art,"BOSTON Ranger #55 Pencil Sharpener, Black",25.99,1,7.54
1335,CA-2012-142692,2012-10-23,2012-10-28,Andrew Gjertsen,United States,Seattle,Washington,Binders,Avery Non-Stick Binders,3.59,1,1.12
1336,CA-2014-151358,2014-08-19,2014-08-23,Nicole Fjeld,United States,Seattle,Washington,Storage,Fellowes Super Stor/Drawer Files,323.1,2,61.39
1337,CA-2014-102407,2014-12-10,2014-12-14,Alyssa Tate,United States,Los Angeles,California,Art,Newell 314,11.16,2,2.79
1338,CA-2014-102407,2014-12-10,2014-12-14,Alyssa Tate,United States,Los Angeles,California,Tables,Bevis 36 x 72 Conference Tables,896.33,9,22.41
1339,CA-2014-102407,2014-12-10,2014-12-14,Alyssa Tate,United States,Los Angeles,California,Appliances,Harmony Air Purifier,189.0,1,68.04
1340,CA-2014-101581,2014-10-23,2014-10-28,David Wiener,United States,Redmond,Oregon,Tables,KI Conference Tables,177.23,5,-120.51
1341,CA-2014-169124,2014-07-04,2014-07-11,Maria Bertelson,United States,Citrus Heights,California,Furnishings,"Howard Miller 11-1/2"" Diameter Brentwood Wall Clock",129.39,3,54.34
1342,CA-2014-117261,2014-09-05,2014-09-11,Tiffany House,United States,Los Angeles,California,Storage,"Rogers Jumbo File, Granite",54.32,4,0.54
1343,CA-2011-162278,2011-10-26,2011-10-30,Angele Hood,United States,Seattle,Washington,Furnishings,Tenex Chairmats For Use With Carpeted Floors,63.92,4,3.2
1344,CA-2011-162278,2011-10-26,2011-10-30,Angele Hood,United States,Seattle,Washington,Phones,Vtech CS6719,383.96,5,38.4
1345,CA-2013-161095,2013-06-29,2013-06-29,Chris Selesnick,United States,Los Angeles,California,Binders,Recycled Pressboard Report Cover with Reinforced Top Hinge,7.75,3,2.81
1346,CA-2013-161095,2013-06-29,2013-06-29,Chris Selesnick,United States,Los Angeles,California,Binders,GBC Premium Transparent Covers with Diagonal Lined Pattern,33.57,2,11.75
1347,CA-2011-125829,2011-11-04,2011-11-11,William Brown,United States,Los Angeles,California,Phones,Polycom SoundPoint Pro SE-225 Corded phone,666.34,7,66.63
1348,CA-2011-125829,2011-11-04,2011-11-11,William Brown,United States,Los Angeles,California,Tables,"Bevis Round Conference Table Top, X-Base",573.73,4,-64.54
1349,CA-2011-125829,2011-11-04,2011-11-11,William Brown,United States,Los Angeles,California,Binders,Cardinal EasyOpen D-Ring Binders,21.94,3,8.23
1350,CA-2011-125829,2011-11-04,2011-11-11,William Brown,United States,Los Angeles,California,Paper,Xerox 2000,19.44,3,9.33
1351,CA-2011-125829,2011-11-04,2011-11-11,William Brown,United States,Los Angeles,California,Machines,Hewlett-Packard Deskjet D4360 Printer,447.97,4,139.99
1352,CA-2012-115945,2012-06-25,2012-07-01,Alan Barnes,United States,Los Angeles,California,Fasteners,Staples,20.96,2,5.24
1353,CA-2012-115945,2012-06-25,2012-07-01,Alan Barnes,United States,Los Angeles,California,Binders,"GBC Velobind Prepunched Cover Sets, Regency Series",88.75,3,27.74
1354,CA-2012-115945,2012-06-25,2012-07-01,Alan Barnes,United States,Los Angeles,California,Storage,Tennsco Regal Shelving Units,304.23,3,9.13
1355,CA-2012-136735,2012-07-26,2012-08-02,Helen Andreada,United States,San Francisco,California,Envelopes,Airmail Envelopes,167.86,2,78.89
1356,CA-2011-152345,2011-12-29,2012-01-03,Shui Tom,United States,Albuquerque,New Mexico,Phones,Mediabridge Sport Armband iPhone 5s,23.98,3,-5.69
1357,CA-2011-152345,2011-12-29,2012-01-03,Shui Tom,United States,Albuquerque,New Mexico,Storage,Fellowes Bases and Tops For Staxonsteel/High-Stak Systems,33.29,1,7.99
1358,CA-2014-107909,2014-09-02,2014-09-07,Sung Shariari,United States,Redmond,Washington,Accessories,Logitech LS21 Speaker System - PC Multimedia - 2.1-CH - Wired,19.99,1,6.8
1359,CA-2014-107909,2014-09-02,2014-09-07,Sung Shariari,United States,Redmond,Washington,Binders,Avery Metallic Poly Binders,22.92,5,8.02
1360,CA-2012-154795,2012-12-20,2012-12-24,Gary Zandusky,United States,Bullhead City,Arizona,Envelopes,#6 3/4 Gummed Flap White Envelopes,7.92,1,2.77
1361,CA-2012-154795,2012-12-20,2012-12-24,Gary Zandusky,United States,Bullhead City,Arizona,Furnishings,Nu-Dell Float Frame 11 x 14 1/2,14.37,2,3.95
1362,CA-2012-125234,2012-11-27,2012-12-01,Steve Nguyen,United States,Los Angeles,California,Accessories,Sony 64GB Class 10 Micro SDHC R40 Memory Card,107.97,3,22.67
1363,CA-2012-125234,2012-11-27,2012-12-01,Steve Nguyen,United States,Los Angeles,California,Paper,"Snap-A-Way Black Print Carbonless Ruled Speed Letter, Triplicate",113.82,3,53.5
1364,CA-2014-105410,2014-03-20,2014-03-23,Natalie DeCherney,United States,San Francisco,California,Binders,"ACCOHIDE 3-Ring Binder, Blue, 1""",19.82,6,6.69
1365,CA-2014-105410,2014-03-20,2014-03-23,Natalie DeCherney,United States,San Francisco,California,Phones,Jawbone MINI JAMBOX Wireless Bluetooth Speaker,657.5,6,-131.5
1366,CA-2014-105410,2014-03-20,2014-03-23,Natalie DeCherney,United States,San Francisco,California,Accessories,Logitech K350 2.4Ghz Wireless Keyboard,99.54,2,10.95
1367,CA-2014-105410,2014-03-20,2014-03-23,Natalie DeCherney,United States,San Francisco,California,Accessories,Logitech Wireless Marathon Mouse M705,199.96,4,85.98
1368,CA-2014-169894,2014-11-25,2014-11-30,Mark Van Huff,United States,Mesa,Arizona,Binders,GBC Recycled Grain Textured Covers,20.72,2,-15.2
1369,CA-2014-169894,2014-11-25,2014-11-30,Mark Van Huff,United States,Mesa,Arizona,Storage,Fellowes Bankers Box Staxonsteel Drawer File/Stacking System,415.87,8,-41.59
1370,CA-2014-107748,2014-12-11,2014-12-13,Alex Grayson,United States,Stockton,California,Phones,Jackery Bar Premium Fast-charging Portable Charger,95.84,4,34.74
1371,CA-2014-107748,2014-12-11,2014-12-13,Alex Grayson,United States,Stockton,California,Paper,Xerox 225,12.96,2,6.22
1372,CA-2011-166954,2011-04-25,2011-04-30,Beth Thompson,United States,San Gabriel,California,Furnishings,"Tenex Traditional Chairmats for Medium Pile Carpet, Standard Lip, 36"" x 48""",303.25,5,63.68
1373,CA-2011-166954,2011-04-25,2011-04-30,Beth Thompson,United States,San Gabriel,California,Appliances,Kensington 6 Outlet MasterPiece HOMEOFFICE Power Control Center,270.72,3,78.51
1374,CA-2011-166954,2011-04-25,2011-04-30,Beth Thompson,United States,San Gabriel,California,Chairs,GuestStacker Chair with Chrome Finish Legs,1487.04,5,148.7
1375,CA-2012-152891,2012-10-25,2012-10-30,Trudy Brown,United States,San Francisco,California,Art,Boston 19500 Mighty Mite Electric Pencil Sharpener,60.45,3,16.32
1376,CA-2012-152891,2012-10-25,2012-10-30,Trudy Brown,United States,San Francisco,California,Tables,Balt Solid Wood Rectangular Table,253.18,3,-31.65
1377,CA-2013-156811,2013-10-28,2013-11-03,Bart Pistole,United States,San Francisco,California,Fasteners,Staples,43.92,4,11.86
1378,CA-2013-156811,2013-10-28,2013-11-03,Bart Pistole,United States,San Francisco,California,Binders,"Acco Data Flex Cable Posts For Top & Bottom Load Binders, 6"" Capacity",25.03,3,7.82
1379,CA-2013-148740,2013-11-16,2013-11-20,Anna Häberlin,United States,San Diego,California,Phones,Polycom SoundPoint IP 450 VoIP phone,361.38,2,27.1
1380,CA-2013-114538,2013-12-27,2013-12-28,Roy Collins,United States,Colorado Springs,Colorado,Art,SANFORD Major Accent Highlighters,11.33,2,2.55
1381,US-2011-154879,2011-05-06,2011-05-11,Steve Nguyen,United States,Los Angeles,California,Fasteners,Staples,5.78,2,2.72
1382,US-2011-154879,2011-05-06,2011-05-11,Steve Nguyen,United States,Los Angeles,California,Art,Model L Table or Wall-Mount Pencil Sharpener,107.94,6,30.22
1383,CA-2011-153983,2011-11-29,2011-12-06,Alan Hwang,United States,San Francisco,California,Phones,Wilson SignalBoost 841262 DB PRO Amplifier Kit,575.92,2,71.99
1384,CA-2011-153983,2011-11-29,2011-12-06,Alan Hwang,United States,San Francisco,California,Fasteners,Staples,30.4,5,15.2
1385,US-2014-103226,2014-09-23,2014-09-29,David Wiener,United States,Albuquerque,New Mexico,Paper,Southworth 25% Cotton Linen-Finish Paper & Envelopes,27.18,3,12.23
1386,CA-2012-121965,2012-06-19,2012-06-23,Logan Haushalter,United States,Los Angeles,California,Furnishings,Eldon 200 Class Desk Accessories,12.56,2,4.02
1387,CA-2012-121965,2012-06-19,2012-06-23,Logan Haushalter,United States,Los Angeles,California,Paper,Xerox 231,6.48,1,3.11
1388,CA-2012-121965,2012-06-19,2012-06-23,Logan Haushalter,United States,Los Angeles,California,Envelopes,Cameo Buff Policy Envelopes,186.69,3,87.74
1389,CA-2013-147137,2013-07-05,2013-07-07,Anna Andreadi,United States,San Francisco,California,Furnishings,"Master Caster Door Stop, Brown",25.4,5,8.64
1390,CA-2013-147137,2013-07-05,2013-07-07,Anna Andreadi,United States,San Francisco,California,Envelopes,"Inter-Office Recycled Envelopes, Brown Kraft, Button-String,10"" x 13"" , 100/Box",43.96,2,20.66
1391,CA-2013-147137,2013-07-05,2013-07-07,Anna Andreadi,United States,San Francisco,California,Bookcases,"Atlantic Metals Mobile 5-Shelf Bookcases, Custom Colors",1279.17,5,225.74
1392,CA-2013-147137,2013-07-05,2013-07-07,Anna Andreadi,United States,San Francisco,California,Storage,Eldon Shelf Savers Cubes and Bins,27.92,4,0.56
1393,US-2012-146745,2012-09-03,2012-09-08,Ann Steele,United States,San Francisco,California,Chairs,Office Star - Ergonomically Designed Knee Chair,129.57,2,-12.96
1394,US-2012-146745,2012-09-03,2012-09-08,Ann Steele,United States,San Francisco,California,Binders,"Avery Durable Slant Ring Binders, No Labels",6.37,2,2.15
1395,CA-2014-115175,2014-08-08,2014-08-13,Matt Collins,United States,San Jose,California,Paper,Xerox 1891,244.55,5,114.94
1396,CA-2014-105851,2014-03-14,2014-03-21,Sanjit Engle,United States,Denver,Colorado,Supplies,Martin Yale Chadless Opener Electric Letter Opener,1332.5,2,-299.81
1397,US-2014-125717,2014-09-29,2014-10-02,Darrin Sayre,United States,Aurora,Colorado,Furnishings,Dana Halogen Swing-Arm Architect Lamp,32.78,1,3.28
1398,US-2014-125717,2014-09-29,2014-10-02,Darrin Sayre,United States,Aurora,Colorado,Storage,"Gould Plastics 18-Pocket Panel Bin, 34w x 5-1/4d x 20-1/2h",147.18,2,-29.44
1399,US-2014-125717,2014-09-29,2014-10-02,Darrin Sayre,United States,Aurora,Colorado,Accessories,Lenovo 17-Key USB Numeric Keypad,54.38,2,1.36
1400,US-2014-125717,2014-09-29,2014-10-02,Darrin Sayre,United States,Aurora,Colorado,Binders,GBC DocuBind P50 Personal Binding Machine,76.78,4,-58.86
1401,US-2014-125717,2014-09-29,2014-10-02,Darrin Sayre,United States,Aurora,Colorado,Paper,Xerox 1992,14.35,3,5.2
1402,US-2014-125717,2014-09-29,2014-10-02,Darrin Sayre,United States,Aurora,Colorado,Appliances,Kensington 7 Outlet MasterPiece HOMEOFFICE Power Control Center,209.79,2,26.22
1403,CA-2012-163895,2012-08-07,2012-08-11,Noel Staavos,United States,Boise,Idaho,Binders,"ACCOHIDE 3-Ring Binder, Blue, 1""",3.3,1,1.12
1404,CA-2013-109365,2013-11-04,2013-11-09,Xylona Preis,United States,Los Angeles,California,Fasteners,Stockwell Push Pins,15.26,7,5.04
1405,CA-2013-109365,2013-11-04,2013-11-09,Xylona Preis,United States,Los Angeles,California,Appliances,Holmes 99% HEPA Air Purifier,43.32,2,14.3
1406,CA-2013-109365,2013-11-04,2013-11-09,Xylona Preis,United States,Los Angeles,California,Binders,"Avery Durable Plastic 1"" Binders",43.58,12,15.8
1407,CA-2013-109365,2013-11-04,2013-11-09,Xylona Preis,United States,Los Angeles,California,Paper,Xerox 1892,116.28,3,56.98
1408,CA-2013-109365,2013-11-04,2013-11-09,Xylona Preis,United States,Los Angeles,California,Binders,Fellowes Black Plastic Comb Bindings,9.3,2,3.02
1409,CA-2013-109365,2013-11-04,2013-11-09,Xylona Preis,United States,Los Angeles,California,Paper,Xerox 22,19.44,3,9.33
1410,CA-2013-109365,2013-11-04,2013-11-09,Xylona Preis,United States,Los Angeles,California,Paper,Multicolor Computer Printout Paper,314.55,3,150.98
1411,CA-2014-105921,2014-08-15,2014-08-22,Janet Martin,United States,Los Angeles,California,Tables,Chromcraft Round Conference Tables,418.3,3,5.23
1412,CA-2014-112753,2014-06-19,2014-06-24,Craig Carreira,United States,Los Angeles,California,Bookcases,"Bush Andora Bookcase, Maple/Graphite Gray Finish",917.92,9,75.59
1413,CA-2014-112753,2014-06-19,2014-06-24,Craig Carreira,United States,Los Angeles,California,Paper,Xerox 1930,38.88,6,19.05
1414,CA-2011-103401,2011-11-21,2011-11-26,Georgia Rosenberg,United States,San Francisco,California,Paper,Xerox 211,12.96,2,6.22
1415,CA-2013-124814,2013-04-11,2013-04-17,Filia McAdams,United States,Bakersfield,California,Paper,Xerox 227,12.96,2,6.22
1416,CA-2013-124814,2013-04-11,2013-04-17,Filia McAdams,United States,Bakersfield,California,Binders,"Wilson Jones Clip & Carry Folder Binder Tool for Ring Binders, Clear",23.2,5,8.12
1417,US-2011-138247,2011-12-24,2011-12-29,Ben Ferrer,United States,Los Angeles,California,Phones,Seidio BD2-HK3IPH5-BK DILEX Case and Holster Combo for Apple iPhone 5/5s - Black,173.66,7,17.37
1418,US-2011-138247,2011-12-24,2011-12-29,Ben Ferrer,United States,Los Angeles,California,Appliances,Avanti 4.4 Cu. Ft. Refrigerator,361.96,2,101.35
1419,US-2011-138247,2011-12-24,2011-12-29,Ben Ferrer,United States,Los Angeles,California,Accessories,Sony 32GB Class 10 Micro SDHC R40 Memory Card,62.85,3,13.2
1420,US-2011-138247,2011-12-24,2011-12-29,Ben Ferrer,United States,Los Angeles,California,Phones,Cisco Unified IP Phone 7945G VoIP phone,818.38,3,51.15
1421,US-2011-138247,2011-12-24,2011-12-29,Ben Ferrer,United States,Los Angeles,California,Storage,Tennsco Commercial Shelving,20.34,1,0.2
1422,US-2011-138247,2011-12-24,2011-12-29,Ben Ferrer,United States,Los Angeles,California,Furnishings,"Westinghouse Floor Lamp with Metal Mesh Shade, Black",23.99,1,5.52
1423,CA-2014-167003,2014-05-24,2014-05-30,Vivek Sundaresam,United States,Los Angeles,California,Tables,"Lesro Sheffield Collection Coffee Table, End Table, Center Table, Corner Table",171.29,3,-6.42
1424,CA-2013-118969,2013-10-03,2013-10-04,Liz Preis,United States,Phoenix,Arizona,Binders,"Premier Elliptical Ring Binder, Black",54.79,6,-40.18
1425,US-2013-128678,2013-09-16,2013-09-21,Rob Beeghly,United States,Seattle,Washington,Paper,"TOPS ""Important Message"" Pads, Canary, 4-1/4 x 5-1/2, 50 Sheets per Pad",21.4,5,10.06
1426,US-2013-128678,2013-09-16,2013-09-21,Rob Beeghly,United States,Seattle,Washington,Binders,"Cardinal Slant-D Ring Binder, Heavy Gauge Vinyl",48.66,7,15.82
1427,CA-2013-101385,2013-09-26,2013-10-02,Julia West,United States,San Francisco,California,Art,BIC Brite Liner Highlighters,16.56,4,6.96
1428,CA-2014-105445,2014-02-21,2014-02-26,Bart Pistole,United States,Louisville,Colorado,Fasteners,Staples,9.43,3,3.07
1429,CA-2011-140403,2011-10-10,2011-10-10,Tanja Norvell,United States,Manteca,California,Chairs,"Global Deluxe Stacking Chair, Gray",122.35,3,13.76
1430,CA-2011-140403,2011-10-10,2011-10-10,Tanja Norvell,United States,Manteca,California,Envelopes,"#10- 4 1/8"" x 9 1/2"" Security-Tint Envelopes",15.28,2,7.49
1431,CA-2012-163104,2012-03-19,2012-03-26,Mike Caudle,United States,Los Angeles,California,Paper,Xerox 1974,11.96,2,5.86
1432,CA-2014-138464,2014-07-09,2014-07-13,Vicky Freymann,United States,Seattle,Washington,Furnishings,"Master Big Foot Doorstop, Beige",15.84,3,4.91
1433,CA-2014-138464,2014-07-09,2014-07-13,Vicky Freymann,United States,Seattle,Washington,Binders,GBC VeloBinder Manual Binding System,86.38,3,30.23
1434,CA-2014-138464,2014-07-09,2014-07-13,Vicky Freymann,United States,Seattle,Washington,Art,Zebra Zazzle Fluorescent Highlighters,18.24,3,6.2
1435,CA-2014-138464,2014-07-09,2014-07-13,Vicky Freymann,United States,Seattle,Washington,Art,Crayola Colored Pencils,13.12,4,4.33
1436,US-2011-165862,2011-07-13,2011-07-17,Grace Kelly,United States,Los Angeles,California,Tables,Bevis Round Conference Table Top & Single Column Base,351.22,3,4.39
1437,US-2011-106334,2011-12-27,2012-01-02,Jeremy Farry,United States,San Francisco,California,Chairs,Bevis Steel Folding Chairs,230.28,3,23.03
1438,US-2011-106334,2011-12-27,2012-01-02,Jeremy Farry,United States,San Francisco,California,Paper,Xerox 1927,12.84,3,5.78
1439,US-2014-117331,2014-10-22,2014-10-29,Natalie DeCherney,United States,Glendale,Arizona,Binders,Lock-Up Easel 'Spel-Binder',8.56,1,-6.56
1440,CA-2012-118871,2012-12-04,2012-12-09,Harry Marie,United States,Los Angeles,California,Envelopes,Tyvek Side-Opening Peel & Seel Expanding Envelopes,271.44,3,122.15
1441,CA-2012-118871,2012-12-04,2012-12-09,Harry Marie,United States,Los Angeles,California,Phones,Jensen SMPS-640 - speaker phone,110.35,3,8.28
1442,CA-2012-118871,2012-12-04,2012-12-09,Harry Marie,United States,Los Angeles,California,Furnishings,"Master Caster Door Stop, Large Brown",36.4,5,13.83
1443,CA-2011-101175,2011-12-09,2011-12-14,Dario Medina,United States,Mesa,Arizona,Storage,Acco Perma 3000 Stacking Storage Drawers,100.7,6,-1.26
1444,CA-2011-169460,2011-04-19,2011-04-21,Nicole Fjeld,United States,San Jose,California,Furnishings,"Executive Impressions 13"" Chairman Wall Clock",76.14,3,26.65
1445,CA-2014-126662,2014-07-18,2014-07-22,Alejandro Ballentine,United States,Los Angeles,California,Copiers,Brother DCP1000 Digital 3 in 1 Multifunction Machine,479.98,2,90.0
1446,US-2011-121734,2011-04-11,2011-04-16,Sanjit Engle,United States,Lewiston,Idaho,Binders,GBC Personal VeloBind Strips,9.58,1,3.35
1447,US-2013-100405,2013-08-27,2013-08-29,Tom Stivers,United States,Los Angeles,California,Art,Newell Chalk Holder,8.26,2,3.8
1448,US-2014-163790,2014-11-03,2014-11-05,Nancy Lomonaco,United States,Danville,California,Envelopes,"White Business Envelopes with Contemporary Seam, Recycled White Business Envelopes",76.58,7,38.29
1449,US-2014-163790,2014-11-03,2014-11-05,Nancy Lomonaco,United States,Danville,California,Art,Nontoxic Chalk,8.8,5,4.22
1450,US-2014-163790,2014-11-03,2014-11-05,Nancy Lomonaco,United States,Danville,California,Binders,GBC Therma-A-Bind 250T Electric Binding System,590.35,6,206.62
1451,US-2014-163790,2014-11-03,2014-11-05,Nancy Lomonaco,United States,Danville,California,Fasteners,"Super Bands, 12/Pack",5.58,3,0.17
1452,US-2014-163790,2014-11-03,2014-11-05,Nancy Lomonaco,United States,Danville,California,Furnishings,Document Clip Frames,25.02,3,10.51
1453,US-2014-163790,2014-11-03,2014-11-05,Nancy Lomonaco,United States,Danville,California,Storage,Space Solutions Commercial Steel Shelving,452.55,7,22.63
1454,CA-2013-129868,2013-12-27,2014-01-01,Mike Caudle,United States,Los Angeles,California,Supplies,Fiskars Home & Office Scissors,17.76,2,4.97
1455,CA-2013-129868,2013-12-27,2014-01-01,Mike Caudle,United States,Los Angeles,California,Phones,Mitel 5320 IP Phone VoIP phone,302.38,2,30.24
1456,CA-2013-129868,2013-12-27,2014-01-01,Mike Caudle,United States,Los Angeles,California,Chairs,"Global Armless Task Chair, Royal Blue",146.35,3,-5.49
1457,CA-2013-129868,2013-12-27,2014-01-01,Mike Caudle,United States,Los Angeles,California,Appliances,"Hoover Replacement Belts For Soft Guard & Commercial Ltweight Upright Vacs, 2/Pk",7.9,2,2.05
1458,CA-2013-129868,2013-12-27,2014-01-01,Mike Caudle,United States,Los Angeles,California,Tables,Bretford Rectangular Conference Table Tops,902.71,3,33.85
1459,CA-2013-129868,2013-12-27,2014-01-01,Mike Caudle,United States,Los Angeles,California,Art,Model L Table or Wall-Mount Pencil Sharpener,53.97,3,15.11
1460,US-2014-141852,2014-11-10,2014-11-15,Joel Eaton,United States,Oceanside,California,Furnishings,Eldon Wave Desk Accessories,47.12,8,20.73
1461,CA-2014-145219,2014-12-25,2014-12-26,Robert Marley,United States,Los Angeles,California,Copiers,Hewlett Packard LaserJet 3310 Copier,2879.95,6,1007.98
1462,CA-2014-145219,2014-12-25,2014-12-26,Robert Marley,United States,Los Angeles,California,Binders,Vinyl Sectional Post Binders,90.48,3,33.93
1463,CA-2014-168396,2014-08-04,2014-08-09,Bruce Degenhardt,United States,San Francisco,California,Labels,Avery 473,51.75,5,24.84
1464,CA-2014-168396,2014-08-04,2014-08-09,Bruce Degenhardt,United States,San Francisco,California,Furnishings,"Deflect-o EconoMat Studded, No Bevel Mat for Low Pile Carpeting",123.96,3,11.16
1465,CA-2012-130456,2012-08-21,2012-08-26,David Smith,United States,San Francisco,California,Bookcases,Sauder Camden County Collection Library,586.4,6,34.49
1466,CA-2012-130456,2012-08-21,2012-08-26,David Smith,United States,San Francisco,California,Storage,Carina Double Wide Media Storage Towers in Natural & Black,80.98,1,3.24
1467,CA-2014-116288,2014-03-13,2014-03-18,Bill Stewart,United States,San Francisco,California,Storage,Carina Double Wide Media Storage Towers in Natural & Black,242.94,3,9.72
1468,CA-2014-168228,2014-04-28,2014-04-30,Arthur Prichep,United States,Los Angeles,California,Art,"Boston School Pro Electric Pencil Sharpener, 1670",123.92,4,33.46
1469,CA-2014-168228,2014-04-28,2014-04-30,Arthur Prichep,United States,Los Angeles,California,Art,Newell Chalk Holder,12.39,3,5.7
1470,CA-2014-168228,2014-04-28,2014-04-30,Arthur Prichep,United States,Los Angeles,California,Art,Boston Home & Office Model 2000 Electric Pencil Sharpeners,47.3,2,12.3
1471,CA-2014-130141,2014-10-23,2014-10-25,Helen Abelman,United States,Fort Collins,Colorado,Binders,Storex Flexible Poly Binders with Double Pockets,3.17,4,-2.53
1472,CA-2014-130141,2014-10-23,2014-10-25,Helen Abelman,United States,Fort Collins,Colorado,Chairs,Office Star - Ergonomic Mid Back Chair with 2-Way Adjustable Arms,579.14,4,-28.96
1473,CA-2012-147501,2012-08-02,2012-08-06,Corey-Lock,United States,Seattle,Washington,Binders,Ibico Presentation Index for Binding Systems,6.37,2,2.15
1474,CA-2012-147501,2012-08-02,2012-08-06,Corey-Lock,United States,Seattle,Washington,Machines,Okidata C331dn Printer,558.4,2,41.88
1475,CA-2014-129357,2014-05-15,2014-05-20,Ken Black,United States,Seattle,Washington,Paper,Xerox 1917,440.19,9,206.89
1476,CA-2014-129357,2014-05-15,2014-05-20,Ken Black,United States,Seattle,Washington,Supplies,Martin-Yale Premier Letter Opener,64.4,5,1.93
1477,CA-2014-150987,2014-04-09,2014-04-13,Adrian Hane,United States,San Francisco,California,Paper,Xerox 1891,244.55,5,114.94
1478,CA-2014-150987,2014-04-09,2014-04-13,Adrian Hane,United States,San Francisco,California,Paper,Xerox 1942,195.76,4,97.88
1479,CA-2014-159107,2014-06-25,2014-06-27,Kean Thornton,United States,San Francisco,California,Fasteners,"Acco Banker's Clasps, 5 3/4""-Long",2.88,1,1.35
1480,CA-2013-116547,2013-01-10,2013-01-17,Ken Black,United States,Seattle,Washington,Furnishings,24-Hour Round Wall Clock,79.92,4,34.37
1481,CA-2013-116547,2013-01-10,2013-01-17,Ken Black,United States,Seattle,Washington,Accessories,Logitech Media Keyboard K200,69.98,2,13.3
1482,CA-2011-114510,2011-03-14,2011-03-19,Jason Fortune-,United States,Logan,Utah,Binders,GBC Wire Binding Combs,33.09,4,11.17
1483,CA-2011-114510,2011-03-14,2011-03-19,Jason Fortune-,United States,Logan,Utah,Storage,Carina Double Wide Media Storage Towers in Natural & Black,80.98,1,3.24
1484,CA-2011-114510,2011-03-14,2011-03-19,Jason Fortune-,United States,Logan,Utah,Accessories,Imation 30456 USB Flash Drive 8GB,82.8,12,6.62
1485,CA-2011-114510,2011-03-14,2011-03-19,Jason Fortune-,United States,Logan,Utah,Fasteners,Staples,21.36,2,5.77
1486,CA-2011-114510,2011-03-14,2011-03-19,Jason Fortune-,United States,Logan,Utah,Binders,"Premium Transparent Presentation Covers, No Pattern/Clear, 8 1/2"" x 11""",62.05,2,20.17
1487,CA-2011-138681,2011-12-20,2011-12-22,Carol Triggs,United States,Tucson,Arizona,Furnishings,"Computer Room Manger, 14""",51.97,2,10.39
1488,CA-2011-138681,2011-12-20,2011-12-22,Carol Triggs,United States,Tucson,Arizona,Accessories,Logitech 910-002974 M325 Wireless Mouse for Web Scrolling,71.98,3,21.59
1489,CA-2011-138681,2011-12-20,2011-12-22,Carol Triggs,United States,Tucson,Arizona,Chairs,Global Low Back Tilter Chair,242.35,3,-42.41
1490,CA-2011-138681,2011-12-20,2011-12-22,Carol Triggs,United States,Tucson,Arizona,Paper,Xerox 1888,221.92,5,77.67
1491,CA-2011-138681,2011-12-20,2011-12-22,Carol Triggs,United States,Tucson,Arizona,Paper,Xerox 1954,8.45,2,2.64
1492,CA-2014-138149,2014-06-30,2014-07-01,William Brown,United States,Los Angeles,California,Binders,GBC DocuBind TL200 Manual Binding Machine,895.92,5,302.37
1493,CA-2014-138149,2014-06-30,2014-07-01,William Brown,United States,Los Angeles,California,Storage,"Trav-L-File Heavy-Duty Shuttle II, Black",130.71,3,39.21
1494,CA-2014-138149,2014-06-30,2014-07-01,William Brown,United States,Los Angeles,California,Art,Newell 328,11.68,2,3.04
1495,CA-2014-138149,2014-06-30,2014-07-01,William Brown,United States,Los Angeles,California,Accessories,Enermax Briskie RF Wireless Keyboard and Mouse Combo,62.31,3,22.43
1496,CA-2014-121643,2014-05-19,2014-05-21,Adrian Barton,United States,Portland,Oregon,Phones,Aastra 6757i CT Wireless VoIP phone,344.7,2,38.78
1497,US-2012-122910,2012-05-12,2012-05-16,Larry Tron,United States,Louisville,Colorado,Phones,VTech DS6151,201.58,2,20.16
1498,CA-2014-143126,2014-12-04,2014-12-08,Corinna Mitchell,United States,Seattle,Washington,Tables,"Bevis Oval Conference Table, Walnut",521.96,2,88.73
1499,CA-2012-109736,2012-10-10,2012-10-11,Denny Joy,United States,San Francisco,California,Paper,Xerox 1894,45.36,7,21.77
1500,CA-2012-142601,2012-04-18,2012-04-20,Deanra Eno,United States,Los Angeles,California,Storage,"Tennsco Stur-D-Stor Boltless Shelving, 5 Shelves, 24"" Deep, Sand",947.17,7,9.47
1501,CA-2012-142601,2012-04-18,2012-04-20,Deanra Eno,United States,Los Angeles,California,Paper,Xerox 19,61.96,2,27.88
1502,US-2014-135230,2014-09-02,2014-09-08,Christine Kargatis,United States,Seattle,Washington,Fasteners,Staples,7.58,1,2.96
1503,CA-2011-123323,2011-11-07,2011-11-12,Lena Hernandez,United States,San Francisco,California,Binders,Wilson Jones Legal Size Ring Binders,123.14,7,46.18
1504,US-2012-103996,2012-03-29,2012-03-31,Richard Bierner,United States,San Diego,California,Paper,Xerox 1880,212.64,6,99.94
1505,US-2012-103996,2012-03-29,2012-03-31,Richard Bierner,United States,San Diego,California,Paper,Tops Wirebound Message Log Books,9.87,3,4.54
1506,US-2012-103996,2012-03-29,2012-03-31,Richard Bierner,United States,San Diego,California,Accessories,Memorex Froggy Flash Drive 8 GB,53.25,3,20.77
1507,US-2012-103996,2012-03-29,2012-03-31,Richard Bierner,United States,San Diego,California,Furnishings,G.E. Longer-Life Indoor Recessed Floodlight Bulbs,19.92,3,9.56
1508,CA-2012-105725,2012-02-18,2012-02-24,Guy Thornton,United States,Long Beach,California,Labels,"Avery 4027 File Folder Labels for Dot Matrix Printers, 5000 Labels per Box, White",61.06,2,28.09
1509,CA-2012-105725,2012-02-18,2012-02-24,Guy Thornton,United States,Long Beach,California,Tables,Hon 61000 Series Interactive Training Tables,35.54,1,-0.89
1510,CA-2014-164364,2014-11-13,2014-11-17,Christine Sundaresam,United States,Seattle,Washington,Labels,Avery 483,9.96,2,4.58
1511,CA-2014-164364,2014-11-13,2014-11-17,Christine Sundaresam,United States,Seattle,Washington,Art,"Dixon Ticonderoga Maple Cedar Pencil, #2",9.21,3,2.3
1512,CA-2014-164364,2014-11-13,2014-11-17,Christine Sundaresam,United States,Seattle,Washington,Supplies,Acme Forged Steel Scissors with Black Enamel Handles,27.93,3,8.1
1513,CA-2013-120005,2013-03-04,2013-03-04,Theresa Swint,United States,San Francisco,California,Supplies,"Elite 5"" Scissors",25.35,3,7.61
1514,CA-2013-120005,2013-03-04,2013-03-04,Theresa Swint,United States,San Francisco,California,Furnishings,"Executive Impressions 10"" Spectator Wall Clock",35.28,3,12.0
1515,CA-2013-123526,2013-12-25,2013-12-26,Benjamin Venier,United States,Seattle,Washington,Paper,Xerox 1898,33.4,5,16.03
1516,CA-2013-127649,2013-10-08,2013-10-10,Dionis Lloyd,United States,Spokane,Washington,Machines,Okidata C331dn Printer,837.6,3,62.82
1517,CA-2011-112851,2011-09-17,2011-09-21,Nick Radford,United States,Chula Vista,California,Envelopes,"Tyvek Interoffice Envelopes, 9 1/2"" x 12 1/2"", 100/Box",182.94,3,85.98
1518,CA-2014-123701,2014-11-25,2014-11-28,Patrick Gardner,United States,San Francisco,California,Art,BIC Liqua Brite Liner,27.76,4,9.99
1519,US-2013-114888,2013-09-20,2013-09-25,Chuck Clark,United States,San Francisco,California,Binders,Cardinal Holdit Business Card Pockets,11.95,3,4.18
1520,US-2013-114888,2013-09-20,2013-09-25,Chuck Clark,United States,San Francisco,California,Supplies,Kleencut Forged Office Shears by Acme United Corporation,6.24,3,1.87
1521,US-2011-167262,2011-10-31,2011-11-03,Amy Cox,United States,Avondale,Arizona,Phones,Plantronics HL10 Handset Lifter,742.34,8,83.51
1522,CA-2014-108091,2014-11-17,2014-11-22,Eileen Kiefer,United States,Escondido,California,Art,Newell 328,23.36,4,6.07
1523,CA-2012-104346,2012-12-11,2012-12-16,Irene Maddox,United States,Colorado Springs,Colorado,Art,Newell 313,13.12,5,1.15
1524,CA-2012-104346,2012-12-11,2012-12-16,Irene Maddox,United States,Colorado Springs,Colorado,Bookcases,"Bush Westfield Collection Bookcases, Dark Cherry Finish",69.58,4,-143.79
1525,CA-2012-104346,2012-12-11,2012-12-16,Irene Maddox,United States,Colorado Springs,Colorado,Art,Newell 326,4.22,3,0.48
1526,CA-2012-104346,2012-12-11,2012-12-16,Irene Maddox,United States,Colorado Springs,Colorado,Accessories,Logitech Keyboard K120,58.08,4,-6.53
1527,CA-2012-104346,2012-12-11,2012-12-16,Irene Maddox,United States,Colorado Springs,Colorado,Furnishings,"Master Caster Door Stop, Large Neon Orange",52.42,9,15.07
1528,CA-2012-104346,2012-12-11,2012-12-16,Irene Maddox,United States,Colorado Springs,Colorado,Furnishings,DAX Wood Document Frame,54.92,5,10.98
1529,CA-2012-104346,2012-12-11,2012-12-16,Irene Maddox,United States,Colorado Springs,Colorado,Tables,Bevis Rectangular Conference Tables,364.95,5,-248.17
1530,CA-2012-104346,2012-12-11,2012-12-16,Irene Maddox,United States,Colorado Springs,Colorado,Paper,Xerox 1932,85.06,3,28.71
1531,CA-2012-104346,2012-12-11,2012-12-16,Irene Maddox,United States,Colorado Springs,Colorado,Paper,Avery Personal Creations Heavyweight Cards,27.7,3,9.69
1532,CA-2012-144722,2012-03-16,2012-03-23,Monica Federle,United States,Los Angeles,California,Furnishings,"Howard Miller 11-1/2"" Diameter Brentwood Wall Clock",43.13,1,18.11
1533,CA-2012-137708,2012-11-22,2012-11-25,Nathan Gelder,United States,Los Angeles,California,Paper,Xerox 1887,37.94,2,18.21
1534,CA-2012-137708,2012-11-22,2012-11-25,Nathan Gelder,United States,Los Angeles,California,Paper,Xerox 1971,42.8,10,19.26
1535,CA-2012-137708,2012-11-22,2012-11-25,Nathan Gelder,United States,Los Angeles,California,Storage,"Personal Folder Holder, Ebony",33.63,3,10.09
1536,CA-2013-111696,2013-05-09,2013-05-11,Trudy Brown,United States,Los Angeles,California,Paper,Xerox 1920,17.94,3,8.07
1537,CA-2013-134222,2013-07-11,2013-07-12,Nick Zandusky,United States,Yuma,Arizona,Binders,GBC Standard Therm-A-Bind Covers,44.86,6,-35.88
1538,US-2014-136707,2014-11-13,2014-11-16,Jim Epp,United States,Los Angeles,California,Binders,Acco 3-Hole Punch,14.02,4,4.91
1539,CA-2014-167661,2014-10-06,2014-10-11,Mike Pelletier,United States,San Francisco,California,Binders,"Avery Framed View Binder, EZD Ring (Locking), Navy, 1 1/2""",39.92,5,13.47
1540,CA-2014-167661,2014-10-06,2014-10-11,Mike Pelletier,United States,San Francisco,California,Paper,Xerox 1951,61.96,2,27.88
1541,CA-2014-167661,2014-10-06,2014-10-11,Mike Pelletier,United States,San Francisco,California,Binders,Avery Hole Reinforcements,19.94,4,7.23
1542,US-2011-128685,2011-04-04,2011-04-05,Mary Zewe,United States,Los Angeles,California,Binders,Avery Non-Stick Binders,7.18,2,2.25
1543,CA-2011-164469,2011-06-25,2011-06-27,Grace Kelly,United States,Salem,Oregon,Phones,Plantronics 81402,263.96,5,19.8
1544,CA-2011-164469,2011-06-25,2011-06-27,Grace Kelly,United States,Salem,Oregon,Art,"Avery Hi-Liter EverBold Pen Style Fluorescent Highlighters, 4/Pack",71.63,11,17.91
1545,CA-2011-164469,2011-06-25,2011-06-27,Grace Kelly,United States,Salem,Oregon,Art,"Hunt BOSTON Vista Battery-Operated Pencil Sharpener, Black",9.33,1,0.82
1546,CA-2011-107818,2011-09-08,2011-09-14,Marc Crier,United States,Pasco,Washington,Art,Prang Colored Pencils,5.88,2,2.65
1547,CA-2011-107818,2011-09-08,2011-09-14,Marc Crier,United States,Pasco,Washington,Chairs,"Hon Deluxe Fabric Upholstered Stacking Chairs, Rounded Back",975.92,5,121.99
1548,CA-2011-107818,2011-09-08,2011-09-14,Marc Crier,United States,Pasco,Washington,Art,"Hunt PowerHouse Electric Pencil Sharpener, Blue",303.84,8,91.15
1549,CA-2011-107818,2011-09-08,2011-09-14,Marc Crier,United States,Pasco,Washington,Storage,Carina Double Wide Media Storage Towers in Natural & Black,485.88,6,19.44
1550,CA-2011-113320,2011-12-12,2011-12-15,Logan Haushalter,United States,Oakland,California,Furnishings,"Eldon Image Series Desk Accessories, Burgundy",12.54,3,4.51
1551,CA-2011-113320,2011-12-12,2011-12-15,Logan Haushalter,United States,Oakland,California,Storage,Woodgrain Magazine Files by Perma,8.94,3,0.63
1552,CA-2011-113320,2011-12-12,2011-12-15,Logan Haushalter,United States,Oakland,California,Furnishings,Longer-Life Soft White Bulbs,9.24,3,4.44
1553,CA-2012-137526,2012-01-13,2012-01-17,Philip Brown,United States,Los Angeles,California,Binders,Binding Machine Supplies,70.01,3,24.5
1554,CA-2012-137526,2012-01-13,2012-01-17,Philip Brown,United States,Los Angeles,California,Furnishings,"Floodlight Indoor Halogen Bulbs, 1 Bulb per Pack, 60 Watts",77.6,4,38.02
1555,CA-2012-137526,2012-01-13,2012-01-17,Philip Brown,United States,Los Angeles,California,Furnishings,"Deflect-o EconoMat Nonstudded, No Bevel Mat",464.85,9,92.97
1556,CA-2014-122490,2014-11-14,2014-11-19,Ted Trevino,United States,Seattle,Washington,Chairs,Global Troy Executive Leather Low-Back Tilter,2404.7,6,150.29
1557,CA-2014-122490,2014-11-14,2014-11-19,Ted Trevino,United States,Seattle,Washington,Binders,GBC DocuBind P50 Personal Binding Machine,563.02,11,190.02
1558,CA-2014-122490,2014-11-14,2014-11-19,Ted Trevino,United States,Seattle,Washington,Storage,Space Solutions HD Industrial Steel Shelving.,344.91,3,10.35
1559,CA-2014-122490,2014-11-14,2014-11-19,Ted Trevino,United States,Seattle,Washington,Labels,Avery File Folder Labels,8.64,3,4.23
1560,CA-2014-104080,2014-03-09,2014-03-16,Alan Hwang,United States,Anaheim,California,Binders,"Green Canvas Binder for 8-1/2"" x 14"" Sheets",171.2,5,64.2
1561,CA-2014-104080,2014-03-09,2014-03-16,Alan Hwang,United States,Anaheim,California,Art,Newell 323,3.36,2,0.87
1562,CA-2013-135776,2013-12-24,2013-12-31,Edward Hooks,United States,Seattle,Washington,Art,Newell 317,8.82,3,2.56
1563,CA-2013-135776,2013-12-24,2013-12-31,Edward Hooks,United States,Seattle,Washington,Paper,Computer Printout Paper with Letter-Trim Perforations,37.94,2,18.21
1564,CA-2013-135776,2013-12-24,2013-12-31,Edward Hooks,United States,Seattle,Washington,Art,"Sanford EarthWrite Recycled Pencils, Medium Soft, #2",4.2,2,1.18
1565,CA-2013-135776,2013-12-24,2013-12-31,Edward Hooks,United States,Seattle,Washington,Storage,SAFCO Boltless Steel Shelving,227.28,2,2.27
1566,CA-2013-135776,2013-12-24,2013-12-31,Edward Hooks,United States,Seattle,Washington,Paper,Xerox 1911,47.9,1,22.99
1567,CA-2013-135776,2013-12-24,2013-12-31,Edward Hooks,United States,Seattle,Washington,Fasteners,Staples,61.96,2,30.36
1568,CA-2013-135776,2013-12-24,2013-12-31,Edward Hooks,United States,Seattle,Washington,Storage,"Tennsco Snap-Together Open Shelving Units, Starter Sets and Add-On Units",1117.92,4,55.9
1569,CA-2013-130484,2013-08-23,2013-08-28,Sheri Gordon,United States,Gresham,Oregon,Binders,GBC Imprintable Covers,26.35,8,-18.45
1570,CA-2014-120936,2014-12-18,2014-12-22,Christine Abelman,United States,Anaheim,California,Storage,Iceberg Mobile Mega Data/Printer Cart ,481.32,4,125.14
1571,CA-2014-120936,2014-12-18,2014-12-22,Christine Abelman,United States,Anaheim,California,Supplies,Fiskars Spring-Action Scissors,13.98,1,3.63
1572,CA-2012-161830,2012-09-24,2012-09-26,Max Engle,United States,Seattle,Washington,Art,"BOSTON Model 1800 Electric Pencil Sharpeners, Putty/Woodgrain",35.96,2,10.43
1573,CA-2012-161830,2012-09-24,2012-09-26,Max Engle,United States,Seattle,Washington,Binders,Avery Hole Reinforcements,14.95,3,5.42
1574,CA-2014-143651,2014-03-26,2014-03-31,Filia McAdams,United States,Seattle,Washington,Art,Newell 309,23.1,2,6.93
1575,CA-2012-106978,2012-09-28,2012-10-04,Zuschuss Carroll,United States,Aurora,Colorado,Envelopes,"#10 White Business Envelopes,4 1/8 x 9 1/2",12.54,1,4.23
1576,CA-2012-106978,2012-09-28,2012-10-04,Zuschuss Carroll,United States,Aurora,Colorado,Binders,Wilson Jones Easy Flow II Sheet Lifters,1.08,2,-0.79
1577,CA-2012-106978,2012-09-28,2012-10-04,Zuschuss Carroll,United States,Aurora,Colorado,Fasteners,Staples,4.51,3,0.85
1578,CA-2012-155124,2012-03-15,2012-03-21,Karen Seio,United States,Lehi,Utah,Phones,"SmartStand Mobile Device Holder, Assorted Colors",16.78,3,1.68
1579,CA-2011-157147,2011-01-14,2011-01-19,Brian Dahlen,United States,San Francisco,California,Storage,Tennsco 6- and 18-Compartment Lockers,1325.85,5,238.65
1580,CA-2011-157147,2011-01-14,2011-01-19,Brian Dahlen,United States,San Francisco,California,Bookcases,"O'Sullivan Elevations Bookcase, Cherry Finish",334.0,3,3.93
1581,CA-2011-157147,2011-01-14,2011-01-19,Brian Dahlen,United States,San Francisco,California,Art,4009 Highlighters by Sanford,19.9,5,6.57
1582,CA-2013-151372,2013-09-06,2013-09-07,Joseph Holt,United States,Redondo Beach,California,Paper,14-7/8 x 11 Blue Bar Computer Printout Paper,96.08,2,46.12
1583,CA-2013-151372,2013-09-06,2013-09-07,Joseph Holt,United States,Redondo Beach,California,Binders,"Angle-D Binders with Locking Rings, Label Holders",11.68,2,3.94
1584,CA-2013-151372,2013-09-06,2013-09-07,Joseph Holt,United States,Redondo Beach,California,Fasteners,Advantus Push Pins,4.36,2,1.79
1585,CA-2011-102085,2011-10-04,2011-10-09,Joy Daniels,United States,Seattle,Washington,Labels,Avery 519,29.24,4,13.74
1586,CA-2014-107125,2014-11-28,2014-12-03,Bill Donatelli,United States,Los Angeles,California,Binders,Premium Transparent Presentation Covers by GBC,117.49,7,41.12
1587,CA-2014-107125,2014-11-28,2014-12-03,Bill Donatelli,United States,Los Angeles,California,Furnishings,Eldon 200 Class Desk Accessories,18.84,3,6.03
1588,CA-2014-117926,2014-12-09,2014-12-13,Alan Schoenberger,United States,San Francisco,California,Appliances,Belkin 8-Outlet Premiere SurgeMaster II Surge Protectors,69.48,1,20.84
1589,CA-2011-160262,2011-06-09,2011-06-13,Thomas Seio,United States,North Las Vegas,Nevada,Art,DIXON Oriole Pencils,18.06,7,4.7
1590,CA-2011-160262,2011-06-09,2011-06-13,Thomas Seio,United States,North Las Vegas,Nevada,Paper,Xerox 1909,79.14,3,36.4
1591,CA-2011-160262,2011-06-09,2011-06-13,Thomas Seio,United States,North Las Vegas,Nevada,Furnishings,"Executive Impressions 13-1/2"" Indoor/Outdoor Wall Clock",37.4,2,14.21
1592,CA-2013-166226,2013-11-19,2013-11-23,Tracy Collins,United States,Los Angeles,California,Phones,Grandstream GXP2100 Mainstream Business Phone,61.19,1,6.12
1593,CA-2013-166226,2013-11-19,2013-11-23,Tracy Collins,United States,Los Angeles,California,Appliances,Fellowes Command Center 5-outlet power strip,67.84,1,18.32
1594,CA-2011-156587,2011-03-07,2011-03-08,Aaron Bergman,United States,Seattle,Washington,Chairs,"Global Push Button Manager's Chair, Indigo",48.71,1,5.48
1595,CA-2011-156587,2011-03-07,2011-03-08,Aaron Bergman,United States,Seattle,Washington,Art,Newell 330,17.94,3,4.66
1596,CA-2011-156587,2011-03-07,2011-03-08,Aaron Bergman,United States,Seattle,Washington,Storage,"Carina 42""Hx23 3/4""W Media Storage Unit",242.94,3,4.86
1597,CA-2013-164896,2013-11-08,2013-11-13,Penelope Sewall,United States,Oceanside,California,Paper,"Wirebound Four 2-3/4 x 5 Forms per Page, 400 Sets per Book",12.9,2,6.32
1598,CA-2011-160066,2011-11-16,2011-11-22,Adam Hart,United States,Huntington Beach,California,Labels,Permanent Self-Adhesive File Folder Labels for Typewriters by Universal,5.22,2,2.4
1599,CA-2013-109925,2013-11-07,2013-11-11,Irene Maddox,United States,San Diego,California,Storage,Eldon Portable Mobile Manager,84.84,3,22.91
1600,CA-2013-149279,2013-04-25,2013-04-29,Craig Leslie,United States,Colorado Springs,Colorado,Paper,Xerox 226,15.55,3,5.44
1601,CA-2013-149279,2013-04-25,2013-04-29,Craig Leslie,United States,Colorado Springs,Colorado,Chairs,SAFCO Arco Folding Chair,1325.76,6,149.15
1602,CA-2013-149279,2013-04-25,2013-04-29,Craig Leslie,United States,Colorado Springs,Colorado,Binders,Wilson Jones Impact Binders,3.11,2,-2.18
1603,CA-2014-107321,2014-09-01,2014-09-05,Arthur Wiediger,United States,San Francisco,California,Binders,Acco Suede Grain Vinyl Round Ring Binder,6.67,3,2.17
1604,CA-2014-107321,2014-09-01,2014-09-05,Arthur Wiediger,United States,San Francisco,California,Phones,Aastra 6757i CT Wireless VoIP phone,689.41,4,77.56
1605,CA-2013-129238,2013-01-31,2013-02-04,Sample Company A,United States,Los Angeles,California,Phones,AT&T 1080 Phone,109.59,1,8.22
1606,CA-2013-129238,2013-01-31,2013-02-04,Sample Company A,United States,Los Angeles,California,Fasteners,Staples,56.7,5,27.78
1607,CA-2014-159688,2014-05-08,2014-05-13,Adam Bellavance,United States,Los Angeles,California,Accessories,Logitech G600 MMO Gaming Mouse,79.99,1,28.8
1608,CA-2013-155033,2013-10-08,2013-10-13,Cindy Chapman,United States,Los Angeles,California,Paper,Astroparche Fine Business Paper,10.56,2,5.07
1609,US-2014-139647,2014-05-12,2014-05-14,Todd Sumrall,United States,Phoenix,Arizona,Bookcases,Bestar Classic Bookcase,209.98,7,-356.96
1610,CA-2011-127558,2011-11-15,2011-11-18,Shahid Shariari,United States,Los Angeles,California,Furnishings,Eldon 100 Class Desk Accessories,10.11,3,3.24
1611,CA-2011-127558,2011-11-15,2011-11-18,Shahid Shariari,United States,Los Angeles,California,Accessories,Logitech P710e Mobile Speakerphone,772.47,3,146.77
1612,CA-2011-127558,2011-11-15,2011-11-18,Shahid Shariari,United States,Los Angeles,California,Supplies,Acme Box Cutter Scissors,20.46,2,5.32
1613,CA-2013-133795,2013-12-19,2013-12-25,Jeremy Ellison,United States,San Diego,California,Accessories,SanDisk Cruzer 64 GB USB Flash Drive,72.64,2,21.79
1614,CA-2013-133795,2013-12-19,2013-12-25,Jeremy Ellison,United States,San Diego,California,Accessories,Logitech P710e Mobile Speakerphone,772.47,3,146.77
1615,CA-2013-133795,2013-12-19,2013-12-25,Jeremy Ellison,United States,San Diego,California,Furnishings,"Eldon Expressions Wood and Plastic Desk Accessories, Oak",39.92,4,11.18
1616,CA-2014-139304,2014-01-30,2014-02-03,Vivek Gonzalez,United States,San Francisco,California,Art,Newell 339,8.34,3,2.17
1617,CA-2014-139304,2014-01-30,2014-02-03,Vivek Gonzalez,United States,San Francisco,California,Supplies,Acme Office Executive Series Stainless Steel Trimmers,8.57,1,2.23
1618,CA-2014-139304,2014-01-30,2014-02-03,Vivek Gonzalez,United States,San Francisco,California,Binders,Clear Mylar Reinforcing Strips,119.62,8,40.37
1619,CA-2011-169803,2011-04-06,2011-04-12,Scott Cohen,United States,Seattle,Washington,Tables,"Chromcraft Bull-Nose Wood Round Conference Table Top, Wood Base",653.55,3,111.1
1620,CA-2011-169803,2011-04-06,2011-04-12,Scott Cohen,United States,Seattle,Washington,Accessories,Kingston Digital DataTraveler 32GB USB 2.0,33.9,2,2.03
1621,CA-2013-158694,2013-11-11,2013-11-14,Arianne Irving,United States,Los Angeles,California,Paper,Embossed Ink Jet Note Cards,67.71,3,32.5
1622,CA-2013-158694,2013-11-11,2013-11-14,Arianne Irving,United States,Los Angeles,California,Appliances,Belkin F9S820V06 8 Outlet Surge,129.92,4,38.98
1623,CA-2013-158694,2013-11-11,2013-11-14,Arianne Irving,United States,Los Angeles,California,Furnishings,"Howard Miller 11-1/2"" Diameter Ridgewood Wall Clock",467.46,9,191.66
1624,CA-2013-158694,2013-11-11,2013-11-14,Arianne Irving,United States,Los Angeles,California,Paper,Xerox 1933,61.4,5,28.86
1625,CA-2013-158694,2013-11-11,2013-11-14,Arianne Irving,United States,Los Angeles,California,Storage,Standard Rollaway File with Lock,720.76,4,187.4
1626,CA-2013-158694,2013-11-11,2013-11-14,Arianne Irving,United States,Los Angeles,California,Binders,Peel & Stick Add-On Corner Pockets,5.18,3,1.81
1627,CA-2013-158694,2013-11-11,2013-11-14,Arianne Irving,United States,Los Angeles,California,Art,Newell 338,14.7,5,3.97
1628,CA-2012-150511,2012-09-18,2012-09-24,Adam Bellavance,United States,Des Moines,Washington,Paper,"Wirebound Message Books, Four 2 3/4"" x 5"" Forms per Page, 600 Sets per Book",18.54,2,8.71
1629,CA-2012-162166,2012-09-08,2012-09-11,Neoma Murray,United States,Moreno Valley,California,Paper,Xerox 1928,26.4,5,11.88
1630,CA-2012-162166,2012-09-08,2012-09-11,Neoma Murray,United States,Moreno Valley,California,Storage,Eldon Shelf Savers Cubes and Bins,41.88,6,0.84
1631,CA-2014-160934,2014-01-16,2014-01-20,Tonja Turnell,United States,Los Angeles,California,Art,Newell 347,21.4,5,6.21
1632,CA-2012-145485,2012-11-05,2012-11-05,Justin MacKendrick,United States,San Francisco,California,Storage,Hanging Personal Folder File,62.8,4,15.7
1633,CA-2014-151071,2014-04-26,2014-04-30,Mick Brown,United States,Los Angeles,California,Binders,"Cardinal Slant-D Ring Binder, Heavy Gauge Vinyl",13.9,2,4.52
1634,US-2014-133312,2014-11-26,2014-11-30,Bradley Drucker,United States,San Francisco,California,Bookcases,"Sauder Forest Hills Library, Woodland Oak Finish",359.5,3,-29.61
1635,US-2014-133312,2014-11-26,2014-11-30,Bradley Drucker,United States,San Francisco,California,Storage,Sterilite Officeware Hinged File Box,10.48,1,2.83
1636,CA-2014-132738,2014-08-05,2014-08-08,Harry Marie,United States,Loveland,Colorado,Paper,Hammermill CopyPlus Copy Paper (20Lb. and 84 Bright),7.97,2,2.89
1637,CA-2014-132738,2014-08-05,2014-08-08,Harry Marie,United States,Loveland,Colorado,Envelopes,"Manila Recycled Extra-Heavyweight Clasp Envelopes, 6"" x 9""",8.78,1,3.18
1638,CA-2014-156720,2014-12-31,2015-01-04,Jill Matthias,United States,Loveland,Colorado,Fasteners,Bagged Rubber Bands,3.02,3,-0.6
1639,CA-2012-141936,2012-08-07,2012-08-12,Parhena Norris,United States,Bakersfield,California,Binders,Cardinal Hold-It CD Pocket,19.15,3,6.46
1640,CA-2013-150658,2013-11-18,2013-11-23,Maribeth Schnelling,United States,Carlsbad,New Mexico,Binders,Avery Non-Stick Binders,10.78,3,3.37
1641,CA-2014-146626,2014-12-30,2015-01-06,Ben Peterman,United States,Anaheim,California,Furnishings,Nu-Dell Executive Frame,101.12,8,37.41
1642,CA-2013-151323,2013-10-24,2013-10-29,Alejandro Ballentine,United States,Seattle,Washington,Fasteners,Advantus SlideClip Paper Clips,17.05,5,8.18
1643,CA-2012-146696,2012-12-14,2012-12-19,Rick Duston,United States,San Diego,California,Binders,Wilson Jones Standard D-Ring Binders,8.1,2,2.73
1644,CA-2012-154886,2012-11-08,2012-11-12,Shaun Weien,United States,San Francisco,California,Accessories,Microsoft Arc Touch Mouse,119.9,2,43.16
1645,CA-2014-161333,2014-02-03,2014-02-08,John Lee,United States,Los Angeles,California,Furnishings,"Howard Miller 11-1/2"" Diameter Grantwood Wall Clock",86.26,2,29.33
1646,CA-2014-161333,2014-02-03,2014-02-08,John Lee,United States,Los Angeles,California,Storage,"Multi-Use Personal File Cart and Caster Set, Three Stacking Bins",139.04,4,38.93
1647,CA-2014-161333,2014-02-03,2014-02-08,John Lee,United States,Los Angeles,California,Appliances,Harmony HEPA Quiet Air Purifiers,46.8,4,16.38
1648,CA-2014-128734,2014-12-25,2015-01-01,James Lanier,United States,Chandler,Arizona,Furnishings,Acrylic Self-Standing Desk Frames,8.54,4,1.92
1649,CA-2014-128734,2014-12-25,2015-01-01,James Lanier,United States,Chandler,Arizona,Chairs,Global Leather Executive Chair,842.38,3,105.3
1650,CA-2014-125101,2014-03-07,2014-03-11,Sally Hughsby,United States,San Francisco,California,Storage,"File Shuttle II and Handi-File, Black",67.78,2,16.95
1651,CA-2014-169929,2014-09-26,2014-09-29,Luke Schmidt,United States,Helena,Montana,Storage,Iris Project Case,39.9,5,10.37
1652,CA-2012-156146,2012-10-26,2012-10-30,Andrew Gjertsen,United States,Peoria,Arizona,Phones,Panasonic KX-TG6844B Expandable Digital Cordless Telephone,105.58,2,9.24
1653,CA-2012-156146,2012-10-26,2012-10-30,Andrew Gjertsen,United States,Peoria,Arizona,Phones,Plantronics MX500i Earset,68.72,2,-14.6
1654,CA-2011-111192,2011-07-30,2011-08-05,Tom Stivers,United States,Seattle,Washington,Bookcases,"Rush Hierlooms Collection 1"" Thick Stackable Bookcases",1367.84,8,259.89
1655,CA-2012-161627,2012-07-06,2012-07-11,Sarah Jordon,United States,Pasadena,California,Chairs,Novimex Turbo Task Chair,170.35,3,-17.04
1656,CA-2012-107741,2012-03-08,2012-03-10,Fred Chung,United States,Pueblo,Colorado,Art,"Dixon Prang Watercolor Pencils, 10-Color Set with Brush",3.41,1,0.89
1657,CA-2013-148908,2013-11-06,2013-11-09,Joseph Holt,United States,San Francisco,California,Binders,GBC Twin Loop Wire Binding Elements,53.25,2,19.97
1658,US-2012-120502,2012-04-13,2012-04-19,Bill Tyler,United States,Los Angeles,California,Furnishings,Flat Face Poster Frame,37.68,2,15.83
1659,US-2012-120502,2012-04-13,2012-04-19,Bill Tyler,United States,Los Angeles,California,Phones,Aastra 57i VoIP phone,258.58,2,19.39
1660,US-2012-120502,2012-04-13,2012-04-19,Bill Tyler,United States,Los Angeles,California,Appliances,3M Replacement Filter for Office Air Cleaner for 20' x 33' Room,75.84,2,29.58
1661,US-2014-141943,2014-05-06,2014-05-10,Darren Koutras,United States,San Francisco,California,Envelopes,"Peel & Seel Recycled Catalog Envelopes, Brown",23.16,2,11.58
1662,CA-2011-159709,2011-05-10,2011-05-15,Arianne Irving,United States,Kent,Washington,Envelopes,"Strathmore #10 Envelopes, Ultimate White",158.13,3,77.48
1663,CA-2011-159709,2011-05-10,2011-05-15,Arianne Irving,United States,Kent,Washington,Phones,"LF Elite 3D Dazzle Designer Hard Case Cover, Lf Stylus Pen and Wiper For Apple Iphone 5c Mini Lite",43.6,5,4.36
1664,CA-2012-142454,2012-08-15,2012-08-19,Richard Eichhorn,United States,Oakland,California,Furnishings,Tensor Computer Mounted Lamp,104.23,7,28.14
1665,CA-2012-142454,2012-08-15,2012-08-19,Richard Eichhorn,United States,Oakland,California,Storage,Mobile Personal File Cube,70.26,3,18.97
1666,CA-2013-145898,2013-09-27,2013-09-27,Chuck Magee,United States,Redlands,California,Storage,Advantus Rolling Storage Box,51.45,3,13.89
1667,CA-2013-145898,2013-09-27,2013-09-27,Chuck Magee,United States,Redlands,California,Labels,Avery 494,7.83,3,3.6
1668,CA-2013-145898,2013-09-27,2013-09-27,Chuck Magee,United States,Redlands,California,Art,SANFORD Major Accent Highlighters,35.4,5,13.45
1669,CA-2013-145898,2013-09-27,2013-09-27,Chuck Magee,United States,Redlands,California,Paper,Great White Multi-Use Recycled Paper (20Lb. and 84 Bright),29.9,5,13.46
1670,CA-2014-134635,2014-04-16,2014-04-18,Noel Staavos,United States,Los Angeles,California,Paper,Xerox 1883,79.14,3,36.4
1671,US-2014-109582,2014-09-13,2014-09-18,John Murray,United States,Los Angeles,California,Paper,"Eaton Premium Continuous-Feed Paper, 25% Cotton, Letter Size, White, 1000 Shts/Box",166.44,3,79.89
1672,US-2011-147648,2011-11-26,2011-12-01,Lindsay Shagiari,United States,San Francisco,California,Paper,Xerox 1893,81.98,2,40.17
1673,CA-2014-124436,2014-03-20,2014-03-23,Sue Ann Reed,United States,Fresno,California,Binders,SpineVue Locking Slant-D Ring Binders by Cardinal,14.62,2,5.12
1674,CA-2014-124436,2014-03-20,2014-03-23,Sue Ann Reed,United States,Fresno,California,Tables,Chromcraft Round Conference Tables,697.16,5,8.71
1675,CA-2014-124436,2014-03-20,2014-03-23,Sue Ann Reed,United States,Fresno,California,Furnishings,"Advantus Employee of the Month Certificate Frame, 11 x 13-1/2",30.93,1,12.68
1676,CA-2014-124436,2014-03-20,2014-03-23,Sue Ann Reed,United States,Fresno,California,Binders,"Pressboard Covers with Storage Hooks, 9 1/2"" x 11"", Light Blue",27.5,7,9.28
1677,CA-2014-131037,2014-08-23,2014-08-24,Tony Molinari,United States,San Francisco,California,Tables,Hon Racetrack Conference Tables,210.01,1,2.63
1678,CA-2013-116561,2013-09-12,2013-09-18,Eugene Barchas,United States,San Jose,California,Storage,"Stur-D-Stor Shelving, Vertical 5-Shelf: 72""H x 36""W x 18 1/2""D",332.94,3,6.66
1679,CA-2013-116561,2013-09-12,2013-09-18,Eugene Barchas,United States,San Jose,California,Binders,GBC Standard Therm-A-Bind Covers,39.87,2,12.96
1680,CA-2013-110730,2013-09-24,2013-09-27,Candace McMahon,United States,Seattle,Washington,Supplies,Acme Design Stainless Steel Bent Scissors,13.68,2,3.69
1681,CA-2013-156265,2013-08-03,2013-08-05,Barry Französisch,United States,Los Angeles,California,Tables,"Barricks Non-Folding Utility Table with Steel Legs, Laminate Tops",136.46,2,15.35
1682,CA-2013-156265,2013-08-03,2013-08-05,Barry Französisch,United States,Los Angeles,California,Phones,Nortel Business Series Terminal T7208 Digital phone,333.58,3,33.36
1683,CA-2013-156265,2013-08-03,2013-08-05,Barry Französisch,United States,Los Angeles,California,Binders,XtraLife ClearVue Slant-D Ring Binders by Cardinal,12.54,2,4.7
1684,US-2014-110989,2014-11-04,2014-11-06,Eva Jacobs,United States,Seattle,Washington,Accessories,HP Standard 104 key PS/2 Keyboard,43.5,3,10.88
1685,US-2011-131982,2011-03-07,2011-03-11,Nora Pelletier,United States,Des Moines,Washington,Binders,Catalog Binders with Expanding Posts,107.65,2,33.64
1686,US-2014-114034,2014-01-04,2014-01-09,Delfina Latchford,United States,Rancho Cucamonga,California,Paper,Xerox 1905,38.88,6,18.66
1687,US-2014-115595,2014-10-10,2014-10-12,Xylona Preis,United States,Los Angeles,California,Paper,"Wirebound Message Books, 2 7/8"" x 5"", 3 Forms per Page",35.2,5,16.54
1688,CA-2014-147452,2014-10-01,2014-10-04,Cari Sayre,United States,Seattle,Washington,Paper,"Adams Telephone Message Book W/Dividers/Space For Phone Numbers, 5 1/4""X8 1/2"", 300/Messages",11.76,2,5.76
1689,CA-2014-147452,2014-10-01,2014-10-04,Cari Sayre,United States,Seattle,Washington,Paper,Xerox 1882,167.94,3,82.29
1690,CA-2014-147452,2014-10-01,2014-10-04,Cari Sayre,United States,Seattle,Washington,Appliances,"Commercial WindTunnel Clean Air Upright Vacuum, Replacement Belts, Filtration Bags",3.89,1,1.01
1691,CA-2014-144484,2014-09-12,2014-09-12,Cassandra Brandow,United States,San Francisco,California,Furnishings,"6"" Cubicle Wall Clock, Black",32.36,4,11.65
1692,CA-2014-144484,2014-09-12,2014-09-12,Cassandra Brandow,United States,San Francisco,California,Appliances,Kensington 4 Outlet MasterPiece Compact Power Control Center,406.6,5,113.85
1693,CA-2014-125913,2014-01-17,2014-01-17,Jack O'Briant,United States,Los Angeles,California,Furnishings,"Eldon Expressions Wood and Plastic Desk Accessories, Cherry Wood",27.92,4,8.1
1694,CA-2014-125913,2014-01-17,2014-01-17,Jack O'Briant,United States,Los Angeles,California,Tables,"Lesro Sheffield Collection Coffee Table, End Table, Center Table, Corner Table",399.67,7,-14.99
1695,CA-2011-133424,2011-03-30,2011-04-04,Dorris liebe,United States,Seattle,Washington,Storage,Sterilite Show Offs Storage Containers,15.84,3,0.0
1696,CA-2011-133424,2011-03-30,2011-04-04,Dorris liebe,United States,Seattle,Washington,Labels,Avery 490,44.4,3,22.2
1697,CA-2014-105991,2014-05-06,2014-05-07,Lisa Hazard,United States,Louisville,Colorado,Envelopes,"Redi-Strip #10 Envelopes, 4 1/8 x 9 1/2",21.24,9,7.43
1698,CA-2014-105991,2014-05-06,2014-05-07,Lisa Hazard,United States,Louisville,Colorado,Binders,"Avery Durable Slant Ring Binders, No Labels",9.55,8,-7.32
1699,CA-2014-105991,2014-05-06,2014-05-07,Lisa Hazard,United States,Louisville,Colorado,Bookcases,Bestar Classic Bookcase,89.99,3,-152.98
1700,US-2014-136784,2014-05-01,2014-05-06,Alan Dominguez,United States,San Francisco,California,Paper,Xerox 1919,163.96,4,80.34
1701,CA-2013-106656,2013-09-24,2013-09-27,Darrin Van Huff,United States,San Diego,California,Envelopes,Poly String Tie Envelopes,4.08,2,1.92
1702,CA-2013-106656,2013-09-24,2013-09-27,Darrin Van Huff,United States,San Diego,California,Labels,Avery 51,18.9,3,8.69
1703,CA-2014-137876,2014-05-01,2014-05-06,Don Jones,United States,San Francisco,California,Furnishings,"Seth Thomas 16"" Steel Case Clock",64.96,2,21.44
1704,CA-2014-137876,2014-05-01,2014-05-06,Don Jones,United States,San Francisco,California,Envelopes,"#10- 4 1/8"" x 9 1/2"" Security-Tint Envelopes",30.56,4,14.97
1705,CA-2012-119508,2012-12-04,2012-12-09,Tracy Zic,United States,Lakewood,California,Art,Avery Hi-Liter Fluorescent Desk Style Markers,16.9,5,6.25
1706,CA-2012-119508,2012-12-04,2012-12-09,Tracy Zic,United States,Lakewood,California,Furnishings,"Eldon Image Series Desk Accessories, Burgundy",25.08,6,9.03
1707,CA-2011-130813,2011-01-07,2011-01-09,Lycoris Saunders,United States,Los Angeles,California,Paper,Xerox 225,19.44,3,9.33
1708,CA-2012-169278,2012-05-21,2012-05-25,Michelle Ellison,United States,Seattle,Washington,Binders,Ibico Plastic and Wire Spiral Binding Combs,26.98,4,8.77
1709,CA-2014-111577,2014-10-17,2014-10-22,Anthony Jacobs,United States,Scottsdale,Arizona,Paper,Green Bar Computer Printout Paper,307.78,7,111.57
1710,CA-2014-108539,2014-03-22,2014-03-24,Steven Cartwright,United States,Los Angeles,California,Storage,Adjustable Depth Letter/Legal Cart,725.84,4,210.49
1711,CA-2014-108539,2014-03-22,2014-03-24,Steven Cartwright,United States,Los Angeles,California,Binders,"Avery Durable Plastic 1"" Binders",10.9,3,3.95
1712,CA-2014-108539,2014-03-22,2014-03-24,Steven Cartwright,United States,Los Angeles,California,Binders,Pressboard Data Binders by Wilson Jones,8.54,2,2.88
1713,CA-2011-113768,2011-05-13,2011-05-19,Aaron Hawkins,United States,Los Angeles,California,Chairs,"Iceberg Nesting Folding Chair, 19w x 6d x 43h",279.46,6,20.96
1714,CA-2011-113768,2011-05-13,2011-05-19,Aaron Hawkins,United States,Los Angeles,California,Paper,EcoTones Memo Sheets,8.0,2,3.84
1715,CA-2013-138037,2013-09-30,2013-10-04,Andy Reiter,United States,San Francisco,California,Binders,Avery Self-Adhesive Photo Pockets for Polaroid Photos,27.24,5,9.53
1716,CA-2011-150490,2011-08-05,2011-08-11,Sonia Sunley,United States,San Francisco,California,Accessories,Logitech Desktop MK120 Mouse and keyboard Combo,16.36,1,1.64
1717,CA-2011-150490,2011-08-05,2011-08-11,Sonia Sunley,United States,San Francisco,California,Storage,Akro Stacking Bins,15.78,2,0.63
1718,CA-2011-150490,2011-08-05,2011-08-11,Sonia Sunley,United States,San Francisco,California,Art,Boston KS Multi-Size Manual Pencil Sharpener,45.98,2,12.87
1719,CA-2011-123477,2011-01-19,2011-01-22,David Wiener,United States,Springfield,Oregon,Appliances,Fellowes Mighty 8 Compact Surge Protector,64.86,4,6.49
1720,CA-2014-158071,2014-06-11,2014-06-16,Bill Donatelli,United States,Seattle,Washington,Phones,"Logitech B530 USB Headset - headset - Full size, Binaural",88.78,3,7.77
1721,CA-2014-158071,2014-06-11,2014-06-16,Bill Donatelli,United States,Seattle,Washington,Labels,Avery 512,11.56,4,5.43
1722,CA-2014-158071,2014-06-11,2014-06-16,Bill Donatelli,United States,Seattle,Washington,Storage,Personal File Boxes with Fold-Down Carry Handle,15.58,1,3.9
1723,CA-2014-134152,2014-05-28,2014-06-01,Roy Phan,United States,Seattle,Washington,Accessories,Logitech Desktop MK120 Mouse and keyboard Combo,98.16,6,9.82
1724,CA-2014-134152,2014-05-28,2014-06-01,Roy Phan,United States,Seattle,Washington,Fasteners,Staples,31.44,3,7.86
1725,CA-2013-136021,2013-08-15,2013-08-19,Jill Matthias,United States,Los Angeles,California,Paper,Array Memo Cubes,15.54,3,7.61
1726,CA-2013-136021,2013-08-15,2013-08-19,Jill Matthias,United States,Los Angeles,California,Machines,Texas Instruments TI-34 Scientific Calculator,105.55,6,35.62
1727,CA-2014-164707,2014-02-19,2014-02-22,Cynthia Voltz,United States,Los Angeles,California,Phones,iHome FM Clock Radio with Lightning Dock,167.98,3,10.5
1728,CA-2014-164707,2014-02-19,2014-02-22,Cynthia Voltz,United States,Los Angeles,California,Accessories,Memorex Micro Travel Drive 32 GB,109.53,3,47.1
1729,CA-2014-164707,2014-02-19,2014-02-22,Cynthia Voltz,United States,Los Angeles,California,Labels,Avery 493,9.82,2,4.81
1730,CA-2014-163874,2014-11-11,2014-11-13,Nick Crebassa,United States,Seattle,Washington,Binders,GBC Imprintable Covers,26.35,3,9.55
1731,CA-2011-104829,2011-11-18,2011-11-21,John Grady,United States,Provo,Utah,Paper,"Adams ""While You Were Out"" Message Pads",21.98,7,9.89
1732,US-2013-147340,2013-09-25,2013-09-25,Edward Becker,United States,San Francisco,California,Furnishings,Nu-Dell Executive Frame,63.2,5,23.38
1733,CA-2013-145492,2013-11-21,2013-11-28,Matt Connell,United States,Los Angeles,California,Appliances,"Bravo II Megaboss 12-Amp Hard Body Upright, Replacement Belts, 2 Belts per Pack",39.0,12,11.31
1734,CA-2013-117681,2013-04-10,2013-04-15,Herbert Flentye,United States,Los Angeles,California,Bookcases,Bush Somerset Collection Bookcase,556.67,5,6.55
1735,CA-2014-132262,2014-09-22,2014-09-24,Muhammed Lee,United States,Seattle,Washington,Accessories,Sony 64GB Class 10 Micro SDHC R40 Memory Card,71.98,2,15.12
1736,CA-2014-132262,2014-09-22,2014-09-24,Muhammed Lee,United States,Seattle,Washington,Accessories,Logitech M510 Wireless Mouse,79.98,2,26.39
1737,US-2013-143280,2013-02-22,2013-02-26,Tracy Zic,United States,Los Angeles,California,Phones,AT&T 1070 Corded Phone,445.96,5,55.75
1738,US-2013-143280,2013-02-22,2013-02-26,Tracy Zic,United States,Los Angeles,California,Accessories,Memorex Mini Travel Drive 64 GB USB 2.0 Flash Drive,36.24,1,15.22
1739,US-2013-143280,2013-02-22,2013-02-26,Tracy Zic,United States,Los Angeles,California,Fasteners,"Acco Clips to Go Binder Clips, 24 Clips in Two Sizes",10.65,3,5.01
1740,CA-2014-108854,2014-12-09,2014-12-15,Denise Monton,United States,San Francisco,California,Paper,Standard Line While You Were Out Hardbound Telephone Message Book,87.92,4,40.44
1741,CA-2014-108854,2014-12-09,2014-12-15,Denise Monton,United States,San Francisco,California,Binders,"Performers Binder/Pad Holder, Black",22.42,1,8.41
1742,CA-2014-108854,2014-12-09,2014-12-15,Denise Monton,United States,San Francisco,California,Binders,Vinyl Sectional Post Binders,90.48,3,33.93
1743,CA-2014-108854,2014-12-09,2014-12-15,Denise Monton,United States,San Francisco,California,Storage,"SAFCO Mobile Desk Side File, Wire Frame",42.76,1,11.12
1744,CA-2014-166856,2014-09-19,2014-09-23,Tony Sayre,United States,Clovis,New Mexico,Binders,Wilson Jones Easy Flow II Sheet Lifters,10.08,7,3.53
1745,CA-2014-166856,2014-09-19,2014-09-23,Tony Sayre,United States,Clovis,New Mexico,Accessories,Kingston Digital DataTraveler 64GB USB 2.0,101.34,3,8.11
1746,US-2013-163258,2013-12-30,2014-01-03,Phillip Flathmann,United States,Los Angeles,California,Binders,Acco Translucent Poly Ring Binders,11.23,3,3.93
1747,CA-2013-153598,2013-12-04,2013-12-07,Neoma Murray,United States,Los Angeles,California,Accessories,Logitech Z-906 Speaker sys - home theater - 5.1-CH,1649.95,5,659.98
1748,CA-2013-153598,2013-12-04,2013-12-07,Neoma Murray,United States,Los Angeles,California,Furnishings,3M Polarizing Light Filter Sleeves,111.9,6,51.47
1749,US-2013-108497,2013-06-15,2013-06-15,Marc Harrigan,United States,Los Angeles,California,Bookcases,"Bush Heritage Pine Collection 5-Shelf Bookcase, Albany Pine Finish, *Special Order",599.17,5,35.25
1750,CA-2013-113096,2013-09-03,2013-09-05,Sam Zeldin,United States,San Francisco,California,Storage,"Tenex File Box, Personal Filing Tote with Lid, Black",46.53,3,12.1
1751,CA-2014-129707,2014-04-26,2014-04-30,Larry Hughes,United States,Chandler,Arizona,Art,Newell 318,8.9,4,0.67
1752,CA-2012-160171,2012-10-19,2012-10-24,Robert Marley,United States,Los Angeles,California,Appliances,"Sanyo Counter Height Refrigerator with Crisper, 3.6 Cubic Foot, Stainless Steel/Black",1640.7,5,459.4
1753,CA-2012-160171,2012-10-19,2012-10-24,Robert Marley,United States,Los Angeles,California,Accessories,NETGEAR N750 Dual Band Wi-Fi Gigabit Router,270.0,3,97.2
1754,CA-2014-155929,2014-09-10,2014-09-14,Arianne Irving,United States,Glendale,Arizona,Paper,Unpadded Memo Slips,6.37,2,2.39
1755,CA-2013-140613,2013-07-23,2013-07-30,Kristina Nunn,United States,Sparks,Nevada,Supplies,"Fiskars 8"" Scissors, 2/Pack",86.2,5,25.0
1756,CA-2014-130631,2014-12-30,2015-01-03,Bruce Stewart,United States,Edmonds,Washington,Fasteners,Acco Glide Clips,19.6,5,9.6
1757,CA-2014-130631,2014-12-30,2015-01-03,Bruce Stewart,United States,Edmonds,Washington,Furnishings,Hand-Finished Solid Wood Document Frame,68.46,2,20.54
1758,CA-2014-116680,2014-09-05,2014-09-07,Pete Kriz,United States,San Francisco,California,Binders,Acco Suede Grain Vinyl Round Ring Binder,13.34,6,4.34
1759,CA-2014-116680,2014-09-05,2014-09-07,Pete Kriz,United States,San Francisco,California,Tables,"Bush Cubix Conference Tables, Fully Assembled",1478.27,8,92.39
1760,CA-2014-101574,2014-09-29,2014-10-05,Bruce Degenhardt,United States,Los Angeles,California,Furnishings,Longer-Life Soft White Bulbs,9.24,3,4.44
1761,CA-2011-146591,2011-01-20,2011-01-21,Toby Swindell,United States,Scottsdale,Arizona,Binders,"GBC Standard Recycled Report Covers, Clear Plastic Sheets",32.34,10,-23.72
1762,CA-2011-146591,2011-01-20,2011-01-21,Toby Swindell,United States,Scottsdale,Arizona,Paper,"TOPS Carbonless Receipt Book, Four 2-3/4 x 7-1/4 Money Receipts per Page",56.06,4,19.62
1763,CA-2011-146591,2011-01-20,2011-01-21,Toby Swindell,United States,Scottsdale,Arizona,Envelopes,"Tyvek  Top-Opening Peel & Seel Envelopes, Plain White",108.72,5,36.69
1764,CA-2011-146591,2011-01-20,2011-01-21,Toby Swindell,United States,Scottsdale,Arizona,Bookcases,O'Sullivan 4-Shelf Bookcase in Odessa Pine,181.47,5,-320.6
1765,CA-2013-122448,2013-06-10,2013-06-15,Dean Braden,United States,San Francisco,California,Chairs,"Global Deluxe Stacking Chair, Gray",122.35,3,13.76
1766,CA-2011-132451,2011-09-26,2011-09-27,Karen Ferguson,United States,San Diego,California,Chairs,"Hon Deluxe Fabric Upholstered Stacking Chairs, Rounded Back",585.55,3,73.19
1767,CA-2011-132451,2011-09-26,2011-09-27,Karen Ferguson,United States,San Diego,California,Paper,Xerox 217,19.44,3,9.33
1768,CA-2014-116946,2014-12-20,2014-12-24,Tony Sayre,United States,Parker,Colorado,Furnishings,OIC Stacking Trays,13.36,5,4.01
1769,CA-2014-116946,2014-12-20,2014-12-24,Tony Sayre,United States,Parker,Colorado,Storage,Tennsco Industrial Shelving,78.26,2,-17.61
1770,CA-2014-116946,2014-12-20,2014-12-24,Tony Sayre,United States,Parker,Colorado,Bookcases,O'Sullivan 2-Shelf Heavy-Duty Bookcases,102.02,7,-183.63
1771,CA-2014-105487,2014-10-09,2014-10-15,Chris Selesnick,United States,San Diego,California,Phones,Digium D40 VoIP phone,103.19,1,11.61
1772,CA-2014-105487,2014-10-09,2014-10-15,Chris Selesnick,United States,San Diego,California,Accessories,KeyTronic E03601U1 - Keyboard - Beige,36.0,2,6.48
1773,CA-2014-105487,2014-10-09,2014-10-15,Chris Selesnick,United States,San Diego,California,Accessories,Logitech Illuminated - Keyboard,239.96,4,115.18
1774,CA-2014-105487,2014-10-09,2014-10-15,Chris Selesnick,United States,San Diego,California,Storage,Tennsco Commercial Shelving,40.68,2,0.41
1775,CA-2011-105249,2011-11-28,2011-11-28,Duane Huffman,United States,San Francisco,California,Fasteners,Staples,7.36,2,0.15
1776,CA-2011-105249,2011-11-28,2011-11-28,Duane Huffman,United States,San Francisco,California,Labels,Avery 489,41.4,4,19.87
1777,CA-2011-105249,2011-11-28,2011-11-28,Duane Huffman,United States,San Francisco,California,Bookcases,"Sauder Camden County Barrister Bookcase, Planked Cherry Finish",411.33,4,-4.84
1778,US-2013-162026,2013-10-09,2013-10-09,Joel Eaton,United States,Los Angeles,California,Paper,Xerox 1925,61.96,2,27.88
1779,CA-2012-168529,2012-10-08,2012-10-12,Maria Bertelson,United States,San Francisco,California,Furnishings,"Deflect-o SuperTray Unbreakable Stackable Tray, Letter, Black",145.9,5,62.74
1780,US-2011-137680,2011-02-25,2011-03-02,Jennifer Halladay,United States,Medford,Oregon,Paper,"Message Book, Wirebound, Four 5 1/2"" X 4"" Forms/Pg., 200 Dupl. Sets/Book",32.9,4,11.1
1781,US-2011-137680,2011-02-25,2011-03-02,Jennifer Halladay,United States,Medford,Oregon,Paper,"TOPS 4 x 6 Fluorescent Color Memo Sheets, 500 Sheets per Pack",22.78,3,7.69
1782,CA-2013-110982,2013-06-06,2013-06-08,Chloris Kastensmidt,United States,Santa Clara,California,Binders,Avery Non-Stick Binders,21.55,6,7.0
1783,CA-2013-110982,2013-06-06,2013-06-08,Chloris Kastensmidt,United States,Santa Clara,California,Appliances,Acco 6 Outlet Guardian Premium Surge Suppressor,58.24,4,15.72
1784,CA-2013-147123,2013-12-11,2013-12-13,Sanjit Jacobs,United States,Long Beach,California,Paper,"Wirebound Message Books, Four 2 3/4 x 5 White Forms per Page",80.28,12,36.93
1785,CA-2014-154501,2014-05-01,2014-05-06,Erin Ashbrook,United States,Los Angeles,California,Art,Faber Castell Col-Erase Pencils,9.78,2,4.01
1786,CA-2014-166933,2014-04-25,2014-04-29,Michael Granlund,United States,Santa Barbara,California,Fasteners,Colored Push Pins,1.81,1,0.65
1787,CA-2013-134936,2013-12-20,2013-12-26,Erin Smith,United States,Tucson,Arizona,Tables,"SAFCO PlanMaster Boards, 60w x 37-1/2d, White Melamine",455.97,6,-218.87
1788,CA-2013-134936,2013-12-20,2013-12-26,Erin Smith,United States,Tucson,Arizona,Binders,"Wilson Jones Clip & Carry Folder Binder Tool for Ring Binders, Clear",10.44,6,-7.66
1789,CA-2013-134936,2013-12-20,2013-12-26,Erin Smith,United States,Tucson,Arizona,Binders,"Cardinal Slant-D Ring Binder, Heavy Gauge Vinyl",5.21,2,-4.17
1790,CA-2014-151008,2014-09-08,2014-09-09,Justin MacKendrick,United States,Draper,Utah,Furnishings,"DAX Copper Panel Document Frame, 5 x 7 Size",25.16,2,10.57
1791,CA-2014-151008,2014-09-08,2014-09-09,Justin MacKendrick,United States,Draper,Utah,Phones,Motorla HX550 Universal Bluetooth Headset,126.56,4,47.46
1792,CA-2011-159800,2011-11-28,2011-12-01,Sheri Gordon,United States,San Francisco,California,Appliances,Acco 6 Outlet Guardian Premium Surge Suppressor,43.68,3,11.79
1793,CA-2011-159800,2011-11-28,2011-12-01,Sheri Gordon,United States,San Francisco,California,Accessories,Micropad Numeric Keypads,139.93,7,34.98
1794,US-2012-114741,2012-12-06,2012-12-10,Ivan Liston,United States,North Las Vegas,Nevada,Paper,Xerox 20,6.48,1,3.11
1795,US-2012-114741,2012-12-06,2012-12-10,Ivan Liston,United States,North Las Vegas,Nevada,Storage,Tennsco 6- and 18-Compartment Lockers,1325.85,5,238.65
1796,US-2012-114741,2012-12-06,2012-12-10,Ivan Liston,United States,North Las Vegas,Nevada,Labels,Avery 483,14.94,3,6.87
1797,CA-2013-136686,2013-12-13,2013-12-17,Roy Französisch,United States,Pasadena,California,Furnishings,"Howard Miller 14-1/2"" Diameter Chrome Round Wall Clock",383.64,6,122.76
1798,CA-2013-136686,2013-12-13,2013-12-17,Roy Französisch,United States,Pasadena,California,Appliances,Belkin F9H710-06 7 Outlet SurgeMaster Surge Protector,56.52,3,15.83
1799,CA-2014-137498,2014-09-10,2014-09-15,Liz Carlisle,United States,Los Angeles,California,Art,Newell 35,6.56,2,1.9
1800,CA-2014-137498,2014-09-10,2014-09-15,Liz Carlisle,United States,Los Angeles,California,Chairs,Novimex Fabric Task Chair,243.92,5,-15.25
1801,CA-2014-137498,2014-09-10,2014-09-15,Liz Carlisle,United States,Los Angeles,California,Paper,Astroparche Fine Business Paper,47.52,9,22.81
1802,CA-2011-116673,2011-12-15,2011-12-19,Jas O'Carroll,United States,San Diego,California,Furnishings,Stackable Trays,6.16,2,1.97
1803,CA-2012-149993,2012-03-19,2012-03-20,Guy Armstrong,United States,Lancaster,California,Fasteners,Stockwell Push Pins,10.9,5,3.6
1804,CA-2011-168158,2011-07-19,2011-07-24,Eugene Moren,United States,Great Falls,Montana,Binders,"Acco Pressboard Covers with Storage Hooks, 14 7/8"" x 11"", Dark Blue",6.1,2,2.21
1805,CA-2013-115224,2013-12-09,2013-12-12,Doug Bickford,United States,San Francisco,California,Storage,"SimpliFile Personal File, Black Granite, 15w x 6-15/16d x 11-1/4h",34.05,3,9.53
1806,CA-2013-115224,2013-12-09,2013-12-12,Doug Bickford,United States,San Francisco,California,Storage,Fellowes High-Stak Drawer Files,352.38,2,81.05
1807,CA-2012-168634,2012-12-06,2012-12-11,Art Ferguson,United States,San Francisco,California,Appliances,"Commercial WindTunnel Clean Air Upright Vacuum, Replacement Belts, Filtration Bags",7.78,2,2.02
1808,CA-2014-121027,2014-08-19,2014-08-23,Helen Wasserman,United States,Seattle,Washington,Accessories,Plantronics Savi W720 Multi-Device Wireless Headset System,843.9,2,371.32
1809,CA-2014-121027,2014-08-19,2014-08-23,Helen Wasserman,United States,Seattle,Washington,Accessories,Imation Bio 8GB USB Flash Drive Imation Corp,1496.16,9,224.42
1810,CA-2012-101154,2012-09-18,2012-09-21,Charlotte Melton,United States,San Diego,California,Storage,"Stur-D-Stor Shelving, Vertical 5-Shelf: 72""H x 36""W x 18 1/2""D",443.92,4,8.88
1811,CA-2013-121748,2013-10-25,2013-10-29,Victoria Wilson,United States,Los Angeles,California,Accessories,Micro Innovations USB RF Wireless Keyboard with Mouse,100.0,4,21.0
1812,CA-2013-121748,2013-10-25,2013-10-29,Victoria Wilson,United States,Los Angeles,California,Accessories,Logitech VX Revolution Cordless Laser Mouse for Notebooks (Black),359.98,2,21.6
1813,CA-2011-126683,2011-09-29,2011-10-01,Paul Prost,United States,Seattle,Washington,Furnishings,Longer-Life Soft White Bulbs,6.16,2,2.96
1814,CA-2011-126683,2011-09-29,2011-10-01,Paul Prost,United States,Seattle,Washington,Tables,"Bevis Oval Conference Table, Walnut",2348.82,9,399.3
1815,CA-2014-123022,2014-09-04,2014-09-09,Sample Company A,United States,La Mesa,California,Binders,"Square Ring Data Binders, Rigid 75 Pt. Covers, 11"" x 14-7/8""",82.56,5,28.9
1816,CA-2014-123022,2014-09-04,2014-09-09,Sample Company A,United States,La Mesa,California,Accessories,Kensington Expert Mouse Optical USB Trackball for PC or Mac,284.97,3,85.49
1817,CA-2011-154893,2011-12-21,2011-12-27,Gary McGarr,United States,San Diego,California,Chairs,SAFCO Arco Folding Chair,1325.76,6,149.15
1818,CA-2011-154893,2011-12-21,2011-12-27,Gary McGarr,United States,San Diego,California,Chairs,Safco Contoured Stacking Chairs,572.16,3,35.76
1819,CA-2014-120719,2014-03-24,2014-03-27,Sanjit Jacobs,United States,Seattle,Washington,Binders,"Cardinal Slant-D Ring Binder, Heavy Gauge Vinyl",34.76,5,11.3
1820,CA-2014-168179,2014-11-03,2014-11-08,Joy Bell-,United States,Salt Lake City,Utah,Paper,Xerox 220,19.44,3,9.33
1821,CA-2014-142342,2014-07-18,2014-07-20,Anthony Johnson,United States,Apple Valley,California,Paper,Xerox 221,32.4,5,15.55
1822,CA-2014-142342,2014-07-18,2014-07-20,Anthony Johnson,United States,Apple Valley,California,Envelopes,"Peel & Seel Recycled Catalog Envelopes, Brown",57.9,5,28.95
1823,CA-2014-142342,2014-07-18,2014-07-20,Anthony Johnson,United States,Apple Valley,California,Storage,Sterilite Show Offs Storage Containers,10.56,2,0.0
1824,CA-2014-142342,2014-07-18,2014-07-20,Anthony Johnson,United States,Apple Valley,California,Bookcases,"Atlantic Metals Mobile 4-Shelf Bookcases, Custom Colors",1194.17,5,210.74
1825,US-2011-134187,2011-11-04,2011-11-11,Tiffany House,United States,Long Beach,California,Art,Newell 343,2.94,1,0.79
1826,CA-2013-145261,2013-12-19,2013-12-22,Adrian Hane,United States,Salem,Oregon,Binders,Vinyl Sectional Post Binders,45.24,4,-30.16
1827,CA-2013-145261,2013-12-19,2013-12-22,Adrian Hane,United States,Salem,Oregon,Art,Newell 312,18.69,4,2.34
1828,CA-2013-145261,2013-12-19,2013-12-22,Adrian Hane,United States,Salem,Oregon,Paper,"Black Print Carbonless 8 1/2"" x 8 1/4"" Rapid Memo Book",11.65,2,3.79
1829,CA-2013-145261,2013-12-19,2013-12-22,Adrian Hane,United States,Salem,Oregon,Accessories,Sony Micro Vault Click 8 GB USB 2.0 Flash Drive,112.78,3,-8.46
1830,CA-2013-145261,2013-12-19,2013-12-22,Adrian Hane,United States,Salem,Oregon,Tables,"Iceberg OfficeWorks 42"" Round Tables",377.45,5,-264.22
1831,CA-2013-145261,2013-12-19,2013-12-22,Adrian Hane,United States,Salem,Oregon,Labels,Avery White Multi-Purpose Labels,15.94,4,5.18
1832,CA-2013-145261,2013-12-19,2013-12-22,Adrian Hane,United States,Salem,Oregon,Phones,Macally Suction Cup Mount,28.68,3,-7.17
1833,CA-2013-108875,2013-09-25,2013-10-02,Craig Leslie,United States,Aurora,Colorado,Furnishings,Electrix 20W Halogen Replacement Bulb for Zoom-In Desk Lamp,21.44,2,7.5
1834,CA-2013-108875,2013-09-25,2013-10-02,Craig Leslie,United States,Aurora,Colorado,Storage,Sensible Storage WireTech Storage Systems,511.06,9,-95.82
1835,CA-2013-142405,2013-06-12,2013-06-16,Sanjit Engle,United States,Seattle,Washington,Labels,Avery 486,14.62,2,6.87
1836,CA-2013-142405,2013-06-12,2013-06-16,Sanjit Engle,United States,Seattle,Washington,Binders,Wilson Jones Turn Tabs Binder Tool for Ring Binders,53.98,14,17.54
1837,CA-2013-142405,2013-06-12,2013-06-16,Sanjit Engle,United States,Seattle,Washington,Accessories,Logitech G35 7.1-Channel Surround Sound Headset,389.97,3,132.59
1838,CA-2012-141012,2012-06-09,2012-06-11,Trudy Glocke,United States,Pocatello,Idaho,Furnishings,Luxo Adjustable Task Clamp Lamp,355.36,4,92.39
1839,CA-2012-141012,2012-06-09,2012-06-11,Trudy Glocke,United States,Pocatello,Idaho,Phones,Dexim XPower Skin Super-Thin Power Case for iPhone 5 - Black,140.38,3,8.77
1840,CA-2013-146318,2013-01-22,2013-01-27,Marc Crier,United States,Seattle,Washington,Paper,Xerox 218,12.96,2,6.22
1841,CA-2011-135993,2011-05-28,2011-06-02,Patrick Jones,United States,Seattle,Washington,Phones,I Need's 3d Hello Kitty Hybrid Silicone Case Cover for HTC One X 4g with 3d Hello Kitty Stylus Pen Green/pink,57.41,6,5.74
1842,CA-2011-135993,2011-05-28,2011-06-02,Patrick Jones,United States,Seattle,Washington,Accessories,Imation 30456 USB Flash Drive 8GB,27.6,4,2.21
1843,CA-2012-131072,2012-11-05,2012-11-05,Ken Lonsdale,United States,Seattle,Washington,Binders,"Avery Trapezoid Ring Binder, 3"" Capacity, Black, 1040 sheets",98.35,3,35.65
1844,CA-2013-126165,2013-05-06,2013-05-08,Amy Hunt,United States,San Francisco,California,Tables,Hon 61000 Series Interactive Training Tables,71.09,2,-1.78
1845,CA-2014-148320,2014-11-04,2014-11-09,Paul Gonzalez,United States,San Francisco,California,Paper,Xerox 1992,35.88,6,17.58
1846,CA-2012-138674,2012-11-14,2012-11-17,Ken Black,United States,Springfield,Oregon,Fasteners,Advantus Push Pins,8.72,5,2.29
1847,CA-2012-138674,2012-11-14,2012-11-17,Ken Black,United States,Springfield,Oregon,Accessories,Imation Secure Drive + Hardware Encrypted USB flash drive - 16 GB,91.18,3,4.56
1848,CA-2012-138674,2012-11-14,2012-11-17,Ken Black,United States,Springfield,Oregon,Accessories,Plantronics Audio 478 Stereo USB Headset,159.97,4,29.99
1849,CA-2013-165820,2013-09-27,2013-10-01,Dorothy Wardle,United States,San Francisco,California,Paper,Xerox 1905,12.96,2,6.22
1850,CA-2011-148614,2011-01-21,2011-01-26,Mark Van Huff,United States,Los Angeles,California,Paper,"Wirebound Service Call Books, 5 1/2"" x 4""",19.36,2,9.29
1851,CA-2011-148614,2011-01-21,2011-01-26,Mark Van Huff,United States,Los Angeles,California,Furnishings,"Eldon Expressions Desk Accessory, Wood Pencil Holder, Oak",19.3,2,5.79
1852,CA-2014-156139,2014-01-01,2014-01-07,Becky Pak,United States,San Francisco,California,Binders,"GBC Pre-Punched Binding Paper, Plastic, White, 8-1/2"" x 11""",38.38,3,13.43
1853,US-2014-147886,2014-03-29,2014-04-01,Dave Hallsten,United States,Fairfield,California,Paper,Xerox 1975,12.96,2,6.35
1854,US-2014-147886,2014-03-29,2014-04-01,Dave Hallsten,United States,Fairfield,California,Furnishings,DAX Black Cherry Wood-Tone Poster Frame,26.48,1,10.06
1855,US-2014-147886,2014-03-29,2014-04-01,Dave Hallsten,United States,Fairfield,California,Machines,StarTech.com 10/100 VDSL2 Ethernet Extender Kit,532.72,2,53.27
1856,US-2014-147886,2014-03-29,2014-04-01,Dave Hallsten,United States,Fairfield,California,Paper,Xerox 1968,26.72,4,12.83
1857,US-2014-147886,2014-03-29,2014-04-01,Dave Hallsten,United States,Fairfield,California,Paper,Xerox 1977,20.04,3,9.62
1858,US-2014-147886,2014-03-29,2014-04-01,Dave Hallsten,United States,Fairfield,California,Storage,SAFCO Boltless Steel Shelving,795.48,7,7.95
1859,US-2014-147886,2014-03-29,2014-04-01,Dave Hallsten,United States,Fairfield,California,Furnishings,Stackable Trays,21.56,7,6.9
1860,CA-2013-125850,2013-01-22,2013-01-28,Frank Preis,United States,San Diego,California,Labels,Avery 475,44.4,3,22.2
1861,CA-2013-125850,2013-01-22,2013-01-28,Frank Preis,United States,San Diego,California,Labels,Avery 476,20.65,5,9.5
1862,US-2013-111528,2013-12-31,2013-12-31,Julie Prescott,United States,Los Angeles,California,Storage,Iceberg Mobile Mega Data/Printer Cart ,481.32,4,125.14
1863,US-2013-111528,2013-12-31,2013-12-31,Julie Prescott,United States,Los Angeles,California,Binders,Cardinal Hold-It CD Pocket,6.38,1,2.15
1864,CA-2014-158169,2014-08-13,2014-08-16,Justin MacKendrick,United States,Lake Forest,California,Appliances,Avanti 4.4 Cu. Ft. Refrigerator,542.94,3,152.02
1865,CA-2014-158169,2014-08-13,2014-08-16,Justin MacKendrick,United States,Lake Forest,California,Furnishings,DAX Wood Document Frame,54.92,4,19.77
1866,CA-2012-117772,2012-09-10,2012-09-12,Matt Collins,United States,Seattle,Washington,Storage,"Belkin 19"" Center-Weighted Shelf, Gray",353.88,6,17.69
1867,US-2011-126340,2011-11-08,2011-11-14,Emily Burns,United States,Redding,California,Phones,Toshiba IPT2010-SD IP Telephone,333.58,3,25.02
1868,CA-2012-103835,2012-09-24,2012-09-28,Shaun Chance,United States,Los Angeles,California,Furnishings,"DAX Value U-Channel Document Frames, Easel Back",14.91,3,4.62
1869,CA-2012-103835,2012-09-24,2012-09-28,Shaun Chance,United States,Los Angeles,California,Appliances,Hoover Upright Vacuum With Dirt Cup,1158.12,4,335.85
1870,CA-2013-142398,2013-04-13,2013-04-17,Beth Paige,United States,Los Angeles,California,Chairs,Hon Comfortask Task/Swivel Chairs,638.29,7,-31.91
1871,CA-2013-142398,2013-04-13,2013-04-17,Beth Paige,United States,Los Angeles,California,Binders,JM Magazine Binder,13.21,1,4.62
1872,CA-2013-112060,2013-12-05,2013-12-10,Kean Takahito,United States,San Francisco,California,Paper,Xerox 1915,104.85,1,50.33
1873,CA-2011-105270,2011-11-11,2011-11-18,Arthur Prichep,United States,Los Angeles,California,Art,50 Colored Long Pencils,30.48,3,7.92
1874,CA-2011-105270,2011-11-11,2011-11-18,Arthur Prichep,United States,Los Angeles,California,Chairs,Hon Olson Stacker Stools,112.65,1,11.26
1875,US-2012-159513,2012-04-02,2012-04-09,John Dryer,United States,Los Angeles,California,Machines,"Vtech AT&T CL2940 Corded Speakerphone, Black",71.98,3,24.29
1876,CA-2012-155586,2012-12-12,2012-12-16,Xylona Preis,United States,Chico,California,Art,Newell 311,2.21,1,0.6
1877,CA-2012-155586,2012-12-12,2012-12-16,Xylona Preis,United States,Chico,California,Envelopes,Peel & Seel Envelopes,15.52,4,7.45
1878,CA-2012-155586,2012-12-12,2012-12-16,Xylona Preis,United States,Chico,California,Paper,"Black Print Carbonless Snap-Off Rapid Letter, 8 1/2"" x 7""",36.44,4,16.4
1879,CA-2014-141117,2014-10-03,2014-10-09,Juliana Krohn,United States,Springfield,Oregon,Bookcases,O'Sullivan 4-Shelf Bookcase in Odessa Pine,217.76,6,-384.72
1880,CA-2014-141117,2014-10-03,2014-10-09,Juliana Krohn,United States,Springfield,Oregon,Supplies,Acme Softgrip Scissors,39.07,6,4.4
1881,CA-2014-141117,2014-10-03,2014-10-09,Juliana Krohn,United States,Springfield,Oregon,Binders,"GBC Standard Recycled Report Covers, Clear Plastic Sheets",22.64,7,-16.6
1882,CA-2014-141117,2014-10-03,2014-10-09,Juliana Krohn,United States,Springfield,Oregon,Art,Berol Giant Pencil Sharpener,95.14,7,10.7
1883,CA-2014-140186,2014-09-30,2014-10-03,Patrick Gardner,United States,Bakersfield,California,Fasteners,Advantus Plastic Paper Clips,35.0,7,16.8
1884,CA-2014-140186,2014-09-30,2014-10-03,Patrick Gardner,United States,Bakersfield,California,Chairs,"Leather Task Chair, Black",72.78,1,0.0
1885,CA-2014-140186,2014-09-30,2014-10-03,Patrick Gardner,United States,Bakersfield,California,Appliances,"Fellowes Premier Superior Surge Suppressor, 10-Outlet, With Phone and Remote",97.84,2,25.44
1886,CA-2014-140186,2014-09-30,2014-10-03,Patrick Gardner,United States,Bakersfield,California,Furnishings,"Howard Miller 13-3/4"" Diameter Brushed Chrome Round Wall Clock",51.75,1,15.53
1887,CA-2014-140186,2014-09-30,2014-10-03,Patrick Gardner,United States,Bakersfield,California,Binders,Binding Machine Supplies,46.67,2,16.34
1888,CA-2012-163440,2012-03-22,2012-03-24,Ruben Dartt,United States,Thousand Oaks,California,Phones,Square Credit Card Reader,15.98,2,1.2
1889,US-2012-163279,2012-03-22,2012-03-26,Justin Deggeller,United States,San Diego,California,Fasteners,Staples,105.52,4,48.54
1890,US-2012-163279,2012-03-22,2012-03-26,Justin Deggeller,United States,San Diego,California,Furnishings,Tenex B1-RE Series Chair Mats for Low Pile Carpets,91.96,2,15.63
1891,US-2012-163279,2012-03-22,2012-03-26,Justin Deggeller,United States,San Diego,California,Phones,ClearOne CHATAttach 160 - speaker phone,1487.98,3,186.0
1892,CA-2014-117632,2014-05-13,2014-05-19,Charles Sheldon,United States,San Francisco,California,Supplies,Compact Automatic Electric Letter Opener,238.62,2,4.77
1893,CA-2014-117632,2014-05-13,2014-05-19,Charles Sheldon,United States,San Francisco,California,Appliances,Hoover Commercial Soft Guard Upright Vacuum And Disposable Filtration Bags,7.77,1,2.1
1894,CA-2014-117632,2014-05-13,2014-05-19,Charles Sheldon,United States,San Francisco,California,Tables,"Lesro Sheffield Collection Coffee Table, End Table, Center Table, Corner Table",285.48,5,-10.71
1895,CA-2014-117632,2014-05-13,2014-05-19,Charles Sheldon,United States,San Francisco,California,Binders,"DXL Angle-View Binders with Locking Rings, Black",19.17,4,6.47
1896,CA-2012-111206,2012-07-18,2012-07-22,Roland Fjeld,United States,San Diego,California,Accessories,Logitech G35 7.1-Channel Surround Sound Headset,519.96,4,176.79
1897,CA-2014-133207,2014-11-28,2014-12-04,Doug O'Connell,United States,Los Angeles,California,Phones,Griffin GC17055 Auxiliary Audio Cable,57.57,4,5.76
1898,CA-2012-132948,2012-03-27,2012-04-03,Mark Van Huff,United States,Seattle,Washington,Storage,Rogers Profile Extra Capacity Storage Tub,83.7,5,3.35
1899,CA-2012-126725,2012-11-17,2012-11-21,Brian Stugart,United States,San Diego,California,Phones,RCA ViSYS 25825 Wireless digital phone,415.97,4,52.0
1900,CA-2012-126725,2012-11-17,2012-11-21,Brian Stugart,United States,San Diego,California,Storage,Carina Media Storage Towers in Natural & Black,304.9,5,6.1
1901,CA-2012-126725,2012-11-17,2012-11-21,Brian Stugart,United States,San Diego,California,Furnishings,"DAX Contemporary Wood Frame with Silver Metal Mat, Desktop, 11 x 14 Size",80.96,4,29.15
1902,CA-2012-126725,2012-11-17,2012-11-21,Brian Stugart,United States,San Diego,California,Storage,Fellowes Recycled Storage Drawers,777.21,7,54.4
1903,CA-2012-126725,2012-11-17,2012-11-21,Brian Stugart,United States,San Diego,California,Paper,Xerox 203,32.4,5,15.55
1904,CA-2012-126725,2012-11-17,2012-11-21,Brian Stugart,United States,San Diego,California,Chairs,Office Star - Contemporary Swivel Chair with Padded Adjustable Arms and Flex Back,225.57,2,2.82
1905,CA-2012-126725,2012-11-17,2012-11-21,Brian Stugart,United States,San Diego,California,Furnishings,Advantus Panel Wall Certificate Holder - 8.5x11,36.6,3,15.37
1906,US-2014-153255,2014-09-04,2014-09-08,Joe Kamberova,United States,Concord,California,Bookcases,"Bush Heritage Pine Collection 5-Shelf Bookcase, Albany Pine Finish, *Special Order",239.67,2,14.1
1907,CA-2013-152247,2013-11-08,2013-11-13,Michelle Arnett,United States,Cheyenne,Wyoming,Chairs,Global Troy Executive Leather Low-Back Tilter,1603.14,4,100.2
1908,CA-2013-128223,2013-06-15,2013-06-15,Ed Braxton,United States,Anaheim,California,Tables,"Bush Cubix Conference Tables, Fully Assembled",1293.49,7,80.84
1909,CA-2013-133935,2013-09-19,2013-09-23,Jane Waco,United States,San Diego,California,Chairs,Global Troy Executive Leather Low-Back Tilter,801.57,2,50.1
1910,CA-2013-133935,2013-09-19,2013-09-23,Jane Waco,United States,San Diego,California,Paper,Xerox 1945,368.91,9,180.77
1911,CA-2013-133935,2013-09-19,2013-09-23,Jane Waco,United States,San Diego,California,Chairs,"Global High-Back Leather Tilter, Burgundy",885.53,9,-99.62
1912,CA-2013-136301,2013-03-14,2013-03-16,Edward Hooks,United States,San Francisco,California,Furnishings,"Westinghouse Mesh Shade Clip-On Gooseneck Lamp, Black",28.28,2,7.35
1913,CA-2013-136301,2013-03-14,2013-03-16,Edward Hooks,United States,San Francisco,California,Supplies,High Speed Automatic Electric Letter Opener,4912.59,3,196.5
1914,US-2011-109456,2011-10-16,2011-10-17,Lynn Smith,United States,San Francisco,California,Binders,Avery Non-Stick Heavy Duty View Round Locking Ring Binders,14.35,3,5.02
1915,US-2011-109456,2011-10-16,2011-10-17,Lynn Smith,United States,San Francisco,California,Accessories,Logitech Illuminated - Keyboard,179.97,3,86.39
1916,CA-2014-100825,2014-09-10,2014-09-15,Keith Dawkins,United States,Los Angeles,California,Storage,Fellowes Bases and Tops For Staxonsteel/High-Stak Systems,99.87,3,23.97
1917,CA-2011-168305,2011-11-01,2011-11-08,Paul Lucas,United States,Los Angeles,California,Labels,Avery 475,44.4,3,22.2
1918,CA-2011-168305,2011-11-01,2011-11-08,Paul Lucas,United States,Los Angeles,California,Fasteners,Staples,21.4,5,9.63
1919,CA-2014-108000,2014-01-13,2014-01-17,Linda Southworth,United States,San Francisco,California,Fasteners,Staples,9.78,1,4.89
1920,CA-2012-146465,2012-11-20,2012-11-24,Patrick Bzostek,United States,San Francisco,California,Binders,Cardinal Poly Pocket Divider Pockets for Ring Binders,24.19,9,7.56
1921,US-2014-153948,2014-11-07,2014-11-07,Frank Merwin,United States,San Francisco,California,Paper,Xerox 191,59.94,3,28.17
1922,US-2014-153948,2014-11-07,2014-11-07,Frank Merwin,United States,San Francisco,California,Fasteners,Staples,45.36,4,22.23
1923,US-2014-153948,2014-11-07,2014-11-07,Frank Merwin,United States,San Francisco,California,Paper,Astroparche Fine Business Paper,26.4,5,12.67
1924,US-2014-153948,2014-11-07,2014-11-07,Frank Merwin,United States,San Francisco,California,Labels,Avery 503,41.4,4,19.87
1925,US-2014-153948,2014-11-07,2014-11-07,Frank Merwin,United States,San Francisco,California,Accessories,Kingston Digital DataTraveler 32GB USB 2.0,16.95,1,1.02
1926,US-2013-113985,2013-12-03,2013-12-08,Keith Dawkins,United States,San Jose,California,Binders,GBC VeloBind Cover Sets,24.7,2,9.26
1927,US-2013-113985,2013-12-03,2013-12-08,Keith Dawkins,United States,San Jose,California,Appliances,"Holmes Cool Mist Humidifier for the Whole House with 8-Gallon Output per Day, Extended Life Filter",59.7,3,26.87
1928,US-2013-113985,2013-12-03,2013-12-08,Keith Dawkins,United States,San Jose,California,Furnishings,"Eldon Regeneration Recycled Desk Accessories, Black",14.52,3,5.66
1929,US-2013-113985,2013-12-03,2013-12-08,Keith Dawkins,United States,San Jose,California,Binders,Satellite Sectional Post Binders,104.18,3,33.86
1930,CA-2013-155383,2013-12-18,2013-12-23,Steve Carroll,United States,Seattle,Washington,Storage,"Personal Filing Tote with Lid, Black/Gray",46.53,3,13.03
1931,CA-2014-150420,2014-06-04,2014-06-09,Giulietta Dortch,United States,Bellingham,Washington,Accessories,Plantronics Audio 995 Wireless Stereo Headset,1099.5,10,362.84
1932,CA-2013-103107,2013-07-05,2013-07-05,Rick Bensley,United States,Seattle,Washington,Furnishings,"Master Caster Door Stop, Brown",25.4,5,8.64
1933,CA-2013-103107,2013-07-05,2013-07-05,Rick Bensley,United States,Seattle,Washington,Phones,Avaya 4621SW VoIP phone,177.48,3,19.97
1934,CA-2013-103107,2013-07-05,2013-07-05,Rick Bensley,United States,Seattle,Washington,Phones,OtterBox Defender Series Case - Samsung Galaxy S4,71.98,3,9.0
1935,CA-2014-112431,2014-10-13,2014-10-15,Robert Waldorf,United States,Los Angeles,California,Accessories,SanDisk Cruzer 64 GB USB Flash Drive,435.84,12,130.75
1936,CA-2014-112431,2014-10-13,2014-10-15,Robert Waldorf,United States,Los Angeles,California,Art,Newell 343,5.88,2,1.59
1937,CA-2013-151092,2013-08-07,2013-08-14,Vivek Gonzalez,United States,Los Angeles,California,Phones,Panasonic KX-TG6844B Expandable Digital Cordless Telephone,211.17,4,18.48
1938,CA-2011-104178,2011-08-25,2011-08-29,Janet Molinari,United States,Los Angeles,California,Furnishings,"Eldon 200 Class Desk Accessories, Smoke",6.28,1,2.64
1939,CA-2011-104178,2011-08-25,2011-08-29,Janet Molinari,United States,Los Angeles,California,Accessories,SanDisk Cruzer 32 GB USB Flash Drive,95.1,5,30.43
1940,CA-2011-104178,2011-08-25,2011-08-29,Janet Molinari,United States,Los Angeles,California,Paper,Xerox 23,25.92,4,12.44
1941,CA-2011-104178,2011-08-25,2011-08-29,Janet Molinari,United States,Los Angeles,California,Storage,Portable Personal File Box,48.84,4,13.19
1942,CA-2013-127138,2013-03-13,2013-03-16,Dean Katz,United States,San Francisco,California,Storage,"Tennsco Stur-D-Stor Boltless Shelving, 5 Shelves, 24"" Deep, Sand",676.55,5,6.77
1943,CA-2013-127138,2013-03-13,2013-03-16,Dean Katz,United States,San Francisco,California,Appliances,Euro-Pro Shark Turbo Vacuum,154.9,5,40.27
1944,CA-2013-127138,2013-03-13,2013-03-16,Dean Katz,United States,San Francisco,California,Envelopes,Security-Tint Envelopes,30.56,4,14.97
1945,CA-2013-127138,2013-03-13,2013-03-16,Dean Katz,United States,San Francisco,California,Chairs,Hon 4070 Series Pagoda Round Back Stacking Chairs,770.35,3,77.04
1946,CA-2014-150602,2014-02-10,2014-02-15,Marina Lichtenstein,United States,Los Angeles,California,Furnishings,"Master Big Foot Doorstop, Beige",21.12,4,6.55
1947,CA-2011-140732,2011-11-11,2011-11-13,Matt Abelman,United States,Los Angeles,California,Phones,Mophie Juice Pack Helium for iPhone,575.93,9,57.59
1948,CA-2011-140732,2011-11-11,2011-11-13,Matt Abelman,United States,Los Angeles,California,Appliances,"Commercial WindTunnel Clean Air Upright Vacuum, Replacement Belts, Filtration Bags",7.78,2,2.02
1949,CA-2011-140732,2011-11-11,2011-11-13,Matt Abelman,United States,Los Angeles,California,Paper,Xerox 1979,123.92,4,55.76
1950,CA-2014-119011,2014-08-21,2014-08-26,Lisa Ryan,United States,San Francisco,California,Supplies,Acme Kleencut Forged Steel Scissors,17.22,3,5.17
1951,CA-2014-119011,2014-08-21,2014-08-26,Lisa Ryan,United States,San Francisco,California,Storage,"Companion Letter/Legal File, Black",226.56,6,63.44
1952,CA-2014-119011,2014-08-21,2014-08-26,Lisa Ryan,United States,San Francisco,California,Phones,Plantronics Encore H101 Dual Earpieces Headset,107.88,3,10.79
1953,CA-2011-141726,2011-07-20,2011-07-22,Charles Crestani,United States,San Diego,California,Paper,Xerox 189,104.85,1,50.33
1954,CA-2011-141726,2011-07-20,2011-07-22,Charles Crestani,United States,San Diego,California,Binders,Wilson Jones Custom Binder Spines & Labels,8.7,2,3.16
1955,CA-2011-141726,2011-07-20,2011-07-22,Charles Crestani,United States,San Diego,California,Paper,Xerox 1897,19.92,4,9.76
1956,CA-2011-141726,2011-07-20,2011-07-22,Charles Crestani,United States,San Diego,California,Furnishings,Nu-Dell Leatherette Frames,43.02,3,15.49
1957,CA-2014-116953,2014-04-25,2014-04-26,Susan Vittorini,United States,Mesa,Arizona,Phones,AT&T 841000 Phone,552.0,10,34.5
1958,US-2014-163300,2014-09-16,2014-09-22,Erica Smith,United States,Los Angeles,California,Binders,GBC DocuBind 200 Manual Binding Machine,2357.49,7,884.06
1959,US-2014-163300,2014-09-16,2014-09-22,Erica Smith,United States,Los Angeles,California,Phones,Panasonic KX-TG6844B Expandable Digital Cordless Telephone,369.54,7,32.34
1960,US-2014-163300,2014-09-16,2014-09-22,Erica Smith,United States,Los Angeles,California,Chairs,Global Deluxe Steno Chair,184.75,3,-20.78
1961,US-2011-112991,2011-12-10,2011-12-14,Sally Hughsby,United States,Caldwell,Idaho,Chairs,Office Star - Contemporary Swivel Chair with Padded Adjustable Arms and Flex Back,338.35,3,4.23
1962,US-2011-112991,2011-12-10,2011-12-14,Sally Hughsby,United States,Caldwell,Idaho,Paper,Xerox 1931,25.92,4,12.44
1963,US-2011-112991,2011-12-10,2011-12-14,Sally Hughsby,United States,Caldwell,Idaho,Paper,"Xerox Color Copier Paper, 11"" x 17"", Ream",91.36,4,42.03
1964,CA-2011-124079,2011-12-13,2011-12-17,Randy Ferguson,United States,Phoenix,Arizona,Furnishings,"Electrix Incandescent Magnifying Lamp, Black",87.96,3,7.7
1965,CA-2011-124079,2011-12-13,2011-12-17,Randy Ferguson,United States,Phoenix,Arizona,Binders,"Cardinal Slant-D Ring Binder, Heavy Gauge Vinyl",5.21,2,-4.17
1966,CA-2014-107244,2014-09-08,2014-09-12,Allen Goldenen,United States,Los Angeles,California,Furnishings,"C-Line Magnetic Cubicle Keepers, Clear Polypropylene",19.76,4,8.3
1967,CA-2012-135580,2012-12-30,2013-01-03,Clay Ludtke,United States,Los Angeles,California,Paper,Xerox 1929,68.52,3,31.52
1968,CA-2012-135580,2012-12-30,2013-01-03,Clay Ludtke,United States,Los Angeles,California,Storage,2300 Heavy-Duty Transfer File Systems by Perma,74.94,3,14.24
1969,CA-2012-135580,2012-12-30,2013-01-03,Clay Ludtke,United States,Los Angeles,California,Machines,Zebra GX420t Direct Thermal/Thermal Transfer Printer,2548.56,6,286.71
1970,CA-2012-135580,2012-12-30,2013-01-03,Clay Ludtke,United States,Los Angeles,California,Envelopes,Tyvek Side-Opening Peel & Seel Expanding Envelopes,271.44,3,122.15
1971,CA-2012-135580,2012-12-30,2013-01-03,Clay Ludtke,United States,Los Angeles,California,Phones,Cisco SPA 502G IP Phone,287.88,3,35.99
1972,CA-2013-159016,2013-03-11,2013-03-12,Karen Ferguson,United States,Los Angeles,California,Paper,Rediform Voice Mail Log Books,14.9,5,7.15
1973,CA-2013-159016,2013-03-11,2013-03-12,Karen Ferguson,United States,Los Angeles,California,Phones,Apple iPhone 5,4158.91,8,363.9
1974,CA-2011-102652,2011-04-06,2011-04-12,Andy Yotov,United States,Los Angeles,California,Furnishings,Tenex B1-RE Series Chair Mats for Low Pile Carpets,91.96,2,15.63
1975,CA-2011-102652,2011-04-06,2011-04-12,Andy Yotov,United States,Los Angeles,California,Furnishings,C-Line Cubicle Keepers Polyproplyene Holder With Velcro Backings,33.11,7,12.91
1976,CA-2011-102652,2011-04-06,2011-04-12,Andy Yotov,United States,Los Angeles,California,Paper,Xerox 211,19.44,3,9.33
1977,CA-2011-102652,2011-04-06,2011-04-12,Andy Yotov,United States,Los Angeles,California,Paper,Xerox 194,55.48,1,26.63
1978,CA-2014-136007,2014-02-24,2014-03-03,Ann Chong,United States,Seattle,Washington,Fasteners,Alliance Rubber Bands,8.4,5,0.34
1979,CA-2014-136007,2014-02-24,2014-03-03,Ann Chong,United States,Seattle,Washington,Phones,invisibleSHIELD by ZAGG Smudge-Free Screen Protector,71.96,5,25.19
1980,US-2013-112970,2013-11-15,2013-11-16,Tim Brockman,United States,Los Angeles,California,Art,Newell 35,9.84,3,2.85
1981,CA-2012-130253,2012-12-14,2012-12-18,Paul Prost,United States,Los Angeles,California,Furnishings,"Master Caster Door Stop, Gray",15.24,3,5.18
1982,CA-2014-122364,2014-09-25,2014-09-30,Frank Atkinson,United States,Los Angeles,California,Phones,Wilson Electronics DB Pro Signal Booster,859.2,3,75.18
1983,CA-2014-122364,2014-09-25,2014-09-30,Frank Atkinson,United States,Los Angeles,California,Machines,Socket Bluetooth Cordless Hand Scanner (CHS),506.28,3,177.2
1984,CA-2013-117912,2013-02-04,2013-02-08,Tracy Blumstein,United States,Sierra Vista,Arizona,Furnishings,Nu-Dell Float Frame 11 x 14 1/2,14.37,2,3.95
1985,CA-2012-113215,2012-09-03,2012-09-08,Cathy Prescott,United States,Tucson,Arizona,Furnishings,"GE 48"" Fluorescent Tube, Cool White Energy Saver, 34 Watts, 30/Box",238.15,3,89.31
1986,CA-2012-111780,2012-12-25,2012-12-30,Ralph Arnett,United States,San Diego,California,Copiers,Brother DCP1000 Digital 3 in 1 Multifunction Machine,1199.96,5,224.99
1987,CA-2012-111780,2012-12-25,2012-12-30,Ralph Arnett,United States,San Diego,California,Paper,"Important Message Pads, 50 4-1/4 x 5-1/2 Forms per Pad",12.6,3,6.17
1988,CA-2012-111780,2012-12-25,2012-12-30,Ralph Arnett,United States,San Diego,California,Paper,Great White Multi-Use Recycled Paper (20Lb. and 84 Bright),17.94,3,8.07
1989,CA-2014-166695,2014-05-21,2014-05-25,Chuck Clark,United States,Lakewood,California,Chairs,"Global Geo Office Task Chair, Gray",518.27,8,-97.18
1990,CA-2014-166695,2014-05-21,2014-05-25,Chuck Clark,United States,Lakewood,California,Furnishings,G.E. Halogen Desk Lamp Bulbs,6.98,1,3.35
1991,CA-2014-166695,2014-05-21,2014-05-25,Chuck Clark,United States,Lakewood,California,Machines,Okidata B400 Printer,343.2,1,38.61
1992,CA-2014-121398,2014-12-26,2014-12-30,Fred Hopkins,United States,Los Angeles,California,Binders,GBC DocuBind P50 Personal Binding Machine,153.55,3,51.82
1993,CA-2014-121398,2014-12-26,2014-12-30,Fred Hopkins,United States,Los Angeles,California,Storage,"Tennsco Stur-D-Stor Boltless Shelving, 5 Shelves, 24"" Deep, Sand",270.62,2,2.71
1994,CA-2012-114048,2012-12-14,2012-12-18,Eric Hoffmann,United States,Costa Mesa,California,Fasteners,Staples,29.22,3,12.86
1995,US-2014-162068,2014-12-29,2015-01-01,Pamela Coakley,United States,Loveland,Colorado,Binders,Avery Reinforcements for Hole-Punch Pages,1.19,2,-0.99
1996,CA-2013-133802,2013-03-15,2013-03-21,Stephanie Phelps,United States,Redwood City,California,Binders,Wilson Jones Leather-Like Binders with DublLock Round Rings,41.9,6,14.14
1997,CA-2014-143378,2014-09-20,2014-09-26,Justin Ritter,United States,Springfield,Oregon,Phones,Mophie Juice Pack Helium for iPhone,191.98,3,19.2
1998,CA-2014-143378,2014-09-20,2014-09-26,Justin Ritter,United States,Springfield,Oregon,Art,Peel-Off China Markers,23.83,3,6.55
1999,CA-2014-143378,2014-09-20,2014-09-26,Justin Ritter,United States,Springfield,Oregon,Furnishings,"Howard Miller 14-1/2"" Diameter Chrome Round Wall Clock",409.22,8,61.38
2000,CA-2014-143378,2014-09-20,2014-09-26,Justin Ritter,United States,Springfield,Oregon,Bookcases,O'Sullivan 4-Shelf Bookcase in Odessa Pine,72.59,2,-128.24
2001,CA-2014-145772,2014-06-04,2014-06-08,Saphhira Shifley,United States,Los Angeles,California,Accessories,Kingston Digital DataTraveler 16GB USB 2.0,44.75,5,8.5
2002,CA-2014-145772,2014-06-04,2014-06-08,Saphhira Shifley,United States,Los Angeles,California,Paper,Xerox 1947,11.96,2,5.38
2003,CA-2014-145772,2014-06-04,2014-06-08,Saphhira Shifley,United States,Los Angeles,California,Binders,UniKeep View Case Binders,3.91,1,1.27
2004,US-2011-158400,2011-10-25,2011-10-28,Aaron Hawkins,United States,San Francisco,California,Binders,GBC VeloBind Cover Sets,49.41,4,18.53
2005,CA-2013-148096,2013-08-17,2013-08-20,Anthony O'Donnell,United States,Los Angeles,California,Tables,"Barricks 18"" x 48"" Non-Folding Utility Table with Bottom Storage Shelf",161.28,2,12.1
2006,CA-2013-146766,2013-11-05,2013-11-05,Thomas Thornton,United States,Chula Vista,California,Art,Boston Heavy-Duty Trimline Electric Pencil Sharpeners,192.8,4,55.91
2007,CA-2011-131247,2011-03-30,2011-04-04,Guy Armstrong,United States,San Francisco,California,Bookcases,O'Sullivan Living Dimensions 2-Shelf Bookcases,205.67,2,-12.1
2008,US-2012-113593,2012-04-18,2012-04-20,Nathan Cano,United States,Santa Maria,California,Storage,Advantus Rolling Drawer Organizers,115.44,3,30.01
2009,CA-2011-133543,2011-12-22,2011-12-26,Khloe Miller,United States,San Jose,California,Art,Newell 332,11.76,4,3.18
2010,CA-2014-105130,2014-11-22,2014-11-26,Patrick Jones,United States,San Francisco,California,Art,Newell 332,11.76,4,3.18
2011,CA-2014-105130,2014-11-22,2014-11-26,Patrick Jones,United States,San Francisco,California,Binders,Canvas Sectional Post Binders,40.74,2,14.77
2012,CA-2013-161928,2013-06-28,2013-06-30,Anna Chung,United States,San Francisco,California,Phones,Ooma Telo VoIP Home Phone System,201.58,2,12.6
2013,CA-2014-101322,2014-12-29,2015-01-01,Jason Gross,United States,Long Beach,California,Chairs,Novimex Turbo Task Chair,340.7,6,-34.07
2014,CA-2011-111871,2011-03-18,2011-03-21,Eileen Kiefer,United States,San Francisco,California,Bookcases,"Bush Heritage Pine Collection 5-Shelf Bookcase, Albany Pine Finish, *Special Order",1198.33,10,70.49
2015,CA-2014-139437,2014-07-04,2014-07-09,Rob Dowd,United States,Los Angeles,California,Storage,Rogers Deluxe File Chest,87.92,4,0.88
2016,CA-2013-161025,2013-12-04,2013-12-10,Gary McGarr,United States,Los Angeles,California,Storage,Fellowes Staxonsteel Drawer Files,772.68,4,108.18
2017,CA-2012-132815,2012-09-19,2012-09-22,Rick Wilson,United States,Los Angeles,California,Paper,Personal Creations Ink Jet Cards and Labels,22.96,2,11.25
2018,CA-2013-143609,2013-12-12,2013-12-14,Deborah Brumfield,United States,Portland,Oregon,Chairs,"Global Fabric Manager's Chair, Dark Gray",403.92,5,25.25
2019,CA-2014-107986,2014-12-14,2014-12-14,Mitch Webber,United States,Seattle,Washington,Storage,Sterilite Officeware Hinged File Box,31.44,3,8.49
2020,CA-2013-118332,2013-12-17,2013-12-24,Pete Kriz,United States,Apple Valley,California,Chairs,Office Star - Contemporary Swivel Chair with Padded Adjustable Arms and Flex Back,563.92,5,7.05
2021,CA-2014-119809,2014-08-19,2014-08-26,Yana Sorensen,United States,Seattle,Washington,Binders,Fellowes PB300 Plastic Comb Binding Machine,2793.53,9,942.82
2022,CA-2014-119809,2014-08-19,2014-08-26,Yana Sorensen,United States,Seattle,Washington,Storage,Letter Size Cart,1000.02,7,290.01
2023,CA-2014-119809,2014-08-19,2014-08-26,Yana Sorensen,United States,Seattle,Washington,Furnishings,"Contract Clock, 14"", Brown",65.94,3,22.42
2024,CA-2014-149944,2014-11-13,2014-11-17,Maria Bertelson,United States,Longview,Washington,Fasteners,Staples,18.24,3,9.12
2025,CA-2014-149944,2014-11-13,2014-11-17,Maria Bertelson,United States,Longview,Washington,Appliances,Fellowes Superior 10 Outlet Split Surge Protector,76.12,2,22.07
2026,CA-2011-128538,2011-10-11,2011-10-15,Alan Shonely,United States,Redondo Beach,California,Envelopes,"#10- 4 1/8"" x 9 1/2"" Security-Tint Envelopes",7.64,1,3.74
2027,US-2014-157224,2014-09-15,2014-09-19,Joy Bell-,United States,Los Angeles,California,Labels,Avery 48,56.7,9,26.08
2028,CA-2012-133445,2012-10-05,2012-10-09,Jeremy Farry,United States,Portland,Oregon,Bookcases,"Bush Cubix Collection Bookcases, Fully Assembled",66.29,1,-103.86
2029,CA-2012-133445,2012-10-05,2012-10-09,Jeremy Farry,United States,Portland,Oregon,Chairs,Global Highback Leather Tilter in Burgundy,291.17,4,-14.56
2030,US-2014-142188,2014-09-12,2014-09-12,Jennifer Ferguson,United States,Seattle,Washington,Chairs,Office Star - Contemporary Task Swivel Chair,177.57,2,8.88
2031,US-2014-142188,2014-09-12,2014-09-12,Jennifer Ferguson,United States,Seattle,Washington,Paper,Xerox 225,19.44,3,9.33
2032,US-2014-142188,2014-09-12,2014-09-12,Jennifer Ferguson,United States,Seattle,Washington,Paper,Xerox 1894,71.28,11,34.21
2033,US-2014-142188,2014-09-12,2014-09-12,Jennifer Ferguson,United States,Seattle,Washington,Binders,Ibico Ibimaster 300 Manual Binding System,1471.96,5,459.99
2034,US-2014-142188,2014-09-12,2014-09-12,Jennifer Ferguson,United States,Seattle,Washington,Phones,iOttie XL Car Mount,79.96,5,-17.99
2035,CA-2012-134075,2012-12-12,2012-12-16,Helen Abelman,United States,San Jose,California,Furnishings,Eldon Cleatmat Chair Mats for Medium Pile Carpets,166.5,3,21.65
2036,CA-2012-134075,2012-12-12,2012-12-16,Helen Abelman,United States,San Jose,California,Storage,Standard Rollaway File with Lock,360.38,2,93.7
2037,US-2013-131912,2013-10-30,2013-11-02,Logan Haushalter,United States,Los Angeles,California,Binders,"XtraLife ClearVue Slant-D Ring Binder, White, 3""",11.74,1,3.82
2038,CA-2013-165561,2013-11-25,2013-11-29,Clay Rozendal,United States,Bellevue,Washington,Supplies,"Elite 5"" Scissors",25.35,3,7.61
2039,CA-2012-112305,2012-11-20,2012-11-25,Katrina Bavinger,United States,Seattle,Washington,Art,Newell 334,119.04,6,30.95
2040,CA-2012-112305,2012-11-20,2012-11-25,Katrina Bavinger,United States,Seattle,Washington,Furnishings,"Eldon Expressions Wood Desk Accessories, Oak",22.14,3,6.42
2041,CA-2012-112305,2012-11-20,2012-11-25,Katrina Bavinger,United States,Seattle,Washington,Accessories,AmazonBasics 3-Button USB Wired Mouse,13.98,2,6.01
2042,CA-2012-162607,2012-05-12,2012-05-18,Rose O'Brian,United States,Seattle,Washington,Binders,Prestige Round Ring Binders,14.59,3,4.92
2043,CA-2014-102379,2014-12-03,2014-12-07,Brenda Bowman,United States,Oakland,California,Phones,Anker Astro 15000mAh USB Portable Charger,39.99,1,-8.0
2044,CA-2014-102379,2014-12-03,2014-12-07,Brenda Bowman,United States,Oakland,California,Chairs,Office Star - Mid Back Dual function Ergonomic High Back Chair with 2-Way Adjustable Arms,1159.06,9,43.46
2045,CA-2014-102379,2014-12-03,2014-12-07,Brenda Bowman,United States,Oakland,California,Art,Panasonic KP-380BK Classic Electric Pencil Sharpener,179.9,5,44.98
2046,US-2013-139087,2013-07-18,2013-07-23,Dennis Kane,United States,Seattle,Washington,Furnishings,Eldon Image Series Black Desk Accessories,12.42,3,4.47
2047,US-2013-139087,2013-07-18,2013-07-23,Dennis Kane,United States,Seattle,Washington,Accessories,First Data TMFD35 PIN Pad,428.4,3,89.96
2048,US-2013-139087,2013-07-18,2013-07-23,Dennis Kane,United States,Seattle,Washington,Furnishings,"Eldon 300 Class Desk Accessories, Black",24.75,5,10.89
2049,US-2013-139087,2013-07-18,2013-07-23,Dennis Kane,United States,Seattle,Washington,Labels,Round Specialty Laser Printer Labels,87.71,7,41.22
2050,US-2013-139087,2013-07-18,2013-07-23,Dennis Kane,United States,Seattle,Washington,Storage,Home/Office Personal File Carts,69.52,2,17.38
2051,US-2013-139087,2013-07-18,2013-07-23,Dennis Kane,United States,Seattle,Washington,Phones,Cyber Acoustics AC-202b Speech Recognition Stereo Headset,20.78,2,-4.68
2052,US-2013-139087,2013-07-18,2013-07-23,Dennis Kane,United States,Seattle,Washington,Binders,"Pressboard Data Binder, Crimson, 12"" X 8 1/2""",12.82,3,4.17
2053,CA-2013-100944,2013-09-25,2013-09-29,Edward Hooks,United States,Los Angeles,California,Envelopes,"Tyvek Interoffice Envelopes, 9 1/2"" x 12 1/2"", 100/Box",304.9,5,143.3
2054,CA-2013-100944,2013-09-25,2013-09-29,Edward Hooks,United States,Los Angeles,California,Chairs,Hon Olson Stacker Stools,563.24,5,56.32
2055,CA-2011-100090,2011-07-08,2011-07-12,Ed Braxton,United States,San Francisco,California,Tables,Hon 2111 Invitation Series Corner Table,502.49,3,-87.94
2056,CA-2011-100090,2011-07-08,2011-07-12,Ed Braxton,United States,San Francisco,California,Binders,"Wilson Jones Ledger-Size, Piano-Hinge Binder, 2"", Blue",196.7,6,68.85
2057,US-2012-139675,2012-03-13,2012-03-18,Nicole Fjeld,United States,Chico,California,Chairs,Global Deluxe High-Back Manager's Chair,915.14,4,102.95
2058,US-2012-139675,2012-03-13,2012-03-18,Nicole Fjeld,United States,Chico,California,Furnishings,Dana Halogen Swing-Arm Architect Lamp,327.76,8,91.77
2059,CA-2012-151253,2012-04-22,2012-04-26,Annie Zypern,United States,Los Angeles,California,Phones,"Logitech B530 USB Headset - headset - Full size, Binaural",88.78,3,7.77
2060,CA-2012-151253,2012-04-22,2012-04-26,Annie Zypern,United States,Los Angeles,California,Art,Boston 1730 StandUp Electric Pencil Sharpener,64.14,3,16.68
2061,CA-2011-169852,2011-10-21,2011-10-26,Sylvia Foulston,United States,San Diego,California,Binders,Plastic Binding Combs,36.36,3,12.27
2062,CA-2014-107314,2014-12-01,2014-12-04,Maria Zettner,United States,San Francisco,California,Furnishings,Contemporary Borderless Frame,25.83,3,9.56
2063,CA-2013-163328,2013-11-05,2013-11-07,Tracy Poddar,United States,Eugene,Oregon,Supplies,Serrated Blade or Curved Handle Hand Letter Openers,17.58,7,-4.18
2064,CA-2013-163328,2013-11-05,2013-11-07,Tracy Poddar,United States,Eugene,Oregon,Chairs,"Office Star - Contemporary Task Swivel chair with Loop Arms, Charcoal",104.78,1,-14.41
2065,CA-2013-163328,2013-11-05,2013-11-07,Tracy Poddar,United States,Eugene,Oregon,Paper,Southworth 25% Cotton Premium Laser Paper and Envelopes,47.95,3,16.78
2066,CA-2013-163328,2013-11-05,2013-11-07,Tracy Poddar,United States,Eugene,Oregon,Chairs,Global Enterprise Series Seating High-Back Swivel/Tilt Chairs,650.35,3,-97.55
2067,CA-2013-163328,2013-11-05,2013-11-07,Tracy Poddar,United States,Eugene,Oregon,Labels,"Dot Matrix Printer Tape Reel Labels, White, 5000/Box",629.18,8,228.08
2068,CA-2013-163328,2013-11-05,2013-11-07,Tracy Poddar,United States,Eugene,Oregon,Paper,Xerox 1887,15.18,1,5.31
2069,CA-2011-112837,2011-09-11,2011-09-16,Liz Willingham,United States,Oxnard,California,Furnishings,"Deflect-o DuraMat Lighweight, Studded, Beveled Mat for Low Pile Carpeting",127.95,3,21.75
2070,CA-2014-161459,2014-11-26,2014-11-30,Edward Becker,United States,Laguna Niguel,California,Phones,PayAnywhere Card Reader,39.96,5,3.5
2071,CA-2014-161459,2014-11-26,2014-11-30,Edward Becker,United States,Laguna Niguel,California,Paper,"Adams Telephone Message Book W/Dividers/Space For Phone Numbers, 5 1/4""X8 1/2"", 200/Messages",34.08,6,15.34
2072,CA-2012-110289,2012-10-29,2012-11-02,Nona Balk,United States,San Francisco,California,Paper,Xerox 1898,33.4,5,16.03
2073,CA-2012-110289,2012-10-29,2012-11-02,Nona Balk,United States,San Francisco,California,Envelopes,"Strathmore #10 Envelopes, Ultimate White",210.84,4,103.31
2074,CA-2013-165995,2013-08-31,2013-09-07,Bruce Geld,United States,Los Angeles,California,Furnishings,"Executive Impressions 10"" Spectator Wall Clock",47.04,4,15.99
2075,CA-2013-165995,2013-08-31,2013-09-07,Bruce Geld,United States,Los Angeles,California,Phones,Panasonic KX TS3282W Corded phone,339.96,5,42.5
2076,CA-2012-104486,2012-05-01,2012-05-06,Patrick O'Brill,United States,San Francisco,California,Binders,"GBC Twin Loop Wire Binding Elements, 9/16"" Spine, Black",12.18,1,4.41
2077,CA-2012-104486,2012-05-01,2012-05-06,Patrick O'Brill,United States,San Francisco,California,Storage,Eldon Simplefile Box Office,37.32,3,10.45
2078,CA-2012-104486,2012-05-01,2012-05-06,Patrick O'Brill,United States,San Francisco,California,Supplies,"Acme 10"" Easy Grip Assistive Scissors",35.06,2,10.52
2079,CA-2014-139080,2014-01-24,2014-01-29,Chris Selesnick,United States,Seattle,Washington,Binders,Pressboard Hanging Data Binders for Unburst Sheets,19.68,5,6.89
2080,CA-2014-139080,2014-01-24,2014-01-29,Chris Selesnick,United States,Seattle,Washington,Paper,Xerox 212,25.92,4,12.44
2081,CA-2014-139080,2014-01-24,2014-01-29,Chris Selesnick,United States,Seattle,Washington,Paper,Xerox 192,6.48,1,3.11
2082,CA-2014-139080,2014-01-24,2014-01-29,Chris Selesnick,United States,Seattle,Washington,Phones,Griffin GC17055 Auxiliary Audio Cable,86.35,6,8.64
2083,CA-2012-115693,2012-12-10,2012-12-15,Frank Carlisle,United States,Los Angeles,California,Art,"Boston Electric Pencil Sharpener, Model 1818, Charcoal Black",56.3,2,15.76
2084,US-2011-107993,2011-11-25,2011-11-30,Sanjit Engle,United States,Springfield,Oregon,Art,Dixon Ticonderoga Core-Lock Colored Pencils,51.02,7,8.29
2085,CA-2014-110443,2014-11-22,2014-11-26,Chloris Kastensmidt,United States,Renton,Washington,Binders,Vinyl Sectional Post Binders,150.8,5,56.55
2086,CA-2014-110443,2014-11-22,2014-11-26,Chloris Kastensmidt,United States,Renton,Washington,Machines,"3D Systems Cube Printer, 2nd Generation, White",1039.99,1,104.0
2087,CA-2014-110443,2014-11-22,2014-11-26,Chloris Kastensmidt,United States,Renton,Washington,Paper,Xerox 209,51.84,8,24.88
2088,US-2014-147998,2014-05-20,2014-05-25,Sue Ann Reed,United States,San Jose,California,Binders,GBC Twin Loop Wire Binding Elements,133.12,5,49.92
2089,US-2013-116442,2013-12-16,2013-12-23,Benjamin Patterson,United States,Los Angeles,California,Furnishings,"Eldon Expressions Wood Desk Accessories, Oak",14.76,2,4.28
2090,US-2011-163797,2011-04-08,2011-04-13,Pauline Chand,United States,Chandler,Arizona,Fasteners,"Alliance Super-Size Bands, Assorted Sizes",49.79,8,-11.83
2091,CA-2014-154074,2014-09-01,2014-09-03,Bart Watters,United States,Spokane,Washington,Chairs,Hon 4700 Series Mobuis Mid-Back Task Chairs with Adjustable Arms,569.57,2,7.12
2092,CA-2014-154074,2014-09-01,2014-09-03,Bart Watters,United States,Spokane,Washington,Storage,"Sortfiler Multipurpose Personal File Organizer, Black",149.73,7,43.42
2093,CA-2014-144750,2014-08-22,2014-08-22,Dionis Lloyd,United States,Chandler,Arizona,Paper,Xerox 1941,83.88,1,29.36
2094,CA-2011-159121,2011-07-26,2011-08-01,Jack O'Briant,United States,Draper,Utah,Accessories,Memorex Micro Travel Drive 16 GB,111.93,7,34.7
2095,CA-2012-149650,2012-10-24,2012-10-27,Robert Dilbeck,United States,Oakland,California,Chairs,Novimex High-Tech Fabric Mesh Task Chair,454.27,8,-73.82
2096,US-2014-116897,2014-05-28,2014-05-30,James Galang,United States,Pocatello,Idaho,Furnishings,"Eldon 400 Class Desk Accessories, Black Carbon",35.0,4,14.7
2097,US-2014-116897,2014-05-28,2014-05-30,James Galang,United States,Pocatello,Idaho,Storage,Fellowes Stor/Drawer Steel Plus Storage Drawers,477.15,5,28.63
2098,US-2014-116897,2014-05-28,2014-05-30,James Galang,United States,Pocatello,Idaho,Phones,Nokia Lumia 925,302.38,3,22.68
2099,CA-2014-161102,2014-08-01,2014-08-04,Erin Creighton,United States,San Francisco,California,Storage,Eldon Portable Mobile Manager,56.56,2,15.27
2100,CA-2014-161102,2014-08-01,2014-08-04,Erin Creighton,United States,San Francisco,California,Furnishings,"Master Big Foot Doorstop, Beige",36.96,7,11.46
2101,CA-2014-153080,2014-05-23,2014-05-26,Eric Hoffmann,United States,Los Angeles,California,Accessories,"Maxell 74 Minute CDR, 10/Pack",68.46,7,25.33
2102,CA-2014-167640,2014-03-07,2014-03-11,Frank Carlisle,United States,San Francisco,California,Art,Fluorescent Highlighters by Dixon,23.88,6,8.12
2103,CA-2014-167640,2014-03-07,2014-03-11,Frank Carlisle,United States,San Francisco,California,Labels,Avery 49,11.52,4,5.64
2104,CA-2014-167640,2014-03-07,2014-03-11,Frank Carlisle,United States,San Francisco,California,Paper,Xerox 1893,286.93,7,140.6
2105,CA-2014-167640,2014-03-07,2014-03-11,Frank Carlisle,United States,San Francisco,California,Phones,Digium D40 VoIP phone,206.38,2,23.22
2106,US-2014-116652,2014-09-16,2014-09-20,Rick Duston,United States,San Francisco,California,Chairs,"Leather Task Chair, Black",218.35,3,0.0
2107,US-2014-116652,2014-09-16,2014-09-20,Rick Duston,United States,San Francisco,California,Furnishings,"Tenex 46"" x 60"" Computer Anti-Static Chairmat, Rectangular Shaped",529.9,5,105.98
2108,US-2014-116652,2014-09-16,2014-09-20,Rick Duston,United States,San Francisco,California,Art,Peel-Off China Markers,99.3,10,41.71
2109,US-2014-116652,2014-09-16,2014-09-20,Rick Duston,United States,San Francisco,California,Appliances,Belkin 5 Outlet SurgeMaster Power Centers,108.96,2,30.51
2110,US-2014-116652,2014-09-16,2014-09-20,Rick Duston,United States,San Francisco,California,Binders,Cardinal Poly Pocket Divider Pockets for Ring Binders,2.69,1,0.84
2111,US-2014-107888,2014-11-17,2014-11-20,Chris Cortes,United States,Seattle,Washington,Paper,Xerox 1933,73.68,6,34.63
2112,US-2014-107888,2014-11-17,2014-11-20,Chris Cortes,United States,Seattle,Washington,Furnishings,"Tenex ""The Solids"" Textured Chair Mats",139.92,2,23.79
2113,US-2014-107888,2014-11-17,2014-11-20,Chris Cortes,United States,Seattle,Washington,Phones,Plantronics Encore H101 Dual Earpieces Headset,107.88,3,10.79
2114,US-2014-107888,2014-11-17,2014-11-20,Chris Cortes,United States,Seattle,Washington,Storage,Fellowes Bases and Tops For Staxonsteel/High-Stak Systems,33.29,1,7.99
2115,CA-2014-161578,2014-12-17,2014-12-22,Rick Bensley,United States,Los Angeles,California,Paper,Xerox 1898,13.36,2,6.41
2116,CA-2014-161578,2014-12-17,2014-12-22,Rick Bensley,United States,Los Angeles,California,Storage,"Safco Wire Cube Shelving System, For Use as 4 or 5 14"" Cubes, Black",158.9,5,7.95
2117,CA-2013-160941,2013-07-22,2013-07-27,Damala Kotsonis,United States,Roseville,California,Envelopes,Ames Color-File Green Diamond Border X-ray Mailers,419.9,5,197.35
2118,CA-2013-160941,2013-07-22,2013-07-27,Damala Kotsonis,United States,Roseville,California,Labels,Self-Adhesive Removable Labels,3.15,1,1.51
2119,CA-2013-161543,2013-05-11,2013-05-17,Roger Demir,United States,Seattle,Washington,Paper,Xerox 1965,11.96,2,5.86
2120,CA-2014-123085,2014-03-04,2014-03-09,Ed Jacobs,United States,Los Angeles,California,Accessories,Imation Bio 2GB USB Flash Drive Imation Corp,1049.44,8,440.76
2121,CA-2014-123085,2014-03-04,2014-03-09,Ed Jacobs,United States,Los Angeles,California,Chairs,Novimex Turbo Task Chair,170.35,3,-17.04
2122,CA-2011-103660,2011-08-25,2011-08-30,Mitch Webber,United States,Seattle,Washington,Phones,Polycom VVX 310 VoIP phone,1007.94,7,75.6
2123,CA-2013-169887,2013-10-23,2013-10-23,MaryBeth Skach,United States,Seattle,Washington,Paper,Xerox 1986,6.68,1,3.21
2124,CA-2013-169887,2013-10-23,2013-10-23,MaryBeth Skach,United States,Seattle,Washington,Art,Prang Drawing Pencil Set,8.34,3,2.25
2125,CA-2013-169887,2013-10-23,2013-10-23,MaryBeth Skach,United States,Seattle,Washington,Furnishings,"Linden 12"" Wall Clock With Oak Frame",101.94,3,30.58
2126,CA-2013-148516,2013-08-08,2013-08-12,Dorothy Wardle,United States,Edmonds,Washington,Accessories,Logitech Illuminated - Keyboard,179.97,3,86.39
2127,CA-2012-103716,2012-04-30,2012-05-06,Ken Black,United States,San Francisco,California,Art,Newell 324,34.65,3,9.7
2128,CA-2012-103716,2012-04-30,2012-05-06,Ken Black,United States,San Francisco,California,Phones,Cush Cases Heavy Duty Rugged Cover Case for Samsung Galaxy S5 - Purple,19.8,5,1.73
2129,CA-2014-146346,2014-06-18,2014-06-21,Ryan Akin,United States,Commerce City,Colorado,Storage,Carina Media Storage Towers in Natural & Black,146.35,3,-32.93
2130,CA-2013-148852,2013-05-27,2013-06-01,Stewart Visinsky,United States,Santa Ana,California,Fasteners,"Alliance Big Bands Rubber Bands, 12/Pack",5.94,3,0.0
2131,CA-2013-148852,2013-05-27,2013-06-01,Stewart Visinsky,United States,Santa Ana,California,Paper,Xerox 1946,45.36,7,21.77
2132,CA-2013-148852,2013-05-27,2013-06-01,Stewart Visinsky,United States,Santa Ana,California,Phones,Cisco SPA508G,211.17,4,23.76
2133,CA-2013-148852,2013-05-27,2013-06-01,Stewart Visinsky,United States,Santa Ana,California,Chairs,Global Low Back Tilter Chair,484.7,6,-84.82
2134,CA-2013-148852,2013-05-27,2013-06-01,Stewart Visinsky,United States,Santa Ana,California,Machines,Fellowes Powershred HS-440 4-Sheet High Security Shredder,371.98,3,116.24
2135,CA-2013-168921,2013-10-21,2013-10-23,Andrew Gjertsen,United States,Los Angeles,California,Binders,"Fellowes Twister Kit, Gray/Clear, 3/pkg",19.3,3,6.03
2136,CA-2013-123512,2013-06-18,2013-06-20,Mike Vittorini,United States,Los Angeles,California,Bookcases,"Bush Heritage Pine Collection 5-Shelf Bookcase, Albany Pine Finish, *Special Order",239.67,2,14.1
2137,CA-2013-123512,2013-06-18,2013-06-20,Mike Vittorini,United States,Los Angeles,California,Labels,Avery 496,22.5,6,10.8
2138,CA-2013-123512,2013-06-18,2013-06-20,Mike Vittorini,United States,Los Angeles,California,Paper,Xerox 1914,219.84,4,107.72
2139,CA-2011-130449,2011-09-06,2011-09-09,Victoria Pisteka,United States,San Francisco,California,Furnishings,"Eldon Expressions Wood and Plastic Desk Accessories, Cherry Wood",41.88,6,12.15
2140,CA-2011-130449,2011-09-06,2011-09-09,Victoria Pisteka,United States,San Francisco,California,Labels,Avery 516,58.48,8,27.49
2141,CA-2011-138513,2011-05-23,2011-05-27,Erica Hackney,United States,Bellevue,Washington,Paper,Xerox 1999,12.96,2,6.22
2142,CA-2013-105081,2013-12-26,2013-12-31,Joe Elijah,United States,Seattle,Washington,Chairs,Global Executive Mid-Back Manager's Chair,698.35,3,52.38
2143,CA-2013-105081,2013-12-26,2013-12-31,Joe Elijah,United States,Seattle,Washington,Tables,"SAFCO PlanMaster Heigh-Adjustable Drafting Table Base, 43w x 30d x 30-37h, Black",1747.25,5,629.01
2144,CA-2013-166275,2013-10-25,2013-10-25,Sonia Sunley,United States,San Francisco,California,Accessories,Razer Tiamat Over Ear 7.1 Surround Sound PC Gaming Headset,199.99,1,86.0
2145,US-2012-156496,2012-08-10,2012-08-16,William Brown,United States,Redmond,Oregon,Phones,AT&T 1080 Corded phone,438.37,4,38.36
2146,US-2012-156496,2012-08-10,2012-08-16,William Brown,United States,Redmond,Oregon,Phones,OtterBox Commuter Series Case - Samsung Galaxy S4,139.94,7,-31.49
2147,US-2012-156496,2012-08-10,2012-08-16,William Brown,United States,Redmond,Oregon,Appliances,Fellowes 8 Outlet Superior Workstation Surge Protector,133.47,4,15.02
2148,US-2013-127334,2013-12-16,2013-12-22,Mike Pelletier,United States,Springfield,Oregon,Tables,Bretford Rectangular Conference Table Tops,564.2,3,-304.67
2149,US-2013-127334,2013-12-16,2013-12-22,Mike Pelletier,United States,Springfield,Oregon,Appliances,Belkin 5 Outlet SurgeMaster Power Centers,87.17,2,8.72
2150,CA-2014-135937,2014-02-21,2014-02-28,Katherine Murray,United States,Gilbert,Arizona,Phones,Toshiba IPT2010-SD IP Telephone,333.58,3,25.02
2151,CA-2014-135937,2014-02-21,2014-02-28,Katherine Murray,United States,Gilbert,Arizona,Accessories,Microsoft Wireless Mobile Mouse 4000,31.99,1,4.8
2152,CA-2014-135937,2014-02-21,2014-02-28,Katherine Murray,United States,Gilbert,Arizona,Storage,Fellowes Bankers Box Stor/Drawer Steel Plus,51.17,2,-6.4
2153,CA-2014-135937,2014-02-21,2014-02-28,Katherine Murray,United States,Gilbert,Arizona,Envelopes,Letter or Legal Size Expandable Poly String Tie Envelopes,10.64,5,3.86
2154,CA-2014-135937,2014-02-21,2014-02-28,Katherine Murray,United States,Gilbert,Arizona,Furnishings,"Howard Miller 13"" Diameter Pewter Finish Round Wall Clock",68.7,2,16.32
2155,CA-2014-135937,2014-02-21,2014-02-28,Katherine Murray,United States,Gilbert,Arizona,Tables,KI Adjustable-Height Table,386.91,9,-185.72
2156,CA-2011-154837,2011-08-23,2011-08-27,Robert Barroso,United States,Los Angeles,California,Binders,GBC Linen Binding Covers,49.57,2,17.35
2157,CA-2012-153794,2012-09-11,2012-09-16,Sean Braxton,United States,San Diego,California,Art,"Hunt PowerHouse Electric Pencil Sharpener, Blue",265.86,7,79.76
2158,CA-2011-150329,2011-10-10,2011-10-14,Shirley Daniels,United States,Phoenix,Arizona,Furnishings,Westinghouse Clip-On Gooseneck Lamps,46.87,7,3.52
2159,CA-2011-109134,2011-11-05,2011-11-10,Deanra Eno,United States,Los Angeles,California,Furnishings,OIC Stacking Trays,20.04,6,8.82
2160,CA-2012-165162,2012-05-14,2012-05-21,Hunter Glantz,United States,Los Angeles,California,Storage,"Tennsco Snap-Together Open Shelving Units, Starter Sets and Add-On Units",1117.92,4,55.9
2161,CA-2014-140494,2014-03-11,2014-03-16,Candace McMahon,United States,San Francisco,California,Accessories,Maxell LTO Ultrium - 800 GB,111.96,4,21.27
2162,CA-2014-145429,2014-07-22,2014-07-26,Shaun Weien,United States,San Diego,California,Paper,"Wirebound Message Forms, Four 2 3/4 x 5 Forms per Page, Pink Paper",16.34,2,7.68
2163,CA-2014-145429,2014-07-22,2014-07-26,Shaun Weien,United States,San Diego,California,Chairs,Hon Olson Stacker Stools,225.3,2,22.53
2164,CA-2014-145429,2014-07-22,2014-07-26,Shaun Weien,United States,San Diego,California,Binders,GBC Premium Transparent Covers with Diagonal Lined Pattern,50.35,3,17.62
2165,CA-2012-139164,2012-06-23,2012-06-28,Christine Sundaresam,United States,Long Beach,California,Phones,"Plantronics CS 50-USB - headset - Convertible, Monaural",217.58,2,19.04
2166,CA-2012-139164,2012-06-23,2012-06-28,Christine Sundaresam,United States,Long Beach,California,Fasteners,Assorted Color Push Pins,5.43,3,1.79
2167,CA-2012-139164,2012-06-23,2012-06-28,Christine Sundaresam,United States,Long Beach,California,Phones,JBL Micro Wireless Portable Bluetooth Speaker,143.98,3,9.0
2168,CA-2012-123141,2012-11-14,2012-11-19,Gary Zandusky,United States,Rio Rancho,New Mexico,Chairs,SAFCO Arco Folding Chair,883.84,4,99.43
2169,CA-2012-123141,2012-11-14,2012-11-19,Gary Zandusky,United States,Rio Rancho,New Mexico,Chairs,Global Deluxe Office Fabric Chairs,230.35,3,20.16
2170,CA-2013-149503,2013-12-10,2013-12-13,Stephanie Phelps,United States,Stockton,California,Binders,"Wilson Jones Elliptical Ring 3 1/2"" Capacity Binders, 800 sheets",273.92,8,99.3
2171,CA-2014-102974,2014-09-20,2014-09-25,Dave Poirier,United States,Los Angeles,California,Accessories,Microsoft Natural Ergonomic Keyboard 4000,149.95,5,31.49
2172,CA-2014-102974,2014-09-20,2014-09-25,Dave Poirier,United States,Los Angeles,California,Art,Boston 16765 Mini Stand Up Battery Pencil Sharpener,23.32,2,6.06
2173,CA-2014-102974,2014-09-20,2014-09-25,Dave Poirier,United States,Los Angeles,California,Art,Newell 33,16.74,3,4.85
2174,CA-2013-128811,2013-09-13,2013-09-17,Sarah Foster,United States,Seattle,Washington,Fasteners,OIC Bulk Pack Metal Binder Clips,10.47,3,4.82
2175,CA-2013-128811,2013-09-13,2013-09-17,Sarah Foster,United States,Seattle,Washington,Labels,Avery 487,11.07,3,5.2
2176,CA-2013-128811,2013-09-13,2013-09-17,Sarah Foster,United States,Seattle,Washington,Binders,GBC Instant Report Kit,20.7,4,7.76
2177,CA-2011-120096,2011-07-04,2011-07-07,Katrina Edelman,United States,Aurora,Colorado,Paper,Xerox 194,177.54,4,62.14
2178,CA-2011-120096,2011-07-04,2011-07-07,Katrina Edelman,United States,Aurora,Colorado,Appliances,Fellowes Mighty 8 Compact Surge Protector,32.43,2,3.24
2179,CA-2013-123358,2013-04-11,2013-04-18,Brian Thompson,United States,San Francisco,California,Appliances,3M Replacement Filter for Office Air Cleaner for 20' x 33' Room,113.76,3,44.37
2180,CA-2013-123358,2013-04-11,2013-04-18,Brian Thompson,United States,San Francisco,California,Storage,Fellowes Staxonsteel Drawer Files,579.51,3,81.13
2181,CA-2013-123358,2013-04-11,2013-04-18,Brian Thompson,United States,San Francisco,California,Storage,Rogers Profile Extra Capacity Storage Tub,150.66,9,6.03
2182,CA-2013-123358,2013-04-11,2013-04-18,Brian Thompson,United States,San Francisco,California,Binders,"GBC Prepunched Paper, 19-Hole, for Binding Systems, 24-lb",48.03,4,15.61
2183,US-2014-101784,2014-07-07,2014-07-12,Patrick O'Brill,United States,Los Angeles,California,Chairs,"Global Task Chair, Black",122.14,3,-13.74
2184,CA-2014-139402,2014-12-10,2014-12-14,Nick Crebassa,United States,Phoenix,Arizona,Paper,Multicolor Computer Printout Paper,419.4,5,146.79
2185,CA-2014-139402,2014-12-10,2014-12-14,Nick Crebassa,United States,Phoenix,Arizona,Binders,"Acco Recycled 2"" Capacity Laser Printer Hanging Data Binders",13.01,3,-9.97
2186,CA-2013-119018,2013-11-05,2013-11-09,Carl Weiss,United States,Los Angeles,California,Binders,Tuff Stuff Recycled Round Ring Binders,7.71,2,2.8
2187,CA-2013-119018,2013-11-05,2013-11-09,Carl Weiss,United States,Los Angeles,California,Binders,Acco Economy Flexible Poly Round Ring Binder,4.18,1,1.31
2188,CA-2013-119018,2013-11-05,2013-11-09,Carl Weiss,United States,Los Angeles,California,Paper,Xerox 229,38.88,6,18.66
2189,CA-2013-124527,2013-11-17,2013-11-18,Ionia McGrath,United States,Roseville,California,Binders,Round Ring Binders,8.32,5,2.81
2190,CA-2013-162348,2013-11-11,2013-11-16,Ben Ferrer,United States,Sacramento,California,Furnishings,"Eldon Expressions Wood and Plastic Desk Accessories, Oak",9.98,1,2.79
2191,CA-2013-109827,2013-12-26,2014-01-02,Laurel Workman,United States,Phoenix,Arizona,Tables,KI Conference Tables,35.45,1,-24.1
2192,CA-2013-109827,2013-12-26,2014-01-02,Laurel Workman,United States,Phoenix,Arizona,Machines,Panasonic KX MC6040 Color Laser Multifunction Printer,269.97,2,-386.96
2193,CA-2013-109827,2013-12-26,2014-01-02,Laurel Workman,United States,Phoenix,Arizona,Accessories,Imation Clip USB flash drive - 8 GB,45.12,3,-7.9
2194,CA-2013-109827,2013-12-26,2014-01-02,Laurel Workman,United States,Phoenix,Arizona,Accessories,Hypercom P1300 Pinpad,100.8,2,21.42
2195,CA-2013-109827,2013-12-26,2014-01-02,Laurel Workman,United States,Phoenix,Arizona,Chairs,"Global Stack Chair with Arms, Black",47.97,2,4.2
2196,CA-2011-152233,2011-10-05,2011-10-06,Keith Herrera,United States,Pomona,California,Accessories,Plantronics Audio 478 Stereo USB Headset,99.98,2,34.99
2197,CA-2014-162880,2014-12-26,2014-12-30,Giulietta Dortch,United States,Everett,Washington,Binders,Tuff Stuff Recycled Round Ring Binders,3.86,1,1.4
2198,CA-2011-144414,2011-06-17,2011-06-21,Gary Hwang,United States,Seattle,Washington,Furnishings,Eldon Wave Desk Accessories,6.24,3,2.62
2199,CA-2011-144414,2011-06-17,2011-06-21,Gary Hwang,United States,Seattle,Washington,Fasteners,OIC Binder Clips,17.9,5,8.95
2200,CA-2011-144414,2011-06-17,2011-06-21,Gary Hwang,United States,Seattle,Washington,Binders,GBC DocuBind P400 Electric Binding System,3266.38,3,1061.57
2201,US-2014-115609,2014-11-03,2014-11-08,Cindy Stewart,United States,Los Angeles,California,Appliances,Fellowes 8 Outlet Superior Workstation Surge Protector w/o Phone/Fax/Modem Protection,168.1,5,43.71
2202,CA-2013-153101,2013-09-09,2013-09-09,Pauline Johnson,United States,Santa Ana,California,Tables,"Lesro Round Back Collection Coffee Table, End Table",146.04,1,-12.78
2203,CA-2013-142615,2013-11-21,2013-11-25,Brendan Murry,United States,Montebello,California,Accessories,Sony Micro Vault Click 4 GB USB 2.0 Flash Drive,27.88,2,3.9
2204,CA-2014-142643,2014-10-16,2014-10-21,Dionis Lloyd,United States,Thousand Oaks,California,Labels,"Avery 4027 File Folder Labels for Dot Matrix Printers, 5000 Labels per Box, White",152.65,5,70.22
2205,CA-2014-142643,2014-10-16,2014-10-21,Dionis Lloyd,United States,Thousand Oaks,California,Furnishings,"Executive Impressions 14"" Two-Color Numerals Wall Clock",22.72,1,9.32
2206,CA-2014-107517,2014-02-06,2014-02-10,Fred Chung,United States,Torrance,California,Appliances,"Sanyo Counter Height Refrigerator with Crisper, 3.6 Cubic Foot, Stainless Steel/Black",1640.7,5,459.4
2207,CA-2014-107517,2014-02-06,2014-02-10,Fred Chung,United States,Torrance,California,Phones,Geemarc AmpliPOWER60,371.2,5,41.76
2208,CA-2011-147543,2011-07-06,2011-07-12,Becky Castell,United States,El Cajon,California,Chairs,Global Comet Stacking Armless Chair,478.48,2,47.85
2209,US-2013-159093,2013-05-10,2013-05-15,Ricardo Sperren,United States,Los Angeles,California,Paper,"TOPS Money Receipt Book, Consecutively Numbered in Red,",32.04,4,14.42
2210,CA-2013-162110,2013-07-19,2013-07-23,Nora Paige,United States,Phoenix,Arizona,Phones,iHome FM Clock Radio with Lightning Dock,55.99,1,3.5
2211,CA-2011-101462,2011-04-20,2011-04-25,Benjamin Patterson,United States,Los Angeles,California,Furnishings,"GE 4 Foot Flourescent Tube, 40 Watt",59.92,4,27.56
2212,CA-2014-128965,2014-04-18,2014-04-23,Pamela Stobb,United States,Los Angeles,California,Paper,"Rediform S.O.S. 1-Up Phone Message Bk, 4-1/4x3-1/16 Bk, 1 Form/Pg, 40 Messages/Bk, 3/Pk",28.14,3,13.51
2213,CA-2014-128965,2014-04-18,2014-04-23,Pamela Stobb,United States,Los Angeles,California,Labels,Avery 517,7.38,2,3.47
2214,CA-2014-128965,2014-04-18,2014-04-23,Pamela Stobb,United States,Los Angeles,California,Fasteners,Stockwell Push Pins,10.9,5,3.6
2215,CA-2014-128965,2014-04-18,2014-04-23,Pamela Stobb,United States,Los Angeles,California,Accessories,Logitech Wireless Touch Keyboard K400,274.89,11,46.73
2216,CA-2014-128965,2014-04-18,2014-04-23,Pamela Stobb,United States,Los Angeles,California,Labels,Avery 474,23.04,8,11.29
2217,CA-2014-128965,2014-04-18,2014-04-23,Pamela Stobb,United States,Los Angeles,California,Chairs,"Global Wood Trimmed Manager's Task Chair, Khaki",218.35,3,-19.11
2218,US-2013-126452,2013-08-22,2013-08-29,Scot Coram,United States,Los Angeles,California,Binders,Avery Durable Slant Ring Binders,12.67,2,4.75
2219,US-2013-126452,2013-08-22,2013-08-29,Scot Coram,United States,Los Angeles,California,Phones,Motorola HK250 Universal Bluetooth Headset,91.96,5,-20.69
2220,US-2013-126452,2013-08-22,2013-08-29,Scot Coram,United States,Los Angeles,California,Accessories,Logitech Gaming G510s - Keyboard,254.97,3,91.79
2221,US-2013-126452,2013-08-22,2013-08-29,Scot Coram,United States,Los Angeles,California,Phones,Anker Astro Mini 3000mAh Ultra-Compact Portable Charger,31.98,2,-8.0
2222,US-2013-126452,2013-08-22,2013-08-29,Scot Coram,United States,Los Angeles,California,Tables,Bretford CR8500 Series Meeting Room Furniture,2887.06,9,180.44
2223,US-2013-126452,2013-08-22,2013-08-29,Scot Coram,United States,Los Angeles,California,Paper,Xerox 1997,12.96,2,6.22
2224,US-2013-126452,2013-08-22,2013-08-29,Scot Coram,United States,Los Angeles,California,Paper,Xerox 1928,47.52,9,21.38
2225,CA-2012-162544,2012-12-16,2012-12-19,Sandra Glassco,United States,Seattle,Washington,Paper,Xerox 190,4.98,1,2.34
2226,CA-2012-137113,2012-12-01,2012-12-05,Tamara Willingham,United States,Seattle,Washington,Chairs,Global Troy Executive Leather Low-Back Tilter,2003.92,5,125.25
2227,CA-2012-137113,2012-12-01,2012-12-05,Tamara Willingham,United States,Seattle,Washington,Paper,Xerox 219,32.4,5,15.55
2228,CA-2012-137113,2012-12-01,2012-12-05,Tamara Willingham,United States,Seattle,Washington,Tables,Bush Advantage Collection Round Conference Table,1913.4,9,401.81
2229,CA-2012-137113,2012-12-01,2012-12-05,Tamara Willingham,United States,Seattle,Washington,Storage,Tennsco Industrial Shelving,146.73,3,2.93
2230,CA-2012-137113,2012-12-01,2012-12-05,Tamara Willingham,United States,Seattle,Washington,Paper,"Xerox Color Copier Paper, 11"" x 17"", Ream",114.2,5,52.53
2231,CA-2014-120222,2014-04-26,2014-05-03,Lauren Leatherbury,United States,Los Angeles,California,Paper,"Telephone Message Books with Fax/Mobile Section, 5 1/2"" x 3 3/16""",19.05,3,8.76
2232,CA-2014-120222,2014-04-26,2014-05-03,Lauren Leatherbury,United States,Los Angeles,California,Binders,Surelock Post Binders,73.34,3,27.5
2233,US-2014-135013,2014-07-25,2014-07-25,Harold Ryan,United States,Huntington Beach,California,Copiers,Hewlett Packard LaserJet 3310 Copier,2399.96,5,839.99
2234,US-2014-149006,2014-12-07,2014-12-09,Brad Norvell,United States,Brentwood,California,Fasteners,Staples,10.68,1,2.88
2235,CA-2013-140249,2013-09-28,2013-10-04,Shaun Weien,United States,Seattle,Washington,Phones,Samsung Galaxy S4,1001.58,2,125.2
2236,US-2014-115301,2014-07-30,2014-08-03,Vivek Gonzalez,United States,Seattle,Washington,Bookcases,"Bush Westfield Collection Bookcases, Medium Cherry Finish",115.96,2,25.51
2237,CA-2014-168942,2014-08-02,2014-08-06,Eric Murdock,United States,San Francisco,California,Storage,"Fellowes Mobile File Cart, Black",186.54,3,50.37
2238,US-2014-128398,2014-05-03,2014-05-06,Elizabeth Moffitt,United States,Los Angeles,California,Accessories,Logitech MX Performance Wireless Mouse,159.56,4,59.04
2239,CA-2011-124247,2011-12-16,2011-12-21,Stefanie Holloman,United States,Sacramento,California,Chairs,Office Star - Professional Matrix Back Chair with 2-to-1 Synchro Tilt and Mesh Fabric Seat,1403.92,5,70.2
2240,CA-2013-105473,2013-04-17,2013-04-19,Bryan Mills,United States,Seattle,Washington,Supplies,Stiletto Hand Letter Openers,28.8,3,0.86
2241,CA-2014-121706,2014-02-27,2014-03-03,Becky Martin,United States,Santa Barbara,California,Appliances,Tripp Lite TLP810NET Broadband Surge for Modem/Fax,356.79,7,99.9
2242,CA-2013-140046,2013-07-29,2013-08-04,Khloe Miller,United States,Los Angeles,California,Labels,Avery 495,18.9,3,8.69
2243,CA-2013-140382,2013-06-24,2013-06-26,Ruben Dartt,United States,San Francisco,California,Storage,Mobile Personal File Cube,93.68,4,25.29
2244,CA-2013-140382,2013-06-24,2013-06-26,Ruben Dartt,United States,San Francisco,California,Labels,Avery 516,21.93,3,10.31
2245,CA-2013-140382,2013-06-24,2013-06-26,Ruben Dartt,United States,San Francisco,California,Phones,Nortel Meridian M3904 Professional Digital phone,862.34,7,97.01
2246,CA-2013-140382,2013-06-24,2013-06-26,Ruben Dartt,United States,San Francisco,California,Paper,Xerox 1884,19.98,1,9.39
2247,CA-2013-125094,2013-11-06,2013-11-10,Nora Preis,United States,Seattle,Washington,Accessories,Cherry 142-key Programmable Keyboard,479.72,4,52.77
2248,CA-2012-139248,2012-07-25,2012-07-30,Russell D'Ascenzo,United States,Los Angeles,California,Phones,Motorola L703CM,623.96,5,39.0
2249,CA-2012-126466,2012-11-09,2012-11-13,Jesus Ocampo,United States,Roseville,California,Fasteners,"OIC Binder Clips, Mini, 1/4"" Capacity, Black",2.48,2,1.17
2250,CA-2012-129917,2012-10-02,2012-10-03,Henry MacAllister,United States,Los Angeles,California,Binders,Pressboard Hanging Data Binders for Unburst Sheets,11.81,3,4.13
2251,CA-2012-129917,2012-10-02,2012-10-03,Henry MacAllister,United States,Los Angeles,California,Binders,GBC Poly Designer Binding Covers,53.57,4,19.42
2252,CA-2012-129917,2012-10-02,2012-10-03,Henry MacAllister,United States,Los Angeles,California,Phones,HTC One Mini,503.96,5,50.4
2253,CA-2012-115420,2012-04-25,2012-05-02,Linda Southworth,United States,Los Angeles,California,Envelopes,Laser & Ink Jet Business Envelopes,21.34,2,9.82
2254,CA-2012-167255,2012-09-27,2012-09-29,Rick Huthwaite,United States,San Francisco,California,Storage,"Personal Filing Tote with Lid, Black/Gray",15.51,1,4.34
2255,CA-2012-167255,2012-09-27,2012-09-29,Rick Huthwaite,United States,San Francisco,California,Paper,Xerox 1916,146.82,3,73.41
2256,CA-2012-167255,2012-09-27,2012-09-29,Rick Huthwaite,United States,San Francisco,California,Paper,Xerox 226,12.96,2,6.22
2257,CA-2014-162096,2014-11-11,2014-11-11,Thomas Brumley,United States,Riverside,California,Art,12 Colored Short Pencils,7.8,3,2.11
2258,CA-2013-163937,2013-01-10,2013-01-13,Joy Bell-,United States,Longview,Washington,Furnishings,"DAX Value U-Channel Document Frames, Easel Back",24.85,5,7.7
2259,CA-2014-153822,2014-09-20,2014-09-26,Adrian Barton,United States,Phoenix,Arizona,Storage,Akro Stacking Bins,12.62,2,-2.52
2260,CA-2014-153822,2014-09-20,2014-09-26,Adrian Barton,United States,Phoenix,Arizona,Accessories,Sony Micro Vault Click 16 GB USB 2.0 Flash Drive,89.58,2,4.48
2261,CA-2014-153822,2014-09-20,2014-09-26,Adrian Barton,United States,Phoenix,Arizona,Phones,Polycom VoiceStation 500 Conference phone,471.92,2,29.5
2262,CA-2014-153822,2014-09-20,2014-09-26,Adrian Barton,United States,Phoenix,Arizona,Binders,Plastic Binding Combs,18.18,4,-13.94
2263,CA-2012-112144,2012-06-28,2012-07-02,Craig Yedwab,United States,Gilbert,Arizona,Labels,Avery 501,5.9,2,1.99
2264,CA-2012-112144,2012-06-28,2012-07-02,Craig Yedwab,United States,Gilbert,Arizona,Furnishings,Electrix Halogen Magnifier Lamp,621.76,4,46.63
2265,CA-2014-149076,2014-01-15,2014-01-20,Sean O'Donnell,United States,Los Angeles,California,Paper,Xerox 19,154.9,5,69.71
2266,CA-2012-166800,2012-11-19,2012-11-26,Aleksandra Gannaway,United States,Las Vegas,Nevada,Appliances,Hoover Commercial Soft Guard Upright Vacuum And Disposable Filtration Bags,31.08,4,8.39
2267,US-2013-134369,2013-09-17,2013-09-23,Becky Castell,United States,Laguna Niguel,California,Paper,Xerox 1966,12.96,2,6.35
2268,CA-2011-133158,2011-08-19,2011-08-21,David Wiener,United States,Los Angeles,California,Furnishings,"Deflect-o EconoMat Studded, No Bevel Mat for Low Pile Carpeting",289.24,7,26.03
2269,CA-2011-133158,2011-08-19,2011-08-21,David Wiener,United States,Los Angeles,California,Binders,Satellite Sectional Post Binders,69.46,2,22.57
2270,CA-2014-141201,2014-12-10,2014-12-12,Daniel Byrd,United States,Salinas,California,Bookcases,O'Sullivan 3-Shelf Heavy-Duty Bookcases,148.26,3,15.7
2271,CA-2011-124737,2011-08-23,2011-08-27,Arthur Prichep,United States,Denver,Colorado,Paper,Xerox 1976,15.55,3,5.44
2272,CA-2011-124737,2011-08-23,2011-08-27,Arthur Prichep,United States,Denver,Colorado,Supplies,Acme Titanium Bonded Scissors,6.8,1,0.51
2273,CA-2011-124737,2011-08-23,2011-08-27,Arthur Prichep,United States,Denver,Colorado,Furnishings,Regeneration Desk Collection,4.22,3,1.27
2274,CA-2011-124737,2011-08-23,2011-08-27,Arthur Prichep,United States,Denver,Colorado,Phones,Cisco SPA525G2 IP Phone - Wireless,143.64,9,10.77
2275,CA-2011-124737,2011-08-23,2011-08-27,Arthur Prichep,United States,Denver,Colorado,Paper,Xerox 1931,31.1,6,10.89
2276,CA-2011-124737,2011-08-23,2011-08-27,Arthur Prichep,United States,Denver,Colorado,Paper,Xerox 1988,223.06,9,69.71
2277,CA-2014-119494,2014-11-10,2014-11-14,Jim Epp,United States,San Diego,California,Chairs,"Lifetime Advantage Folding Chairs, 4/Carton",523.39,3,52.34
2278,CA-2011-150581,2011-04-08,2011-04-12,Nathan Mautz,United States,Concord,California,Tables,Bevis 36 x 72 Conference Tables,99.59,1,2.49
2279,CA-2011-150581,2011-04-08,2011-04-12,Nathan Mautz,United States,Concord,California,Accessories,Logitech Wireless Headset h800,399.96,4,139.99
2280,CA-2011-141355,2011-09-25,2011-09-30,Barry Franz,United States,Aurora,Colorado,Art,Dixon Ticonderoga Core-Lock Colored Pencils,14.58,2,2.37
2281,CA-2013-165330,2013-12-12,2013-12-12,William Brown,United States,Anaheim,California,Binders,Ibico Laser Imprintable Binding System Covers,209.6,5,68.12
2282,CA-2013-165330,2013-12-12,2013-12-12,William Brown,United States,Anaheim,California,Art,Boston 16765 Mini Stand Up Battery Pencil Sharpener,23.32,2,6.06
2283,CA-2013-165330,2013-12-12,2013-12-12,William Brown,United States,Anaheim,California,Paper,"IBM Multi-Purpose Copy Paper, 8 1/2 x 11"", Case",30.98,1,13.94
2284,CA-2013-165330,2013-12-12,2013-12-12,William Brown,United States,Anaheim,California,Accessories,Microsoft Natural Ergonomic Keyboard 4000,119.96,4,25.19
2285,CA-2013-165330,2013-12-12,2013-12-12,William Brown,United States,Anaheim,California,Chairs,"Global Wood Trimmed Manager's Task Chair, Khaki",363.92,5,-31.84
2286,CA-2013-165330,2013-12-12,2013-12-12,William Brown,United States,Anaheim,California,Binders,Recycled Easel Ring Binders,35.81,3,11.19
2287,CA-2013-165330,2013-12-12,2013-12-12,William Brown,United States,Anaheim,California,Binders,GBC Recycled VeloBinder Covers,122.69,9,39.87
2288,CA-2013-165330,2013-12-12,2013-12-12,William Brown,United States,Anaheim,California,Tables,Hon Non-Folding Utility Tables,892.14,7,111.52
2289,CA-2013-165330,2013-12-12,2013-12-12,William Brown,United States,Anaheim,California,Storage,Rogers Profile Extra Capacity Storage Tub,50.22,3,2.01
2290,CA-2013-165330,2013-12-12,2013-12-12,William Brown,United States,Anaheim,California,Appliances,Fellowes 8 Outlet Superior Workstation Surge Protector,83.42,2,24.19
2291,CA-2013-165330,2013-12-12,2013-12-12,William Brown,United States,Anaheim,California,Binders,"Black Avery Memo-Size 3-Ring Binder, 5 1/2"" x 8 1/2""",5.87,2,2.13
2292,CA-2012-132633,2012-02-03,2012-02-05,Ken Heidel,United States,Pleasant Grove,Utah,Binders,Wilson Jones Standard D-Ring Binders,12.14,3,4.1
2293,CA-2013-157742,2013-12-30,2014-01-01,Ken Lonsdale,United States,Springfield,Oregon,Envelopes,"Peel & Seel Recycled Catalog Envelopes, Brown",27.79,3,10.42
2294,CA-2014-127712,2014-09-01,2014-09-06,Michael Granlund,United States,Salem,Oregon,Supplies,Acme Kleen Earth Office Shears,6.21,2,0.7
2295,CA-2011-106726,2011-12-06,2011-12-08,Roland Schwarz,United States,Los Angeles,California,Storage,Standard Rollaway File with Lock,1261.33,7,327.95
2296,CA-2013-147473,2013-05-31,2013-06-04,Nancy Lomonaco,United States,Los Angeles,California,Paper,Xerox 228,38.88,6,18.66
2297,CA-2011-141901,2011-08-09,2011-08-14,Gene McClure,United States,Fresno,California,Paper,Great White Multi-Use Recycled Paper (20Lb. and 84 Bright),5.98,1,2.69
2298,CA-2013-167416,2013-05-13,2013-05-18,Jill Matthias,United States,Seattle,Washington,Envelopes,"Manila Recycled Extra-Heavyweight Clasp Envelopes, 6"" x 9""",54.9,5,26.9
2299,CA-2014-118724,2014-07-22,2014-07-26,Anthony Rawles,United States,Concord,California,Art,Nontoxic Chalk,3.52,2,1.69
2300,CA-2014-118724,2014-07-22,2014-07-26,Anthony Rawles,United States,Concord,California,Phones,Polycom SoundPoint IP 450 VoIP phone,1626.19,9,121.96
2301,US-2014-143175,2014-08-04,2014-08-07,George Ashbrook,United States,Los Angeles,California,Storage,Fellowes Bases and Tops For Staxonsteel/High-Stak Systems,99.87,3,23.97
2302,CA-2012-105844,2012-10-25,2012-10-27,Jennifer Ferguson,United States,Sparks,Nevada,Art,Newell 319,79.36,4,23.81
2303,CA-2014-118864,2014-06-16,2014-06-20,Kristen Hastings,United States,Los Angeles,California,Phones,Panasonic KX T7736-B Digital phone,119.96,1,7.5
2304,CA-2011-159625,2011-11-23,2011-11-28,Sally Matthias,United States,Scottsdale,Arizona,Fasteners,Staples,23.47,3,8.8
2305,CA-2014-147410,2014-09-05,2014-09-09,Eva Jacobs,United States,Santa Ana,California,Storage,"24 Capacity Maxi Data Binder Racks, Pearl",421.1,2,105.28
2306,US-2013-102239,2013-05-06,2013-05-07,Lindsay Williams,United States,Henderson,Nevada,Tables,Global Adaptabilities Conference Tables,1685.88,6,320.32
2307,US-2013-102239,2013-05-06,2013-05-07,Lindsay Williams,United States,Henderson,Nevada,Binders,Avery Poly Binder Pockets,5.73,2,2.0
2308,CA-2011-143168,2011-10-18,2011-10-23,Ivan Gibson,United States,Seattle,Washington,Paper,Xerox 1925,61.96,2,27.88
2309,CA-2011-143168,2011-10-18,2011-10-23,Ivan Gibson,United States,Seattle,Washington,Binders,Computer Printout Index Tabs,1.34,1,0.47
2310,CA-2014-118122,2014-11-18,2014-11-25,Greg Guthrie,United States,Seattle,Washington,Binders,"Cardinal Slant-D Ring Binder, Heavy Gauge Vinyl",13.9,2,4.52
2311,CA-2014-166926,2014-12-02,2014-12-09,Sean O'Donnell,United States,Seattle,Washington,Paper,Xerox 1947,41.86,7,18.84
2312,CA-2014-166926,2014-12-02,2014-12-09,Sean O'Donnell,United States,Seattle,Washington,Bookcases,"Hon Metal Bookcases, Putty",141.96,2,41.17
2313,CA-2014-142909,2014-12-23,2014-12-26,Alex Grayson,United States,Mesa,Arizona,Tables,"Lesro Round Back Collection Coffee Table, End Table",182.55,2,-135.09
2314,CA-2013-131380,2013-03-29,2013-04-01,Chris Cortes,United States,Los Angeles,California,Storage,Rogers Deluxe File Chest,87.92,4,0.88
2315,CA-2013-131380,2013-03-29,2013-04-01,Chris Cortes,United States,Los Angeles,California,Paper,Xerox 1983,5.98,1,2.93
2316,CA-2011-117464,2011-07-22,2011-07-24,Naresj Patel,United States,San Francisco,California,Art,Newell 32,11.52,4,3.23
2317,CA-2011-117464,2011-07-22,2011-07-24,Naresj Patel,United States,San Francisco,California,Chairs,Global Comet Stacking Armless Chair,717.72,3,71.77
2318,CA-2011-117464,2011-07-22,2011-07-24,Naresj Patel,United States,San Francisco,California,Storage,Eldon Mobile Mega Data Cart  Mega Stackable  Add-On Trays,236.5,10,68.59
2319,CA-2011-117464,2011-07-22,2011-07-24,Naresj Patel,United States,San Francisco,California,Tables,Safco Drafting Table,170.35,3,19.16
2320,CA-2014-125381,2014-04-26,2014-04-28,Speros Goranitis,United States,San Francisco,California,Accessories,Sony 64GB Class 10 Micro SDHC R40 Memory Card,107.97,3,22.67
2321,CA-2014-150609,2014-05-01,2014-05-05,Nick Zandusky,United States,Los Angeles,California,Binders,Fellowes Black Plastic Comb Bindings,23.24,5,7.55
2322,CA-2013-164399,2013-11-13,2013-11-16,Dianna Wilson,United States,San Diego,California,Phones,Panasonic KX TS3282W Corded phone,203.98,3,25.5
2323,CA-2013-164399,2013-11-13,2013-11-16,Dianna Wilson,United States,San Diego,California,Tables,Global Adaptabilities Conference Tables,674.35,3,-8.43
2324,CA-2013-147683,2013-11-14,2013-11-18,Philisse Overcash,United States,Seattle,Washington,Furnishings,DAX Solid Wood Frames,19.54,2,7.23
2325,CA-2011-116785,2011-04-26,2011-04-30,Marc Harrigan,United States,Los Angeles,California,Art,Newell 347,21.4,5,6.21
2326,CA-2011-116785,2011-04-26,2011-04-30,Marc Harrigan,United States,Los Angeles,California,Labels,Avery 495,12.6,2,5.8
2327,CA-2014-137414,2014-10-03,2014-10-07,Chad McGuire,United States,San Francisco,California,Furnishings,Dax Clear Box Frame,17.46,2,5.94
2328,CA-2014-137414,2014-10-03,2014-10-07,Chad McGuire,United States,San Francisco,California,Machines,Ricoh - Ink Collector Unit for GX3000 Series Printers,369.16,11,32.3
2329,CA-2013-143476,2013-09-12,2013-09-14,Linda Cazamias,United States,Phoenix,Arizona,Art,"Crayola Anti Dust Chalk, 12/Pack",2.91,2,0.91
2330,CA-2013-143476,2013-09-12,2013-09-14,Linda Cazamias,United States,Phoenix,Arizona,Paper,Xerox 1976,20.74,4,7.26
2331,CA-2013-143476,2013-09-12,2013-09-14,Linda Cazamias,United States,Phoenix,Arizona,Paper,Great White Multi-Use Recycled Paper (20Lb. and 84 Bright),9.57,2,2.99
2332,US-2013-119046,2013-06-03,2013-06-07,Edward Hooks,United States,Seattle,Washington,Paper,Riverleaf Stik-Withit Designer Note Cubes,30.18,3,13.88
2333,US-2013-119046,2013-06-03,2013-06-07,Edward Hooks,United States,Seattle,Washington,Binders,"Acco PRESSTEX Data Binder with Storage Hooks, Dark Blue, 14 7/8"" X 11""",51.65,12,18.72
2334,US-2013-119046,2013-06-03,2013-06-07,Edward Hooks,United States,Seattle,Washington,Binders,Acco Translucent Poly Ring Binders,11.23,3,3.93
2335,CA-2014-154949,2014-10-16,2014-10-20,Marc Crier,United States,Camarillo,California,Labels,Avery 478,14.73,3,7.22
2336,CA-2012-150770,2012-05-03,2012-05-06,Lena Cacioppo,United States,San Francisco,California,Art,Newell 317,8.82,3,2.56
2337,CA-2012-150770,2012-05-03,2012-05-06,Lena Cacioppo,United States,San Francisco,California,Binders,Ibico Recycled Linen-Style Covers,62.5,2,21.87
2338,CA-2012-150770,2012-05-03,2012-05-06,Lena Cacioppo,United States,San Francisco,California,Accessories,Logitech Gaming G510s - Keyboard,339.96,4,122.39
2339,CA-2012-150770,2012-05-03,2012-05-06,Lena Cacioppo,United States,San Francisco,California,Binders,GBC Linen Binding Covers,49.57,2,17.35
2340,CA-2013-109953,2013-07-15,2013-07-19,Raymond Buch,United States,San Francisco,California,Phones,Panasonic Kx-TS550,110.38,3,12.42
2341,CA-2013-109953,2013-07-15,2013-07-19,Raymond Buch,United States,San Francisco,California,Appliances,Holmes 99% HEPA Air Purifier,151.62,7,50.03
2342,CA-2013-109953,2013-07-15,2013-07-19,Raymond Buch,United States,San Francisco,California,Furnishings,Deflect-O Glasstique Clear Desk Accessories,30.8,4,10.16
2343,CA-2011-157546,2011-07-20,2011-07-22,Roger Demir,United States,San Francisco,California,Binders,Clear Mylar Reinforcing Strips,89.71,6,30.28
2344,CA-2011-157546,2011-07-20,2011-07-22,Roger Demir,United States,San Francisco,California,Paper,"Wirebound Message Books, Two 4 1/4"" x 5"" Forms per Page",22.83,3,10.73
2345,CA-2011-138737,2011-12-07,2011-12-10,Frank Preis,United States,Los Angeles,California,Art,Newell 32,8.64,3,2.42
2346,CA-2013-101651,2013-12-25,2013-12-31,Sean Christensen,United States,San Jose,California,Furnishings,"Eldon 200 Class Desk Accessories, Smoke",43.96,7,18.46
2347,CA-2013-101651,2013-12-25,2013-12-31,Sean Christensen,United States,San Jose,California,Fasteners,Staples,39.76,7,18.69
2348,CA-2014-136651,2014-04-24,2014-04-26,Jay Fein,United States,Pasadena,California,Furnishings,"DAX Two-Tone Rosewood/Black Document Frame, Desktop, 5 x 7",66.36,7,26.54
2349,CA-2014-136651,2014-04-24,2014-04-26,Jay Fein,United States,Pasadena,California,Binders,GBC Durable Plastic Covers,92.88,6,30.19
2350,CA-2014-136651,2014-04-24,2014-04-26,Jay Fein,United States,Pasadena,California,Furnishings,Eldon 500 Class Desk Accessories,24.14,2,7.97
2351,US-2014-151127,2014-05-23,2014-05-26,Rob Lucas,United States,Los Angeles,California,Art,SANFORD Major Accent Highlighters,49.56,7,18.83
2352,CA-2014-145807,2014-02-10,2014-02-14,Sarah Bern,United States,Los Angeles,California,Storage,Sensible Storage WireTech Storage Systems,354.9,5,17.75
2353,CA-2012-158491,2012-06-04,2012-06-09,Becky Pak,United States,Los Angeles,California,Accessories,Logitech Wireless Anywhere Mouse MX for PC and Mac,119.98,2,35.99
2354,CA-2012-158491,2012-06-04,2012-06-09,Becky Pak,United States,Los Angeles,California,Accessories,Logitech Z-906 Speaker sys - home theater - 5.1-CH,989.97,3,395.99
2355,CA-2014-137001,2014-06-11,2014-06-14,George Zrebassa,United States,Thousand Oaks,California,Art,"Sanford EarthWrite Recycled Pencils, Medium Soft, #2",14.7,7,4.12
2356,CA-2013-123337,2013-09-17,2013-09-23,Keith Dawkins,United States,San Jose,California,Bookcases,"Sauder Forest Hills Library with Doors, Woodland Oak Finish",273.67,2,-12.88
2357,CA-2013-123337,2013-09-17,2013-09-23,Keith Dawkins,United States,San Jose,California,Appliances,"Eureka Sanitaire  Multi-Pro Heavy-Duty Upright, Disposable Bags",17.48,4,4.54
2358,CA-2012-144519,2012-11-13,2012-11-17,Arthur Wiediger,United States,Helena,Montana,Phones,Panasonic KX TS3282W Corded phone,339.96,5,42.5
2359,CA-2012-144519,2012-11-13,2012-11-17,Arthur Wiediger,United States,Helena,Montana,Furnishings,"Eldon Stackable Tray, Side-Load, Legal, Smoke",63.98,7,21.75
2360,CA-2013-157217,2013-07-20,2013-07-22,Tracy Collins,United States,San Francisco,California,Phones,Griffin GC36547 PowerJolt SE Lightning Charger,35.98,2,4.5
2361,CA-2013-157217,2013-07-20,2013-07-22,Tracy Collins,United States,San Francisco,California,Accessories,Logitech G35 7.1-Channel Surround Sound Headset,389.97,3,132.59
2362,CA-2013-108224,2013-05-15,2013-05-15,Tiffany House,United States,Yuma,Arizona,Accessories,Imation 16GB Mini TravelDrive USB 2.0 Flash Drive,185.53,7,48.7
2363,CA-2014-159282,2014-10-17,2014-10-22,Gary Hansen,United States,Yuma,Arizona,Machines,Swingline SM12-08 MicroCut Jam Free Shredder,599.99,5,-479.99
2364,CA-2014-151183,2014-10-15,2014-10-20,Berenike Kampe,United States,San Francisco,California,Accessories,"Verbatim 25 GB 6x Blu-ray Single Layer Recordable Disc, 10/Pack",46.36,4,15.3
2365,CA-2013-153661,2013-01-30,2013-01-31,Steven Cartwright,United States,San Francisco,California,Storage,"File Shuttle II and Handi-File, Black",305.01,9,76.25
2366,CA-2013-153661,2013-01-30,2013-01-31,Steven Cartwright,United States,San Francisco,California,Binders,GBC Wire Binding Strips,50.78,2,17.77
2367,CA-2013-153661,2013-01-30,2013-01-31,Steven Cartwright,United States,San Francisco,California,Labels,Avery 512,26.01,9,12.22
2368,CA-2013-113656,2013-01-23,2013-01-29,Christy Brittain,United States,Los Angeles,California,Furnishings,"DAX Cubicle Frames, 8-1/2 x 11",59.99,7,21.6
2369,CA-2012-148964,2012-05-26,2012-05-31,Ruben Dartt,United States,Bellevue,Washington,Furnishings,"DAX Metal Frame, Desktop, Stepped-Edge",20.24,1,7.89
2370,CA-2013-144092,2013-11-06,2013-11-08,Logan Haushalter,United States,San Jose,California,Accessories,KeyTronic E03601U1 - Keyboard - Beige,72.0,4,12.96
2371,CA-2013-144092,2013-11-06,2013-11-08,Logan Haushalter,United States,San Jose,California,Chairs,Harbour Creations 67200 Series Stacking Chairs,113.89,2,9.97
2372,CA-2013-144092,2013-11-06,2013-11-08,Logan Haushalter,United States,San Jose,California,Envelopes,"Strathmore #10 Envelopes, Ultimate White",158.13,3,77.48
2373,CA-2014-158120,2014-11-18,2014-11-22,Katharine Harms,United States,Hillsboro,Oregon,Paper,"Wirebound Message Forms, Four 2 3/4 x 5 Forms per Page, Pink Paper",19.61,3,6.62
2374,CA-2014-158120,2014-11-18,2014-11-22,Katharine Harms,United States,Hillsboro,Oregon,Binders,Avery Reinforcements for Hole-Punch Pages,4.16,7,-3.47
2375,US-2014-128447,2014-11-11,2014-11-18,Michael Chen,United States,Pasco,Washington,Appliances,"Eureka The Boss Lite 10-Amp Upright Vacuum, Blue",400.8,5,112.22
2376,US-2014-128447,2014-11-11,2014-11-18,Michael Chen,United States,Pasco,Washington,Binders,GBC VeloBinder Manual Binding System,28.79,1,10.08
2377,US-2011-131275,2011-03-18,2011-03-24,Sample Company A,United States,Burbank,California,Furnishings,Eldon Cleatmat Chair Mats for Medium Pile Carpets,111.0,2,14.43
2378,US-2011-131275,2011-03-18,2011-03-24,Sample Company A,United States,Burbank,California,Machines,Swingline SM12-08 MicroCut Jam Free Shredder,1279.97,4,415.99
2379,US-2011-131275,2011-03-18,2011-03-24,Sample Company A,United States,Burbank,California,Storage,Tennsco 6- and 18-Compartment Lockers,1856.19,7,334.11
2380,CA-2014-165155,2014-09-22,2014-09-24,Brendan Murry,United States,Los Angeles,California,Storage,"Tenex Personal Filing Tote With Secure Closure Lid, Black/Frost",15.51,1,3.88
2381,CA-2014-141138,2014-11-11,2014-11-17,Gary Hwang,United States,Modesto,California,Accessories,Memorex Mini Travel Drive 16 GB USB 2.0 Flash Drive,111.79,7,43.6
2382,CA-2014-154102,2014-02-07,2014-02-14,Skye Norling,United States,San Francisco,California,Paper,Xerox 1947,29.9,5,13.46
2383,CA-2013-114748,2013-10-10,2013-10-15,Maria Zettner,United States,Phoenix,Arizona,Art,Newell 310,1.41,1,0.16
2384,CA-2013-114748,2013-10-10,2013-10-15,Maria Zettner,United States,Phoenix,Arizona,Furnishings,"Tenex 46"" x 60"" Computer Anti-Static Chairmat, Rectangular Shaped",169.57,2,0.0
2385,CA-2013-163594,2013-04-13,2013-04-15,Jason Fortune-,United States,Los Angeles,California,Paper,Xerox 206,19.44,3,9.33
2386,CA-2013-163594,2013-04-13,2013-04-15,Jason Fortune-,United States,Los Angeles,California,Chairs,"Global Geo Office Task Chair, Gray",194.35,3,-36.44
2387,CA-2013-163594,2013-04-13,2013-04-15,Jason Fortune-,United States,Los Angeles,California,Binders,Aluminum Screw Posts,36.62,3,13.73
2388,US-2014-123862,2014-01-08,2014-01-10,Jamie Frazer,United States,Long Beach,California,Storage,Eldon Fold 'N Roll Cart System,153.78,11,44.6
2389,US-2014-123862,2014-01-08,2014-01-10,Jamie Frazer,United States,Long Beach,California,Storage,Tennsco Commercial Shelving,61.02,3,0.61
2390,US-2014-123862,2014-01-08,2014-01-10,Jamie Frazer,United States,Long Beach,California,Supplies,Acme Galleria Hot Forged Steel Scissors with Colored Handles,110.11,7,31.93
2391,US-2014-123862,2014-01-08,2014-01-10,Jamie Frazer,United States,Long Beach,California,Fasteners,Staples,7.89,1,3.55
2392,CA-2014-100580,2014-08-14,2014-08-21,Michael Kennedy,United States,San Diego,California,Binders,"GBC Prepunched Paper, 19-Hole, for Binding Systems, 24-lb",36.02,3,11.71
2393,CA-2011-132787,2011-09-19,2011-09-23,Mike Caudle,United States,Seattle,Washington,Storage,"Decoflex Hanging Personal Folder File, Blue",92.52,6,24.98
2394,CA-2014-147844,2014-05-03,2014-05-07,Dorothy Dickinson,United States,Los Angeles,California,Paper,"Adams ""While You Were Out"" Message Pads",15.7,5,7.07
2395,CA-2014-147844,2014-05-03,2014-05-07,Dorothy Dickinson,United States,Los Angeles,California,Art,Newell 34,59.52,3,15.48
2396,CA-2014-147844,2014-05-03,2014-05-07,Dorothy Dickinson,United States,Los Angeles,California,Paper,"Adams Phone Message Book, 200 Message Capacity, 8 1/16 x 11",34.4,5,15.82
2397,CA-2013-110009,2013-09-09,2013-09-14,Toby Ritter,United States,Seattle,Washington,Furnishings,"Howard Miller 11-1/2"" Diameter Grantwood Wall Clock",43.13,1,14.66
2398,CA-2013-110009,2013-09-09,2013-09-14,Toby Ritter,United States,Seattle,Washington,Paper,"Ampad Gold Fibre Wirebound Steno Books, 6"" x 9"", Gregg Ruled",30.87,7,14.2
2399,CA-2012-100146,2012-05-14,2012-05-19,Claudia Bergmann,United States,Camarillo,California,Bookcases,"Bush Andora Bookcase, Maple/Graphite Gray Finish",509.96,5,42.0
2400,CA-2012-100146,2012-05-14,2012-05-19,Claudia Bergmann,United States,Camarillo,California,Furnishings,Dana Halogen Swing-Arm Architect Lamp,122.91,3,34.41
2401,CA-2012-100146,2012-05-14,2012-05-19,Claudia Bergmann,United States,Camarillo,California,Chairs,Novimex Fabric Task Chair,97.57,2,-6.1
2402,CA-2012-100146,2012-05-14,2012-05-19,Claudia Bergmann,United States,Camarillo,California,Chairs,"Global Leather and Oak Executive Chair, Black",722.35,3,81.26
2403,CA-2013-129728,2013-05-31,2013-06-07,Jason Gross,United States,Los Angeles,California,Furnishings,36X48 HARDFLOOR CHAIRMAT,167.84,8,11.75
2404,CA-2014-121125,2014-05-31,2014-06-04,Michael Granlund,United States,Tigard,Oregon,Phones,LG G3,156.79,1,17.64
2405,CA-2014-121125,2014-05-31,2014-06-04,Michael Granlund,United States,Tigard,Oregon,Accessories,SanDisk Ultra 32 GB MicroSDHC Class 10 Memory Card,35.36,2,-3.09
2406,CA-2014-121125,2014-05-31,2014-06-04,Michael Granlund,United States,Tigard,Oregon,Furnishings,Tensor Brushed Steel Torchiere Floor Lamp,13.59,1,-0.34
2407,CA-2011-161249,2011-08-09,2011-08-13,Roger Demir,United States,Phoenix,Arizona,Fasteners,"Super Bands, 12/Pack",4.46,3,-0.95
2408,CA-2011-161249,2011-08-09,2011-08-13,Roger Demir,United States,Phoenix,Arizona,Binders,Avery Hole Reinforcements,9.35,5,-6.54
2409,CA-2012-148180,2012-07-26,2012-07-31,Bart Pistole,United States,Oxnard,California,Binders,"Acco Pressboard Covers with Storage Hooks, 9 1/2"" x 11"", Executive Red",9.14,3,3.09
2410,CA-2012-148180,2012-07-26,2012-07-31,Bart Pistole,United States,Oxnard,California,Binders,Tuff Stuff Recycled Round Ring Binders,23.14,6,8.39
2411,CA-2012-148180,2012-07-26,2012-07-31,Bart Pistole,United States,Oxnard,California,Art,Newell 334,99.2,5,25.79
2412,CA-2011-165568,2011-02-16,2011-02-20,Barry Französisch,United States,Seattle,Washington,Binders,Pressboard Data Binders by Wilson Jones,21.36,5,7.21
2413,CA-2012-145457,2012-03-24,2012-03-27,Cathy Prescott,United States,Covington,Washington,Furnishings,"Eldon Expressions Punched Metal & Wood Desk Accessories, Black & Cherry",46.9,5,13.13
2414,US-2014-163657,2014-09-03,2014-09-07,Janet Lee,United States,Los Angeles,California,Binders,Acco Translucent Poly Ring Binders,18.72,5,6.55
2415,US-2014-163657,2014-09-03,2014-09-07,Janet Lee,United States,Los Angeles,California,Tables,Hon 2111 Invitation Series Straight Table,236.53,2,-2.96
2416,CA-2012-120446,2012-11-16,2012-11-18,John Grady,United States,San Diego,California,Labels,Avery 51,18.9,3,8.69
2417,US-2012-136987,2012-04-11,2012-04-14,Andy Reiter,United States,Los Angeles,California,Copiers,Canon PC-428 Personal Copier,639.97,4,215.99
2418,US-2012-136987,2012-04-11,2012-04-14,Andy Reiter,United States,Los Angeles,California,Fasteners,Staples,52.76,2,24.27
2419,CA-2012-138485,2012-02-27,2012-03-01,Nora Paige,United States,Seattle,Washington,Accessories,Microsoft Natural Keyboard Elite,538.92,9,80.84
2420,CA-2013-103709,2013-09-09,2013-09-16,Liz Preis,United States,Visalia,California,Art,"Eberhard Faber 3 1/2"" Golf Pencils",14.88,2,3.72
2421,CA-2013-103709,2013-09-09,2013-09-16,Liz Preis,United States,Visalia,California,Paper,Xerox 1900,34.24,8,15.41
2422,CA-2013-103709,2013-09-09,2013-09-16,Liz Preis,United States,Visalia,California,Storage,"Mini 13-1/2 Capacity Data Binder Rack, Pearl",261.74,2,65.44
2423,CA-2013-138282,2013-05-20,2013-05-24,Anna Häberlin,United States,Los Angeles,California,Fasteners,Staples,87.84,8,23.72
2424,CA-2014-148985,2014-11-12,2014-11-16,Thomas Brumley,United States,Los Angeles,California,Furnishings,Dax Clear Box Frame,34.92,4,11.87
2425,CA-2013-139997,2013-07-02,2013-07-04,Eugene Moren,United States,Lehi,Utah,Copiers,Hewlett Packard 310 Color Digital Copier,1499.95,5,449.99
2426,CA-2013-124583,2013-09-02,2013-09-04,Laurel Beltran,United States,Huntington Beach,California,Envelopes,Globe Weis Peel & Seel First Class Envelopes,12.78,1,5.75
2427,CA-2014-157196,2014-11-06,2014-11-10,Anna Andreadi,United States,San Diego,California,Paper,Xerox 1996,12.96,2,6.22
2428,CA-2012-108672,2012-09-10,2012-09-16,Frank Atkinson,United States,Los Angeles,California,Furnishings,"Seth Thomas 13 1/2"" Wall Clock",106.68,6,33.07
2429,CA-2014-121048,2014-07-15,2014-07-19,Toby Carlisle,United States,Westminster,California,Binders,Acco Suede Grain Vinyl Round Ring Binder,4.45,2,1.45
2430,CA-2014-121048,2014-07-15,2014-07-19,Toby Carlisle,United States,Westminster,California,Furnishings,"Deflect-o RollaMat Studded, Beveled Mat for Medium Pile Carpeting",276.69,3,49.8
2431,CA-2014-121048,2014-07-15,2014-07-19,Toby Carlisle,United States,Westminster,California,Fasteners,"OIC Binder Clips, Mini, 1/4"" Capacity, Black",4.96,4,2.33
2432,CA-2014-121048,2014-07-15,2014-07-19,Toby Carlisle,United States,Westminster,California,Art,"BOSTON Model 1800 Electric Pencil Sharpeners, Putty/Woodgrain",71.92,4,20.86
2433,CA-2014-121048,2014-07-15,2014-07-19,Toby Carlisle,United States,Westminster,California,Furnishings,"Eldon 200 Class Desk Accessories, Burgundy",18.84,3,7.91
2434,CA-2014-121048,2014-07-15,2014-07-19,Toby Carlisle,United States,Westminster,California,Accessories,Sony Micro Vault Click 8 GB USB 2.0 Flash Drive,140.97,3,19.74
2435,CA-2014-121048,2014-07-15,2014-07-19,Toby Carlisle,United States,Westminster,California,Phones,GE 30524EE4,470.38,3,52.92
2436,US-2014-120117,2014-03-31,2014-03-31,Tom Boeckenhauer,United States,Los Angeles,California,Art,Manco Dry-Lighter Erasable Highlighter,6.08,2,2.07
2437,US-2014-120117,2014-03-31,2014-03-31,Tom Boeckenhauer,United States,Los Angeles,California,Phones,AT&T CL83451 4-Handset Telephone,164.79,1,18.54
2438,CA-2011-115889,2011-11-02,2011-11-06,Shahid Hopkins,United States,San Francisco,California,Phones,AT&T CL82213,46.38,2,5.22
2439,CA-2011-115889,2011-11-02,2011-11-06,Shahid Hopkins,United States,San Francisco,California,Storage,Adjustable Depth Letter/Legal Cart,362.92,2,105.25
2440,CA-2011-125731,2011-09-10,2011-09-16,Clay Ludtke,United States,Gresham,Oregon,Envelopes,Peel & Seel Envelopes,21.73,7,7.6
2441,CA-2011-125731,2011-09-10,2011-09-16,Clay Ludtke,United States,Gresham,Oregon,Chairs,GuestStacker Chair with Chrome Finish Legs,1487.04,5,148.7
2442,US-2014-106145,2014-09-27,2014-09-27,Ruben Ausman,United States,San Francisco,California,Fasteners,Staples,71.88,6,33.06
2443,US-2014-106145,2014-09-27,2014-09-27,Ruben Ausman,United States,San Francisco,California,Furnishings,Stackable Trays,9.24,3,2.96
2444,US-2014-106145,2014-09-27,2014-09-27,Ruben Ausman,United States,San Francisco,California,Paper,Xerox 1895,35.88,6,16.15
2445,US-2014-106145,2014-09-27,2014-09-27,Ruben Ausman,United States,San Francisco,California,Binders,"Wilson Jones Hanging View Binder, White, 1""",17.04,3,5.54
2446,US-2014-106145,2014-09-27,2014-09-27,Ruben Ausman,United States,San Francisco,California,Binders,Fellowes PB300 Plastic Comb Binding Machine,931.18,3,314.27
2447,CA-2013-107146,2013-06-18,2013-06-20,Lena Creighton,United States,Longmont,Colorado,Furnishings,"Rubbermaid ClusterMat Chairmats, Mat Size- 66"" x 60"", Lip 20"" x 11"" -90 Degree Angle",266.35,3,-13.32
2448,CA-2013-107146,2013-06-18,2013-06-20,Lena Creighton,United States,Longmont,Colorado,Chairs,"Global Manager's Adjustable Task Chair, Storm",483.14,4,54.35
2449,US-2014-160143,2014-04-01,2014-04-08,Henry Goldwyn,United States,Los Angeles,California,Supplies,Acme Tagit Stainless Steel Antibacterial Scissors,29.7,3,8.02
2450,CA-2013-106460,2013-02-19,2013-02-22,Greg Tran,United States,San Francisco,California,Paper,Xerox 1880,70.88,2,33.31
2451,US-2014-112347,2014-12-03,2014-12-07,Bill Stewart,United States,Denver,Colorado,Storage,Letter Size Cart,114.29,1,12.86
2452,US-2014-112347,2014-12-03,2014-12-07,Bill Stewart,United States,Denver,Colorado,Binders,Aluminum Screw Posts,36.62,8,-24.42
2453,US-2014-112347,2014-12-03,2014-12-07,Bill Stewart,United States,Denver,Colorado,Bookcases,Hon 4-Shelf Metal Bookcases,242.35,8,-363.53
2454,US-2014-112347,2014-12-03,2014-12-07,Bill Stewart,United States,Denver,Colorado,Phones,Seidio BD2-HK3IPH5-BK DILEX Case and Holster Combo for Apple iPhone 5/5s - Black,49.62,2,4.96
2455,US-2014-112347,2014-12-03,2014-12-07,Bill Stewart,United States,Denver,Colorado,Furnishings,"Tenex 46"" x 60"" Computer Anti-Static Chairmat, Rectangular Shaped",508.7,6,0.0
2456,US-2014-112347,2014-12-03,2014-12-07,Bill Stewart,United States,Denver,Colorado,Phones,Macally Suction Cup Mount,57.36,6,-14.34
2457,US-2014-112347,2014-12-03,2014-12-07,Bill Stewart,United States,Denver,Colorado,Chairs,Hon GuestStacker Chair,906.68,5,68.0
2458,CA-2014-157672,2014-10-06,2014-10-08,Ross Baird,United States,Denver,Colorado,Accessories,Logitech MX Performance Wireless Mouse,63.82,2,13.56
2459,US-2013-166660,2013-01-30,2013-02-01,Tim Brockman,United States,Seattle,Washington,Chairs,Global Deluxe High-Back Office Chair in Storm,435.17,4,-59.84
2460,US-2013-166660,2013-01-30,2013-02-01,Tim Brockman,United States,Seattle,Washington,Bookcases,O'Sullivan 2-Shelf Heavy-Duty Bookcases,48.58,1,7.77
2461,CA-2011-133830,2011-12-05,2011-12-10,Rob Lucas,United States,Los Angeles,California,Art,Prang Colored Pencils,26.46,9,11.91
2462,CA-2011-133830,2011-12-05,2011-12-10,Rob Lucas,United States,Los Angeles,California,Paper,Xerox 1933,49.12,4,23.09
2463,CA-2011-133830,2011-12-05,2011-12-10,Rob Lucas,United States,Los Angeles,California,Fasteners,Advantus Plastic Paper Clips,15.0,3,7.2
2464,CA-2012-129532,2012-12-08,2012-12-12,Yana Sorensen,United States,Los Angeles,California,Storage,"Stur-D-Stor Shelving, Vertical 5-Shelf: 72""H x 36""W x 18 1/2""D",221.96,2,4.44
2465,CA-2012-129532,2012-12-08,2012-12-12,Yana Sorensen,United States,Los Angeles,California,Accessories,WD My Passport Ultra 500GB Portable External Hard Drive,236.0,4,40.12
2466,CA-2011-134726,2011-11-02,2011-11-07,Steven Ward,United States,Seattle,Washington,Accessories,"Maxell 74 Minute CD-R Spindle, 50/Pack",41.94,2,15.1
2467,CA-2011-134726,2011-11-02,2011-11-07,Steven Ward,United States,Seattle,Washington,Phones,Samsung Rugby III,52.79,1,4.62
2468,CA-2014-122945,2014-11-17,2014-11-23,Mick Brown,United States,Roseville,California,Furnishings,DAX Cubicle Frames - 8x10,17.31,3,5.19
2469,CA-2012-164567,2012-06-15,2012-06-19,Grace Kelly,United States,Los Angeles,California,Phones,Jabra SPEAK 410,225.58,3,22.56
2470,CA-2011-131947,2011-09-17,2011-09-22,Joseph Airdo,United States,Springfield,Oregon,Art,Newell 313,5.25,2,0.46
2471,CA-2011-131947,2011-09-17,2011-09-22,Joseph Airdo,United States,Springfield,Oregon,Art,Boston 16701 Slimline Battery Pencil Sharpener,38.26,3,4.78
2472,CA-2011-131947,2011-09-17,2011-09-22,Joseph Airdo,United States,Springfield,Oregon,Paper,Riverleaf Stik-Withit Designer Note Cubes,40.24,5,13.08
2473,CA-2011-131947,2011-09-17,2011-09-22,Joseph Airdo,United States,Springfield,Oregon,Machines,Plantronics Single Ear Headset,29.93,5,-21.95
2474,CA-2011-131947,2011-09-17,2011-09-22,Joseph Airdo,United States,Springfield,Oregon,Paper,Xerox 1960,148.7,6,46.47
2475,CA-2011-131947,2011-09-17,2011-09-22,Joseph Airdo,United States,Springfield,Oregon,Accessories,"Verbatim 25 GB 6x Blu-ray Single Layer Recordable Disc, 3/Pack",55.92,10,16.78
2476,CA-2014-163209,2014-05-04,2014-05-08,Mike Kennedy,United States,San Francisco,California,Paper,Xerox 2,25.92,4,12.44
2477,CA-2014-163209,2014-05-04,2014-05-08,Mike Kennedy,United States,San Francisco,California,Art,Newell 350,22.96,7,6.66
2478,CA-2011-133354,2011-02-23,2011-02-25,Sue Ann Reed,United States,Moreno Valley,California,Paper,Xerox 220,19.44,3,9.33
2479,CA-2014-151225,2014-10-28,2014-10-30,Jim Mitchum,United States,Los Angeles,California,Tables,Chromcraft Rectangular Conference Tables,189.58,1,9.48
2480,CA-2014-151225,2014-10-28,2014-10-30,Jim Mitchum,United States,Los Angeles,California,Phones,Griffin GC17055 Auxiliary Audio Cable,71.96,5,7.2
2481,US-2011-144078,2011-11-25,2011-11-29,Richard Bierner,United States,Los Angeles,California,Phones,Logitech Mobile Speakerphone P710e - speaker phone,539.92,5,47.24
2482,US-2011-144078,2011-11-25,2011-11-29,Richard Bierner,United States,Los Angeles,California,Chairs,Hon GuestStacker Chair,725.34,4,54.4
2483,US-2011-144078,2011-11-25,2011-11-29,Richard Bierner,United States,Los Angeles,California,Fasteners,Staples,7.44,3,2.6
2484,US-2012-159499,2012-11-21,2012-11-23,Eudokia Martin,United States,Phoenix,Arizona,Appliances,Fellowes Command Center 5-outlet power strip,325.63,6,28.49
2485,US-2012-159499,2012-11-21,2012-11-23,Eudokia Martin,United States,Phoenix,Arizona,Accessories,Belkin Standard 104 key USB Keyboard,23.34,2,-1.46
2486,US-2012-159499,2012-11-21,2012-11-23,Eudokia Martin,United States,Phoenix,Arizona,Labels,Avery 506,16.52,5,5.37
2487,US-2013-157490,2013-10-07,2013-10-08,Laurel Beltran,United States,Pueblo,Colorado,Machines,Zebra GK420t Direct Thermal/Thermal Transfer Printer,703.71,6,-938.28
2488,US-2013-157490,2013-10-07,2013-10-08,Laurel Beltran,United States,Pueblo,Colorado,Binders,Recycled Easel Ring Binders,17.9,4,-14.92
2489,US-2013-157490,2013-10-07,2013-10-08,Laurel Beltran,United States,Pueblo,Colorado,Binders,"Avery Framed View Binder, EZD Ring (Locking), Navy, 1 1/2""",11.98,4,-9.18
2490,US-2013-157490,2013-10-07,2013-10-08,Laurel Beltran,United States,Pueblo,Colorado,Accessories,"Memorex 25GB 6X Branded Blu-Ray Recordable Disc, 15/Pack",67.96,5,0.85
2491,CA-2012-161452,2012-04-05,2012-04-11,Carol Adams,United States,Los Angeles,California,Chairs,GuestStacker Chair with Chrome Finish Legs,892.22,3,89.22
2492,CA-2013-138968,2013-03-16,2013-03-17,Fred Chung,United States,San Francisco,California,Binders,Avery Round Ring Poly Binders,4.54,2,1.65
2493,CA-2013-138968,2013-03-16,2013-03-17,Fred Chung,United States,San Francisco,California,Chairs,Global Comet Stacking Arm Chair,1352.03,4,84.5
2494,CA-2012-107685,2012-11-30,2012-12-02,John Murray,United States,Las Vegas,Nevada,Furnishings,"DAX Contemporary Wood Frame with Silver Metal Mat, Desktop, 11 x 14 Size",80.96,4,29.15
2495,CA-2012-107685,2012-11-30,2012-12-02,John Murray,United States,Las Vegas,Nevada,Paper,Xerox 1997,25.92,4,12.44
2496,US-2011-120740,2011-04-15,2011-04-15,Paul Stevenson,United States,Los Angeles,California,Appliances,Belkin F9G930V10-GRY 9 Outlet Surge,106.96,2,31.02
2497,US-2011-120740,2011-04-15,2011-04-15,Paul Stevenson,United States,Los Angeles,California,Furnishings,"Howard Miller 13"" Diameter Goldtone Round Wall Clock",187.76,4,76.98
2498,US-2014-141509,2014-09-30,2014-10-02,Sonia Cooley,United States,Los Angeles,California,Art,Newell 334,99.2,5,25.79
2499,CA-2014-133487,2014-05-07,2014-05-10,Trudy Schmidt,United States,Rancho Cucamonga,California,Appliances,Eureka The Boss Cordless Rechargeable Stick Vac,152.94,3,41.29
2500,CA-2011-102330,2011-12-29,2012-01-03,Arianne Irving,United States,Brentwood,California,Labels,Alphabetical Labels for Top Tab Filing,88.8,6,44.4
2501,CA-2011-102330,2011-12-29,2012-01-03,Arianne Irving,United States,Brentwood,California,Phones,HTC One,319.97,4,36.0
2502,CA-2013-118899,2013-03-23,2013-03-23,Marc Crier,United States,Seattle,Washington,Chairs,"Global Stack Chair with Arms, Black",167.89,7,14.69
2503,CA-2014-100237,2014-10-16,2014-10-20,Stuart Van,United States,Orem,Utah,Art,Avery Hi-Liter Smear-Safe Highlighters,11.68,2,4.2
2504,US-2012-142811,2012-04-02,2012-04-07,John Lucas,United States,Mesa,Arizona,Phones,Samsung HM1900 Bluetooth Headset,87.8,5,32.93
2505,CA-2011-150203,2011-12-05,2011-12-07,Joni Blumstein,United States,Los Angeles,California,Appliances,Fellowes 8 Outlet Superior Workstation Surge Protector,250.26,6,72.58
2506,CA-2012-149636,2012-01-06,2012-01-12,Stefania Perrino,United States,Colorado Springs,Colorado,Paper,"It's Hot Message Books with Stickers, 2 3/4"" x 5""",29.6,5,9.25
2507,CA-2012-149636,2012-01-06,2012-01-12,Stefania Perrino,United States,Colorado Springs,Colorado,Binders,Recycled Pressboard Report Cover with Reinforced Top Hinge,1.94,2,-1.36
2508,US-2014-146213,2014-09-10,2014-09-15,Matt Connell,United States,Los Angeles,California,Accessories,Microsoft Wireless Mobile Mouse 4000,159.96,4,51.19
2509,US-2014-138086,2014-04-17,2014-04-21,Jesus Ocampo,United States,San Francisco,California,Appliances,Hoover Commercial SteamVac,40.74,3,12.22
2510,CA-2014-104850,2014-06-14,2014-06-20,Tamara Willingham,United States,Seattle,Washington,Chairs,"Global Wood Trimmed Manager's Task Chair, Khaki",291.14,4,-25.47
2511,CA-2014-134418,2014-09-16,2014-09-21,Gene McClure,United States,Seattle,Washington,Art,BIC Brite Liner Highlighters,12.42,3,5.22
2512,US-2013-106313,2013-08-23,2013-08-27,Deirdre Greer,United States,Seattle,Washington,Paper,Xerox 202,19.44,3,9.33
2513,CA-2011-154781,2011-11-21,2011-11-26,Steve Carroll,United States,San Francisco,California,Paper,Tops Wirebound Message Log Books,6.58,2,3.03
2514,CA-2011-154781,2011-11-21,2011-11-26,Steve Carroll,United States,San Francisco,California,Accessories,Kensington Expert Mouse Optical USB Trackball for PC or Mac,94.99,1,28.5
2515,CA-2012-147816,2012-09-24,2012-09-26,Carlos Meador,United States,Tucson,Arizona,Phones,Samsung HM1900 Bluetooth Headset,35.12,2,13.17
2516,CA-2014-105326,2014-08-21,2014-08-28,Kean Thornton,United States,Los Angeles,California,Paper,Xerox 203,25.92,4,12.44
2517,CA-2014-156391,2014-09-27,2014-09-29,Sara Luxemburg,United States,Salem,Oregon,Art,Prang Drawing Pencil Set,2.22,1,0.56
2518,CA-2012-169299,2012-08-24,2012-08-26,Denny Ordway,United States,Portland,Oregon,Art,"Premium Writing Pencils, Soft, #2 by Central Association for the Blind",7.15,3,0.72
2519,CA-2013-155978,2013-08-02,2013-08-02,Thomas Seio,United States,Riverside,California,Phones,Apple iPhone 5,1039.73,2,90.98
2520,CA-2013-155978,2013-08-02,2013-08-02,Thomas Seio,United States,Riverside,California,Appliances,Belkin F5C206VTEL 6 Outlet Surge,45.96,2,13.79
2521,CA-2013-152800,2013-04-14,2013-04-16,Susan Pistek,United States,San Francisco,California,Envelopes,Poly String Tie Envelopes,6.12,3,2.88
2522,CA-2011-166961,2011-12-27,2011-12-31,Cynthia Delaney,United States,Moreno Valley,California,Fasteners,Staples,10.98,1,2.96
2523,CA-2011-166961,2011-12-27,2011-12-31,Cynthia Delaney,United States,Moreno Valley,California,Fasteners,Staples,7.86,3,3.62
2524,CA-2011-166961,2011-12-27,2011-12-31,Cynthia Delaney,United States,Moreno Valley,California,Storage,Advantus Rolling Storage Box,51.45,3,13.89
2525,CA-2011-166961,2011-12-27,2011-12-31,Cynthia Delaney,United States,Moreno Valley,California,Binders,GBC VeloBind Cover Sets,37.06,3,13.9
2526,CA-2012-127481,2012-12-12,2012-12-15,Jonathan Doherty,United States,Las Vegas,Nevada,Paper,Xerox 1930,32.4,5,15.88
2527,CA-2012-127481,2012-12-12,2012-12-15,Jonathan Doherty,United States,Las Vegas,Nevada,Paper,Xerox 1916,97.88,2,48.94
2528,CA-2011-143637,2011-03-24,2011-03-29,Maurice Satty,United States,Fresno,California,Furnishings,"DAX Contemporary Wood Frame with Silver Metal Mat, Desktop, 11 x 14 Size",40.48,2,14.57
2529,US-2014-109316,2014-06-09,2014-06-11,Maureen Gastineau,United States,Los Angeles,California,Bookcases,"Riverside Palais Royal Lawyers Bookcase, Royale Cherry Finish",1497.67,2,140.96
2530,US-2014-109316,2014-06-09,2014-06-11,Maureen Gastineau,United States,Los Angeles,California,Phones,Shocksock Galaxy S4 Armband,17.52,2,-3.5
2531,CA-2013-138478,2013-10-22,2013-10-27,Dennis Pardue,United States,North Las Vegas,Nevada,Art,Panasonic KP-150 Electric Pencil Sharpener,113.22,3,29.44
2532,CA-2013-138478,2013-10-22,2013-10-27,Dennis Pardue,United States,North Las Vegas,Nevada,Paper,Xerox 193,35.88,6,17.58
2533,CA-2013-138478,2013-10-22,2013-10-27,Dennis Pardue,United States,North Las Vegas,Nevada,Binders,Ibico EPK-21 Electric Binding System,4535.98,3,1644.29
2534,CA-2014-150469,2014-01-27,2014-01-31,Caroline Jumper,United States,San Francisco,California,Fasteners,Binder Clips by OIC,11.84,8,5.68
2535,CA-2011-125150,2011-05-16,2011-05-23,Pauline Webber,United States,Los Angeles,California,Chairs,"Iceberg Nesting Folding Chair, 19w x 6d x 43h",232.88,5,17.47
2536,CA-2012-137302,2012-04-26,2012-05-01,Bart Watters,United States,San Diego,California,Chairs,SAFCO Optional Arm Kit for Workspace Cribbage Stacking Chair,63.94,3,6.39
2537,CA-2012-137302,2012-04-26,2012-05-01,Bart Watters,United States,San Diego,California,Art,Newell 345,59.52,3,15.48
2538,CA-2012-137302,2012-04-26,2012-05-01,Bart Watters,United States,San Diego,California,Phones,RCA ViSYS 25825 Wireless digital phone,311.98,3,39.0
2539,CA-2012-137302,2012-04-26,2012-05-01,Bart Watters,United States,San Diego,California,Binders,GBC Premium Transparent Covers with Diagonal Lined Pattern,50.35,3,17.62
2540,CA-2012-106257,2012-04-13,2012-04-17,Eugene Barchas,United States,Los Angeles,California,Tables,"Iceberg OfficeWorks 42"" Round Tables",241.57,2,-15.1
2541,CA-2012-106257,2012-04-13,2012-04-17,Eugene Barchas,United States,Los Angeles,California,Phones,Polycom CX600 IP Phone VoIP phone,479.92,2,41.99
2542,CA-2012-149083,2012-09-25,2012-09-30,Sally Hughsby,United States,Seattle,Washington,Chairs,Global Super Steno Chair,307.14,4,-11.52
2543,CA-2012-149083,2012-09-25,2012-09-30,Sally Hughsby,United States,Seattle,Washington,Labels,"Permanent Self-Adhesive File Folder Labels for Typewriters, 1 1/8 x 3 1/2, White",12.6,2,5.8
2544,CA-2012-149083,2012-09-25,2012-09-30,Sally Hughsby,United States,Seattle,Washington,Accessories,Logitech G602 Wireless Gaming Mouse,159.98,2,57.59
2545,CA-2012-144890,2012-12-25,2012-12-29,Sean Miller,United States,Los Angeles,California,Paper,Xerox 1949,9.96,2,4.88
2546,CA-2012-142993,2012-10-12,2012-10-17,Kelly Andreada,United States,Seattle,Washington,Accessories,Kingston Digital DataTraveler 16GB USB 2.0,17.9,2,3.4
2547,CA-2012-142993,2012-10-12,2012-10-17,Kelly Andreada,United States,Seattle,Washington,Storage,"Contico 72""H Heavy-Duty Storage System",81.96,2,0.0
2548,CA-2012-143364,2012-07-14,2012-07-19,Toby Gnade,United States,Mesa,Arizona,Storage,SAFCO Boltless Steel Shelving,272.74,3,-64.77
2549,CA-2012-143364,2012-07-14,2012-07-19,Toby Gnade,United States,Mesa,Arizona,Paper,Xerox 1899,18.5,4,6.7
2550,CA-2012-143364,2012-07-14,2012-07-19,Toby Gnade,United States,Mesa,Arizona,Chairs,SAFCO Arco Folding Chair,441.92,2,49.72
2551,CA-2012-143364,2012-07-14,2012-07-19,Toby Gnade,United States,Mesa,Arizona,Bookcases,"Hon Metal Bookcases, Black",127.76,6,-191.65
2552,CA-2011-100972,2011-11-19,2011-11-24,Dennis Bolton,United States,Salt Lake City,Utah,Paper,Xerox 1888,166.44,3,79.89
2553,CA-2013-136994,2013-05-28,2013-06-03,Lynn Smith,United States,Los Angeles,California,Paper,"Wirebound Message Books, Four 2 3/4 x 5 White Forms per Page",13.38,2,6.15
2554,CA-2013-101672,2013-10-04,2013-10-08,Daniel Byrd,United States,Lake Forest,California,Labels,Smead Alpha-Z Color-Coded Second Alphabetical Labels and Starter Set,6.16,2,2.96
2555,CA-2013-101672,2013-10-04,2013-10-08,Daniel Byrd,United States,Lake Forest,California,Chairs,Global Deluxe High-Back Manager's Chair,915.14,4,102.95
2556,CA-2013-101672,2013-10-04,2013-10-08,Daniel Byrd,United States,Lake Forest,California,Paper,Xerox 1900,8.56,2,3.85
2557,CA-2013-101672,2013-10-04,2013-10-08,Daniel Byrd,United States,Lake Forest,California,Paper,Xerox 1891,97.82,2,45.98
2558,CA-2014-168403,2014-09-10,2014-09-16,Damala Kotsonis,United States,Portland,Oregon,Paper,Xerox 1930,31.1,6,11.28
2559,CA-2014-168403,2014-09-10,2014-09-16,Damala Kotsonis,United States,Portland,Oregon,Appliances,Belkin 7-Outlet SurgeMaster Home Series,11.18,1,0.84
2560,CA-2014-118017,2014-12-04,2014-12-07,Lena Cacioppo,United States,Thornton,Colorado,Art,Newell 344,13.34,6,1.0
2561,CA-2014-118017,2014-12-04,2014-12-07,Lena Cacioppo,United States,Thornton,Colorado,Accessories,Memorex Micro Travel Drive 16 GB,76.75,6,10.55
2562,CA-2014-118017,2014-12-04,2014-12-07,Lena Cacioppo,United States,Thornton,Colorado,Accessories,Memorex Micro Travel Drive 16 GB,102.34,8,14.07
2563,CA-2014-118017,2014-12-04,2014-12-07,Lena Cacioppo,United States,Thornton,Colorado,Paper,"Wirebound Four 2-3/4 x 5 Forms per Page, 400 Sets per Book",10.32,2,3.74
2564,CA-2014-118017,2014-12-04,2014-12-07,Lena Cacioppo,United States,Thornton,Colorado,Supplies,"Elite 5"" Scissors",47.32,7,5.92
2565,CA-2014-118017,2014-12-04,2014-12-07,Lena Cacioppo,United States,Thornton,Colorado,Fasteners,Staples,23.38,3,7.01
2566,CA-2014-118017,2014-12-04,2014-12-07,Lena Cacioppo,United States,Thornton,Colorado,Furnishings,"Eldon Image Series Desk Accessories, Burgundy",16.72,5,3.34
2567,CA-2014-118017,2014-12-04,2014-12-07,Lena Cacioppo,United States,Thornton,Colorado,Furnishings,DAX Two-Tone Silver Metal Document Frame,16.19,1,4.66
2568,CA-2013-113117,2013-08-17,2013-08-23,Jeremy Pistek,United States,Davis,California,Paper,Xerox 1931,32.4,5,15.55
2569,CA-2013-112585,2013-07-31,2013-08-03,Rob Williams,United States,San Francisco,California,Appliances,Hoover Shoulder Vac Commercial Portable Vacuum,715.64,2,178.91
2570,CA-2013-149762,2013-12-04,2013-12-08,Roger Demir,United States,Morgan Hill,California,Tables,Hon 4060 Series Tables,268.7,3,6.72
2571,CA-2013-149762,2013-12-04,2013-12-08,Roger Demir,United States,Morgan Hill,California,Art,Rogers Handheld Barrel Pencil Sharpener,21.92,8,5.92
2572,CA-2013-149762,2013-12-04,2013-12-08,Roger Demir,United States,Morgan Hill,California,Storage,Acco Perma 4000 Stacking Storage Drawers,48.72,3,7.31
2573,CA-2013-149762,2013-12-04,2013-12-08,Roger Demir,United States,Morgan Hill,California,Bookcases,O'Sullivan Living Dimensions 2-Shelf Bookcases,205.67,2,-12.1
2574,CA-2012-152513,2012-07-04,2012-07-08,Julie Prescott,United States,San Diego,California,Binders,Avery Premier Heavy-Duty Binder with Round Locking Rings,22.85,2,7.43
2575,US-2013-168095,2013-07-16,2013-07-21,Mark Cousins,United States,Portland,Oregon,Chairs,Bevis Steel Folding Chairs,230.28,3,23.03
2576,US-2013-168095,2013-07-16,2013-07-21,Mark Cousins,United States,Portland,Oregon,Paper,Xerox 1909,105.52,5,34.29
2577,CA-2014-166093,2014-08-18,2014-08-25,Rick Wilson,United States,Brentwood,California,Fasteners,Staples,23.36,2,11.68
2578,CA-2014-166093,2014-08-18,2014-08-25,Rick Wilson,United States,Brentwood,California,Phones,OtterBox Defender Series Case - Samsung Galaxy S4,71.98,3,9.0
2579,CA-2014-166093,2014-08-18,2014-08-25,Rick Wilson,United States,Brentwood,California,Paper,Xerox 1962,8.56,2,3.85
2580,CA-2014-166093,2014-08-18,2014-08-25,Rick Wilson,United States,Brentwood,California,Binders,"Wilson Jones Clip & Carry Folder Binder Tool for Ring Binders, Clear",13.92,3,4.87
2581,CA-2014-166093,2014-08-18,2014-08-25,Rick Wilson,United States,Brentwood,California,Appliances,Sanyo 2.5 Cubic Foot Mid-Size Office Refrigerators,2518.29,9,654.76
2582,CA-2014-166093,2014-08-18,2014-08-25,Rick Wilson,United States,Brentwood,California,Storage,Standard Rollaway File with Lock,540.57,3,140.55
2583,CA-2014-166093,2014-08-18,2014-08-25,Rick Wilson,United States,Brentwood,California,Binders,GBC Recycled Grain Textured Covers,221.06,8,77.37
2584,CA-2013-146325,2013-12-15,2013-12-18,David Smith,United States,San Diego,California,Chairs,"Global Task Chair, Black",81.42,2,-9.16
2585,CA-2013-146325,2013-12-15,2013-12-18,David Smith,United States,San Diego,California,Storage,"Tenex Personal Project File with Scoop Front Design, Black",134.8,10,35.05
2586,CA-2014-131807,2014-10-06,2014-10-11,Greg Guthrie,United States,Chico,California,Chairs,Global Deluxe High-Back Office Chair in Storm,435.17,4,-59.84
2587,CA-2014-131807,2014-10-06,2014-10-11,Greg Guthrie,United States,Chico,California,Fasteners,Staples,14.9,5,6.85
2588,CA-2014-131807,2014-10-06,2014-10-11,Greg Guthrie,United States,Chico,California,Appliances,"Hoover Replacement Belts For Soft Guard & Commercial Ltweight Upright Vacs, 2/Pk",15.8,4,4.11
2589,CA-2014-131807,2014-10-06,2014-10-11,Greg Guthrie,United States,Chico,California,Furnishings,DAX Clear Channel Poster Frame,72.9,5,26.97
2590,CA-2014-131807,2014-10-06,2014-10-11,Greg Guthrie,United States,Chico,California,Tables,KI Adjustable-Height Table,206.35,3,5.16
2591,CA-2014-131807,2014-10-06,2014-10-11,Greg Guthrie,United States,Chico,California,Phones,"Square Credit Card Reader, 4 1/2"" x 4 1/2"" x 1"", White",7.99,1,2.7
2592,CA-2012-138219,2012-03-23,2012-03-30,Bart Pistole,United States,Los Angeles,California,Paper,"REDIFORM Incoming/Outgoing Call Register, 11"" X 8 1/2"", 100 Messages",33.36,4,16.68
2593,CA-2013-157707,2013-10-11,2013-10-13,Corey Catlett,United States,Denver,Colorado,Bookcases,"Bush Westfield Collection Bookcases, Dark Cherry Finish, Fully Assembled",90.88,3,-190.85
2594,CA-2013-157707,2013-10-11,2013-10-13,Corey Catlett,United States,Denver,Colorado,Phones,iOttie HLCRIO102 Car Mount,15.99,1,-3.0
2595,CA-2013-157707,2013-10-11,2013-10-13,Corey Catlett,United States,Denver,Colorado,Chairs,"Global Manager's Adjustable Task Chair, Storm",120.78,1,13.59
2596,CA-2012-113040,2012-08-27,2012-08-31,Chad Cunningham,United States,Los Angeles,California,Binders,Avery Heavy-Duty EZD View Binder with Locking Rings,5.1,1,1.66
2597,CA-2013-151498,2013-04-22,2013-04-25,Duane Noonan,United States,Seattle,Washington,Binders,Round Ring Binders,8.32,5,2.81
2598,US-2012-165743,2012-11-20,2012-11-23,Michelle Moray,United States,Aurora,Colorado,Binders,Wilson Jones Custom Binder Spines & Labels,4.9,3,-3.43
2599,US-2012-165743,2012-11-20,2012-11-23,Michelle Moray,United States,Aurora,Colorado,Bookcases,Sauder Barrister Bookcases,145.76,6,-247.8
2600,US-2012-165743,2012-11-20,2012-11-23,Michelle Moray,United States,Aurora,Colorado,Binders,Wilson Jones 14 Line Acrylic Coated Pressboard Data Binders,9.61,6,-7.37
2601,US-2014-105998,2014-11-04,2014-11-06,Clay Rozendal,United States,San Diego,California,Accessories,Microsoft Sculpt Comfort Mouse,199.75,5,87.89
2602,US-2014-105998,2014-11-04,2014-11-06,Clay Rozendal,United States,San Diego,California,Tables,Chromcraft Round Conference Tables,1673.18,12,20.91
2603,US-2011-148194,2011-05-04,2011-05-07,Bill Shonely,United States,Seattle,Washington,Furnishings,"Eldon Regeneration Recycled Desk Accessories, Smoke",12.18,7,3.9
2604,US-2011-148194,2011-05-04,2011-05-07,Bill Shonely,United States,Seattle,Washington,Appliances,Holmes Odor Grabber,57.68,4,19.03
2605,CA-2012-110870,2012-12-12,2012-12-15,Karen Daniels,United States,Los Angeles,California,Accessories,Logitech Wireless Marathon Mouse M705,299.94,6,128.97
2606,CA-2012-110870,2012-12-12,2012-12-15,Karen Daniels,United States,Los Angeles,California,Fasteners,Staples,25.76,7,0.52
2607,CA-2013-139808,2013-10-08,2013-10-12,Mick Crebagga,United States,Marysville,Washington,Fasteners,"Alliance Super-Size Bands, Assorted Sizes",93.36,12,0.93
2608,US-2012-136427,2012-06-20,2012-06-23,Justin MacKendrick,United States,Aurora,Colorado,Phones,Griffin GC36547 PowerJolt SE Lightning Charger,125.94,7,15.74
2609,CA-2014-114804,2014-10-18,2014-10-20,Barry Französisch,United States,Modesto,California,Phones,Panasonic KX-TG6844B Expandable Digital Cordless Telephone,52.79,1,4.62
2610,CA-2014-109393,2014-07-01,2014-07-03,John Castell,United States,Los Angeles,California,Bookcases,"Sauder Facets Collection Library, Sky Alder Finish",436.0,3,5.13
2611,CA-2014-121489,2014-08-22,2014-08-26,Candace McMahon,United States,Seattle,Washington,Chairs,"Padded Folding Chairs, Black, 4/Carton",388.7,6,38.87
2612,CA-2014-121489,2014-08-22,2014-08-26,Candace McMahon,United States,Seattle,Washington,Storage,Fellowes Stor/Drawer Steel Plus Storage Drawers,572.58,6,34.35
2613,CA-2014-121489,2014-08-22,2014-08-26,Candace McMahon,United States,Seattle,Washington,Accessories,Kensington K72356US Mouse-in-a-Box USB Desktop Mouse,33.18,2,11.61
2614,CA-2014-165008,2014-09-16,2014-09-18,Doug O'Connell,United States,Salt Lake City,Utah,Binders,"Avery Trapezoid Ring Binder, 3"" Capacity, Black, 1040 sheets",295.06,9,106.96
2615,CA-2012-121188,2012-08-28,2012-09-04,Cassandra Brandow,United States,Los Angeles,California,Storage,"Hot File 7-Pocket, Floor Stand",892.35,5,267.71
2616,CA-2012-121188,2012-08-28,2012-09-04,Cassandra Brandow,United States,Los Angeles,California,Bookcases,O'Sullivan 2-Door Barrister Bookcase in Odessa Pine,307.67,2,28.96
2617,CA-2012-121188,2012-08-28,2012-09-04,Cassandra Brandow,United States,Los Angeles,California,Storage,Carina Double Wide Media Storage Towers in Natural & Black,728.82,9,29.15
2618,CA-2012-121188,2012-08-28,2012-09-04,Cassandra Brandow,United States,Los Angeles,California,Binders,GBC Wire Binding Combs,41.36,5,13.96
2619,CA-2012-121188,2012-08-28,2012-09-04,Cassandra Brandow,United States,Los Angeles,California,Phones,invisibleSHIELD by ZAGG Smudge-Free Screen Protector,43.18,3,15.11
2620,CA-2012-121188,2012-08-28,2012-09-04,Cassandra Brandow,United States,Los Angeles,California,Furnishings,Eldon Wave Desk Accessories,4.16,2,1.75
2621,US-2012-160563,2012-10-20,2012-10-24,Noel Staavos,United States,San Francisco,California,Accessories,Logitech G602 Wireless Gaming Mouse,239.97,3,86.39
2622,US-2012-160563,2012-10-20,2012-10-24,Noel Staavos,United States,San Francisco,California,Furnishings,Acrylic Self-Standing Desk Frames,16.02,6,6.09
2623,CA-2012-150714,2012-10-26,2012-11-01,Kristen Hastings,United States,Springfield,Oregon,Labels,Avery 477,146.54,6,47.63
2624,CA-2012-150714,2012-10-26,2012-11-01,Kristen Hastings,United States,Springfield,Oregon,Paper,Xerox 1914,131.9,3,47.82
2625,CA-2012-150714,2012-10-26,2012-11-01,Kristen Hastings,United States,Springfield,Oregon,Appliances,Tripp Lite TLP810NET Broadband Surge for Modem/Fax,203.88,5,20.39
2626,CA-2012-150714,2012-10-26,2012-11-01,Kristen Hastings,United States,Springfield,Oregon,Binders,Avery Self-Adhesive Photo Pockets for Polaroid Photos,14.3,7,-10.49
2627,CA-2012-150714,2012-10-26,2012-11-01,Kristen Hastings,United States,Springfield,Oregon,Storage,Fellowes Officeware Wire Shelving,718.64,10,-161.69
2628,CA-2013-106621,2013-09-30,2013-10-02,Dario Medina,United States,Yuma,Arizona,Art,Newell 351,10.5,4,1.18
2629,CA-2012-107020,2012-07-10,2012-07-14,Mike Vittorini,United States,San Bernardino,California,Binders,Large Capacity Hanging Post Binders,39.92,2,12.97
2630,CA-2011-101392,2011-12-07,2011-12-13,Ann Steele,United States,Seattle,Washington,Storage,Advantus Rolling Drawer Organizers,269.36,7,70.03
2631,CA-2012-127502,2012-12-10,2012-12-14,Meg Tillman,United States,San Francisco,California,Labels,Avery File Folder Labels,5.76,2,2.82
2632,CA-2014-133046,2014-07-28,2014-08-02,Dennis Kane,United States,Seattle,Washington,Fasteners,Staples,23.88,3,10.51
2633,CA-2014-133046,2014-07-28,2014-08-02,Dennis Kane,United States,Seattle,Washington,Paper,"Message Book, Phone, Wirebound Standard Line Memo, 2 3/4"" X 5""",26.2,4,12.05
2634,CA-2014-133046,2014-07-28,2014-08-02,Dennis Kane,United States,Seattle,Washington,Paper,Xerox 227,12.96,2,6.22
2635,CA-2014-133046,2014-07-28,2014-08-02,Dennis Kane,United States,Seattle,Washington,Accessories,Sony Micro Vault Click 8 GB USB 2.0 Flash Drive,234.95,5,32.89
2636,CA-2014-122798,2014-12-29,2015-01-02,Susan Vittorini,United States,Albuquerque,New Mexico,Storage,Eldon Mobile Mega Data Cart  Mega Stackable  Add-On Trays,118.25,5,34.29
2637,CA-2014-122798,2014-12-29,2015-01-02,Susan Vittorini,United States,Albuquerque,New Mexico,Paper,Xerox 1953,4.28,1,1.93
2638,CA-2013-169663,2013-03-11,2013-03-14,Rick Huthwaite,United States,Los Angeles,California,Accessories,Kingston Digital DataTraveler 16GB USB 2.0,26.85,3,5.1
2639,CA-2013-169663,2013-03-11,2013-03-14,Rick Huthwaite,United States,Los Angeles,California,Machines,Okidata MB760 Printer,3357.6,3,377.73
2640,CA-2012-149846,2012-05-22,2012-05-26,Sarah Brown,United States,Los Angeles,California,Labels,Avery 476,8.26,2,3.8
2641,CA-2012-149846,2012-05-22,2012-05-26,Sarah Brown,United States,Los Angeles,California,Machines,Zebra GX420t Direct Thermal/Thermal Transfer Printer,2973.32,7,334.5
2642,CA-2012-149846,2012-05-22,2012-05-26,Sarah Brown,United States,Los Angeles,California,Storage,Pizazz Global Quick File,104.79,7,29.34
2643,CA-2012-149846,2012-05-22,2012-05-26,Sarah Brown,United States,Los Angeles,California,Phones,Aastra 57i VoIP phone,775.73,6,58.18
2644,CA-2014-101014,2014-08-30,2014-09-05,Rick Wilson,United States,Los Angeles,California,Furnishings,Electrix Fluorescent Magnifier Lamps & Weighted Base,148.02,3,41.45
2645,US-2014-113201,2014-07-01,2014-07-06,Thomas Thornton,United States,Los Angeles,California,Paper,Xerox 1919,204.95,5,100.43
2646,CA-2013-116722,2013-11-12,2013-11-17,Liz Pelletier,United States,San Francisco,California,Furnishings,Magnifier Swing Arm Lamp,41.96,2,10.91
2647,CA-2013-116722,2013-11-12,2013-11-17,Liz Pelletier,United States,San Francisco,California,Chairs,Hon Every-Day Series Multi-Task Chairs,451.15,3,0.0
2648,CA-2013-116722,2013-11-12,2013-11-17,Liz Pelletier,United States,San Francisco,California,Binders,Avery Poly Binder Pockets,31.5,11,11.03
2649,US-2014-150070,2014-09-08,2014-09-13,Joseph Airdo,United States,Modesto,California,Chairs,Global Low Back Tilter Chair,161.57,2,-28.27
2650,CA-2011-127866,2011-07-20,2011-07-23,Jonathan Doherty,United States,Riverside,California,Accessories,"Maxell 74 Minute CD-R Spindle, 50/Pack",41.94,2,15.1
2651,CA-2011-127866,2011-07-20,2011-07-23,Jonathan Doherty,United States,Riverside,California,Paper,Xerox 1965,11.96,2,5.86
2652,CA-2011-127866,2011-07-20,2011-07-23,Jonathan Doherty,United States,Riverside,California,Art,Newell 348,13.12,4,3.8
2653,CA-2011-127866,2011-07-20,2011-07-23,Jonathan Doherty,United States,Riverside,California,Storage,"Hot File 7-Pocket, Floor Stand",535.41,3,160.62
2654,CA-2012-121776,2012-02-16,2012-02-21,Rob Dowd,United States,Los Angeles,California,Paper,Xerox 1881,36.84,3,17.31
2655,CA-2012-121776,2012-02-16,2012-02-21,Rob Dowd,United States,Los Angeles,California,Labels,Avery 485,87.71,7,41.22
2656,CA-2013-100993,2013-02-05,2013-02-10,Annie Zypern,United States,San Diego,California,Labels,Avery 508,14.73,3,7.22
2657,CA-2013-100993,2013-02-05,2013-02-10,Annie Zypern,United States,San Diego,California,Storage,"Fellowes Mobile File Cart, Black",186.54,3,50.37
2658,CA-2013-100993,2013-02-05,2013-02-10,Annie Zypern,United States,San Diego,California,Tables,Chromcraft Round Conference Tables,557.73,4,6.97
2659,CA-2013-100993,2013-02-05,2013-02-10,Annie Zypern,United States,San Diego,California,Phones,Anker Astro 15000mAh USB Portable Charger,159.97,4,-31.99
2660,US-2013-131058,2013-12-28,2014-01-01,Eugene Moren,United States,Santa Ana,California,Labels,Avery File Folder Labels,20.16,7,9.88
2661,CA-2014-140151,2014-03-24,2014-03-26,Raymond Buch,United States,Seattle,Washington,Storage,Acco Perma 4000 Stacking Storage Drawers,32.48,2,4.87
2662,CA-2014-140151,2014-03-24,2014-03-26,Raymond Buch,United States,Seattle,Washington,Paper,Xerox 1898,20.04,3,9.62
2663,CA-2014-140151,2014-03-24,2014-03-26,Raymond Buch,United States,Seattle,Washington,Copiers,Canon imageCLASS 2200 Advanced Copier,13999.96,4,6719.98
2664,CA-2013-103464,2013-11-19,2013-11-23,Patrick Gardner,United States,San Diego,California,Accessories,WD My Passport Ultra 2TB Portable External Hard Drive,595.0,5,95.2
2665,CA-2012-168207,2012-11-02,2012-11-06,Liz Thompson,United States,San Diego,California,Furnishings,Contemporary Wood/Metal Frame,96.96,6,33.94
2666,CA-2012-168207,2012-11-02,2012-11-06,Liz Thompson,United States,San Diego,California,Binders,GBC Premium Transparent Covers with Diagonal Lined Pattern,117.49,7,41.12
2667,CA-2012-168207,2012-11-02,2012-11-06,Liz Thompson,United States,San Diego,California,Binders,Cardinal Holdit Business Card Pockets,11.95,3,4.18
2668,CA-2012-168207,2012-11-02,2012-11-06,Liz Thompson,United States,San Diego,California,Bookcases,O'Sullivan Living Dimensions 3-Shelf Bookcases,512.5,3,-30.15
2669,CA-2013-144148,2013-08-01,2013-08-06,Anna Häberlin,United States,San Francisco,California,Tables,Laminate Occasional Tables,863.13,7,-32.37
2670,CA-2014-107174,2014-11-07,2014-11-14,Adam Bellavance,United States,Seattle,Washington,Tables,Hon 5100 Series Wood Tables,2036.86,7,366.63
2671,CA-2014-107174,2014-11-07,2014-11-14,Adam Bellavance,United States,Seattle,Washington,Chairs,Hon 2090 Pillow Soft Series Mid Back Swivel/Tilt Chairs,449.57,2,-73.05
2672,CA-2014-107174,2014-11-07,2014-11-14,Adam Bellavance,United States,Seattle,Washington,Accessories,SanDisk Cruzer 64 GB USB Flash Drive,108.96,3,32.69
2673,CA-2011-114125,2011-07-09,2011-07-13,Gary Hansen,United States,Los Angeles,California,Labels,Avery 49,2.88,1,1.41
2674,CA-2011-114125,2011-07-09,2011-07-13,Gary Hansen,United States,Los Angeles,California,Binders,Wilson Jones Leather-Like Binders with DublLock Round Rings,41.9,6,14.14
2675,CA-2011-114125,2011-07-09,2011-07-13,Gary Hansen,United States,Los Angeles,California,Storage,"Perma STOR-ALL Hanging File Box, 13 1/8""W x 12 1/4""D x 10 1/2""H",23.92,4,4.07
2676,CA-2014-149699,2014-12-23,2014-12-25,Chad McGuire,United States,Los Angeles,California,Accessories,Kensington Expert Mouse Optical USB Trackball for PC or Mac,474.95,5,142.49
2677,CA-2013-166429,2013-09-03,2013-09-09,Toby Gnade,United States,Des Moines,Washington,Copiers,Hewlett Packard 610 Color Digital Copier / Printer,999.98,2,449.99
2678,CA-2012-112767,2012-08-02,2012-08-06,Darren Koutras,United States,Springfield,Oregon,Tables,Balt Split Level Computer Training Table,277.5,4,-188.7
2679,CA-2012-136700,2012-12-06,2012-12-11,David Bremer,United States,Santa Barbara,California,Paper,Spiral Phone Message Books with Labels by Adams,8.96,2,4.39
2680,CA-2013-104633,2013-06-13,2013-06-17,Erin Ashbrook,United States,Pasadena,California,Paper,"IBM Multi-Purpose Copy Paper, 8 1/2 x 11"", Case",185.88,6,83.65
2681,CA-2013-104633,2013-06-13,2013-06-17,Erin Ashbrook,United States,Pasadena,California,Paper,Xerox 228,12.96,2,6.22
2682,CA-2011-158225,2011-09-22,2011-09-28,Sanjit Engle,United States,San Jose,California,Storage,"File Shuttle II and Handi-File, Black",169.45,5,42.36
2683,CA-2011-158225,2011-09-22,2011-09-28,Sanjit Engle,United States,San Jose,California,Storage,Tennsco Commercial Shelving,40.68,2,0.41
2684,CA-2011-109897,2011-08-12,2011-08-16,Ben Wallace,United States,San Francisco,California,Phones,BlackBerry Q10,806.34,8,50.4
2685,CA-2011-109897,2011-08-12,2011-08-16,Ben Wallace,United States,San Francisco,California,Furnishings,"Seth Thomas 14"" Day/Date Wall Clock",85.44,3,31.61
2686,CA-2014-152310,2014-08-13,2014-08-20,Dana Kaydos,United States,Seattle,Washington,Copiers,Hewlett Packard 310 Color Digital Copier,299.99,1,90.0
2687,CA-2014-152310,2014-08-13,2014-08-20,Dana Kaydos,United States,Seattle,Washington,Paper,Xerox 1937,192.16,4,92.24
2688,CA-2014-152310,2014-08-13,2014-08-20,Dana Kaydos,United States,Seattle,Washington,Phones,Grandstream GXP1160 VoIP phone,242.62,8,27.3
2689,CA-2014-152310,2014-08-13,2014-08-20,Dana Kaydos,United States,Seattle,Washington,Storage,Personal File Boxes with Fold-Down Carry Handle,46.74,3,11.69
2690,CA-2014-152310,2014-08-13,2014-08-20,Dana Kaydos,United States,Seattle,Washington,Accessories,"Perixx PERIBOARD-512B, Ergonomic Split Keyboard",174.95,5,12.25
2691,CA-2014-152310,2014-08-13,2014-08-20,Dana Kaydos,United States,Seattle,Washington,Binders,Avery Legal 4-Ring Binder,100.7,6,37.76
2692,CA-2013-139549,2013-10-21,2013-10-26,Muhammed Yedwab,United States,El Cajon,California,Chairs,Hon Every-Day Chair Series Swivel Task Chairs,387.14,4,4.84
2693,US-2014-168802,2014-11-04,2014-11-08,Jack O'Briant,United States,Seattle,Washington,Binders,Binder Posts,18.37,4,5.97
2694,US-2011-103338,2011-03-11,2011-03-15,Richard Bierner,United States,Roseville,California,Art,Economy #2 Pencils,7.98,3,2.07
2695,US-2014-167318,2014-07-27,2014-08-02,George Zrebassa,United States,Los Angeles,California,Accessories,Logitech Z-906 Speaker sys - home theater - 5.1-CH,1649.95,5,659.98
2696,US-2014-167318,2014-07-27,2014-08-02,George Zrebassa,United States,Los Angeles,California,Chairs,"Global Airflow Leather Mesh Back Chair, Black",362.35,3,45.29
2697,US-2011-120313,2011-10-31,2011-11-02,Nancy Lomonaco,United States,San Francisco,California,Phones,Motorola L804,73.58,2,8.28
2698,CA-2014-135419,2014-11-04,2014-11-10,Bruce Geld,United States,Bakersfield,California,Tables,"SAFCO PlanMaster Boards, 60w x 37-1/2d, White Melamine",486.37,4,36.48
2699,CA-2013-149335,2013-07-26,2013-07-26,Becky Castell,United States,San Francisco,California,Art,Newell 325,37.17,9,11.15
2700,CA-2014-135076,2014-04-14,2014-04-18,Yana Sorensen,United States,Hesperia,California,Chairs,"Global Wood Trimmed Manager's Task Chair, Khaki",436.7,6,-38.21
2701,CA-2014-141481,2014-06-12,2014-06-15,Zuschuss Donatelli,United States,Los Angeles,California,Appliances,Kensington 6 Outlet Guardian Standard Surge Protector,61.44,3,16.59
2702,CA-2011-110555,2011-04-11,2011-04-18,Michelle Moray,United States,Great Falls,Montana,Storage,Eldon Simplefile Box Office,87.08,7,24.38
2703,CA-2011-110555,2011-04-11,2011-04-18,Michelle Moray,United States,Great Falls,Montana,Phones,AT&T SB67148 SynJ,105.58,2,9.24
2704,CA-2011-110555,2011-04-11,2011-04-18,Michelle Moray,United States,Great Falls,Montana,Accessories,Memorex Mini Travel Drive 64 GB USB 2.0 Flash Drive,217.44,6,91.32
2705,CA-2014-157273,2014-01-31,2014-02-03,Sam Zeldin,United States,Seattle,Washington,Phones,Mitel 5320 IP Phone VoIP phone,604.77,4,60.48
2706,CA-2011-109918,2011-09-07,2011-09-12,Lisa Ryan,United States,Santa Clara,California,Supplies,"Acme Design Line 8"" Stainless Steel Bent Scissors w/Champagne Handles, 3-1/8"" Cut",27.36,4,7.39
2707,CA-2011-109918,2011-09-07,2011-09-12,Lisa Ryan,United States,Santa Clara,California,Paper,"Message Book, Wirebound, Four 5 1/2"" X 4"" Forms/Pg., 200 Dupl. Sets/Book",20.56,2,9.66
2708,CA-2011-109918,2011-09-07,2011-09-12,Lisa Ryan,United States,Santa Clara,California,Binders,Avery Legal 4-Ring Binder,83.92,5,31.47
2709,CA-2013-118745,2013-06-12,2013-06-17,Seth Vernon,United States,Los Angeles,California,Tables,Bretford Rectangular Conference Table Tops,902.71,3,33.85
2710,CA-2013-163972,2013-10-18,2013-10-22,Michael Granlund,United States,Fresno,California,Bookcases,"Safco Value Mate Steel Bookcase, Baked Enamel Finish on Steel, Black",120.67,2,21.29
2711,CA-2013-113726,2013-11-25,2013-12-02,Steve Carroll,United States,Seattle,Washington,Furnishings,Howard Miller Distant Time Traveler Alarm Clock,82.26,3,33.73
2712,CA-2013-152940,2013-11-11,2013-11-14,Rose O'Brian,United States,San Francisco,California,Storage,Acco Perma 2700 Stacking Storage Drawers,29.74,1,4.46
2713,CA-2012-158701,2012-01-05,2012-01-10,James Lanier,United States,San Francisco,California,Appliances,Acco 6 Outlet Guardian Premium Surge Suppressor,87.36,6,23.59
2714,CA-2012-158701,2012-01-05,2012-01-10,James Lanier,United States,San Francisco,California,Binders,Fellowes Binding Cases,56.16,6,17.55
2715,CA-2013-134544,2013-03-18,2013-03-20,Anna Chung,United States,San Francisco,California,Phones,i.Sound Portable Power - 8000 mAh,84.78,2,-20.14
2716,CA-2014-137582,2014-09-05,2014-09-09,Cynthia Voltz,United States,Oakland,California,Binders,Pressboard Hanging Data Binders for Unburst Sheets,11.81,3,4.13
2717,CA-2014-153227,2014-12-05,2014-12-07,Chris Selesnick,United States,Los Angeles,California,Paper,"Adams Telephone Message Book W/Dividers/Space For Phone Numbers, 5 1/4""X8 1/2"", 300/Messages",11.76,2,5.76
2718,CA-2012-133837,2012-04-13,2012-04-18,Thea Hendricks,United States,Glendale,Arizona,Storage,"Neat Ideas Personal Hanging Folder Files, Black",10.74,1,0.81
2719,CA-2013-154067,2013-02-01,2013-02-07,Suzanne McNair,United States,Los Angeles,California,Paper,Xerox 1883,105.52,4,48.54
2720,CA-2012-134082,2012-12-11,2012-12-17,Jim Kriz,United States,San Bernardino,California,Binders,GBC Recycled Grain Textured Covers,110.53,4,38.68
2721,CA-2014-118199,2014-05-10,2014-05-12,Laurel Beltran,United States,Seattle,Washington,Binders,"GBC Velobind Prepunched Cover Sets, Regency Series",147.92,5,46.23
2722,CA-2014-118199,2014-05-10,2014-05-12,Laurel Beltran,United States,Seattle,Washington,Storage,Home/Office Personal File Carts,104.28,3,26.07
2723,CA-2014-118199,2014-05-10,2014-05-12,Laurel Beltran,United States,Seattle,Washington,Tables,"Riverside Furniture Oval Coffee Table, Oval End Table, End Table with Drawer",286.85,1,63.11
2724,CA-2014-118199,2014-05-10,2014-05-12,Laurel Beltran,United States,Seattle,Washington,Storage,Rogers Profile Extra Capacity Storage Tub,66.96,4,2.68
2725,CA-2014-118199,2014-05-10,2014-05-12,Laurel Beltran,United States,Seattle,Washington,Accessories,Razer Kraken 7.1 Surround Sound Over Ear USB Gaming Headset,199.98,2,87.99
2726,CA-2012-128356,2012-10-02,2012-10-07,Resi Pölking,United States,Thornton,Colorado,Supplies,"Acme Design Line 8"" Stainless Steel Bent Scissors w/Champagne Handles, 3-1/8"" Cut",10.94,2,0.96
2727,US-2014-132220,2014-11-13,2014-11-17,Don Jones,United States,Tempe,Arizona,Accessories,SanDisk Ultra 16 GB MicroSDHC Class 10 Memory Card,62.35,6,-10.91
2728,CA-2012-151470,2012-09-20,2012-09-26,Anne McFarland,United States,Las Vegas,Nevada,Binders,Wilson Jones Impact Binders,45.58,11,16.52
2729,CA-2011-108861,2011-05-28,2011-06-01,Magdelene Morse,United States,Seattle,Washington,Binders,"Green Canvas Binder for 8-1/2"" x 14"" Sheets",136.96,4,51.36
2730,CA-2014-145779,2014-05-07,2014-05-11,Doug Bickford,United States,Tucson,Arizona,Paper,Xerox 1883,84.42,4,27.44
2731,CA-2011-131387,2011-04-28,2011-04-30,Arianne Irving,United States,San Francisco,California,Phones,Samsung Galaxy Mega 6.3,1679.96,5,126.0
2732,CA-2013-154081,2013-05-23,2013-05-30,Jim Epp,United States,Los Angeles,California,Phones,Nortel Business Series Terminal T7208 Digital phone,222.38,2,22.24
2733,CA-2011-100881,2011-03-28,2011-04-01,Daniel Raglin,United States,Albuquerque,New Mexico,Phones,AT&T TR1909W,302.38,3,22.68
2734,CA-2012-144043,2012-05-10,2012-05-15,Alan Barnes,United States,Louisville,Colorado,Accessories,Belkin Standard 104 key USB Keyboard,46.69,4,-2.92
2735,CA-2013-168557,2013-09-20,2013-09-24,Frank Hawley,United States,San Francisco,California,Binders,Avery Heavy-Duty EZD  Binder With Locking Rings,8.93,2,3.12
2736,CA-2014-134880,2014-10-28,2014-11-02,Tamara Willingham,United States,Mesa,Arizona,Paper,Xerox 1882,44.78,1,16.23
2737,CA-2014-158736,2014-12-19,2014-12-25,Tonja Turnell,United States,San Francisco,California,Art,Newell 335,5.76,2,1.67
2738,US-2013-119270,2013-03-13,2013-03-17,Scot Wooten,United States,Los Angeles,California,Paper,Hammermill Color Copier Paper (28Lb. and 96 Bright),19.98,2,8.99
2739,CA-2014-142391,2014-09-25,2014-09-25,Philip Brown,United States,Seattle,Washington,Furnishings,12-1/2 Diameter Round Wall Clock,199.8,10,71.93
2740,CA-2014-124716,2014-03-28,2014-04-01,Brendan Dodson,United States,Fresno,California,Paper,Xerox 1982,45.68,2,21.01
2741,CA-2014-124716,2014-03-28,2014-04-01,Brendan Dodson,United States,Fresno,California,Paper,Xerox 1913,110.96,2,53.26
2742,CA-2014-124716,2014-03-28,2014-04-01,Brendan Dodson,United States,Fresno,California,Paper,Unpadded Memo Slips,11.94,3,5.97
2743,CA-2014-106824,2014-07-08,2014-07-12,Annie Thurman,United States,Los Angeles,California,Fasteners,"Brites Rubber Bands, 1 1/2 oz. Box",5.94,3,0.12
2744,CA-2013-143154,2013-12-03,2013-12-09,Alan Schoenberger,United States,Longmont,Colorado,Accessories,WD My Passport Ultra 1TB Portable External Hard Drive,165.6,3,-6.21
2745,CA-2012-102316,2012-02-29,2012-03-03,Dave Hallsten,United States,Los Angeles,California,Phones,Square Credit Card Reader,15.98,2,1.2
2746,CA-2012-102316,2012-02-29,2012-03-03,Dave Hallsten,United States,Los Angeles,California,Chairs,Global Deluxe Steno Chair,184.75,3,-20.78
2747,CA-2011-164903,2011-02-21,2011-02-25,Steven Roelle,United States,Los Angeles,California,Paper,Xerox 204,12.96,2,6.22
2748,CA-2014-133074,2014-09-22,2014-09-26,Doug Bickford,United States,San Francisco,California,Paper,"Adams Telephone Message Book w/Frequently-Called Numbers Space, 400 Messages per Book",55.86,7,27.93
2749,CA-2014-137624,2014-11-11,2014-11-18,Maria Etezadi,United States,Los Angeles,California,Chairs,"Global Leather & Oak Executive Chair, Burgundy",241.42,2,-36.21
2750,US-2011-163146,2011-05-16,2011-05-20,Cindy Chapman,United States,San Francisco,California,Accessories,Imation Clip USB flash drive - 8 GB,56.4,3,3.38
2751,CA-2014-147354,2014-03-10,2014-03-14,Karl Braun,United States,Los Angeles,California,Copiers,Hewlett Packard 310 Color Digital Copier,479.98,2,60.0
2752,CA-2014-147354,2014-03-10,2014-03-14,Karl Braun,United States,Los Angeles,California,Binders,DXL Angle-View Binders with Locking Rings by Samsill,30.84,5,9.64
2753,CA-2012-149566,2012-12-05,2012-12-10,George Bell,United States,Los Angeles,California,Accessories,Memorex Micro Travel Drive 8 GB,39.0,3,17.55
2754,CA-2012-149566,2012-12-05,2012-12-10,George Bell,United States,Los Angeles,California,Labels,Avery 488,12.6,4,6.05
2755,CA-2012-126186,2012-09-11,2012-09-12,George Bell,United States,Aurora,Colorado,Furnishings,Deflect-O Glasstique Clear Desk Accessories,24.64,4,4.0
2756,CA-2011-159849,2011-09-19,2011-09-19,Jim Kriz,United States,San Francisco,California,Fasteners,Revere Boxed Rubber Bands by Revere,5.67,3,0.11
2757,CA-2011-104808,2011-02-05,2011-02-09,Mark Haberlin,United States,Escondido,California,Binders,"GBC Standard Recycled Report Covers, Clear Plastic Sheets",17.25,2,6.04
2758,CA-2014-162012,2014-07-12,2014-07-19,Karen Bern,United States,Los Angeles,California,Accessories,Logitech P710e Mobile Speakerphone,1287.45,5,244.62
2759,CA-2014-162012,2014-07-12,2014-07-19,Karen Bern,United States,Los Angeles,California,Appliances,Fellowes 8 Outlet Superior Workstation Surge Protector w/o Phone/Fax/Modem Protection,168.1,5,43.71
2760,CA-2014-101700,2014-04-24,2014-04-27,Sean O'Donnell,United States,Greeley,Colorado,Fasteners,Staples,18.69,2,7.01
2761,CA-2014-101700,2014-04-24,2014-04-27,Sean O'Donnell,United States,Greeley,Colorado,Furnishings,"Eldon Imàge Series Desk Accessories, Clear",11.66,3,3.35
2762,US-2013-117387,2013-10-28,2013-11-01,Pete Armstrong,United States,San Francisco,California,Binders,Avery Legal 4-Ring Binder,67.14,4,25.18
2763,CA-2011-141110,2011-11-26,2011-12-01,Luke Schmidt,United States,Fresno,California,Binders,Wilson Jones Easy Flow II Sheet Lifters,4.32,3,1.51
2764,CA-2011-141110,2011-11-26,2011-12-01,Luke Schmidt,United States,Fresno,California,Paper,Xerox 1970,14.94,3,7.02
2765,CA-2011-141110,2011-11-26,2011-12-01,Luke Schmidt,United States,Fresno,California,Appliances,Fellowes Mighty 8 Compact Surge Protector,40.54,2,11.35
2766,CA-2011-141110,2011-11-26,2011-12-01,Luke Schmidt,United States,Fresno,California,Binders,SpineVue Locking Slant-D Ring Binders by Cardinal,7.31,1,2.56
2767,US-2011-133949,2011-12-31,2011-12-31,James Lanier,United States,Reno,Nevada,Phones,Panasonic KX TS3282W Corded phone,475.94,7,59.49
2768,CA-2014-123624,2014-11-14,2014-11-18,Sanjit Engle,United States,Oxnard,California,Accessories,Kensington K72356US Mouse-in-a-Box USB Desktop Mouse,82.95,5,29.03
2769,CA-2013-146437,2013-01-28,2013-02-01,Henry Goldwyn,United States,Los Angeles,California,Art,Newell 345,39.68,2,10.32
2770,CA-2013-138233,2013-11-10,2013-11-15,Philip Fox,United States,Oakland,California,Accessories,Logitech Wireless Gaming Headset G930,479.97,3,177.59
2771,CA-2013-165918,2013-09-11,2013-09-15,Bryan Davis,United States,Edmonds,Washington,Labels,Avery 487,7.38,2,3.47
2772,CA-2013-165918,2013-09-11,2013-09-15,Bryan Davis,United States,Edmonds,Washington,Binders,Storex Dura Pro Binders,14.26,3,4.46
2773,CA-2013-165918,2013-09-11,2013-09-15,Bryan Davis,United States,Edmonds,Washington,Paper,Xerox 1945,81.98,2,40.17
2774,CA-2013-165918,2013-09-11,2013-09-15,Bryan Davis,United States,Edmonds,Washington,Binders,JM Magazine Binder,39.62,3,13.87
2775,CA-2014-117513,2014-03-04,2014-03-09,Bill Tyler,United States,Los Angeles,California,Tables,"Lesro Sheffield Collection Coffee Table, End Table, Center Table, Corner Table",399.67,7,-14.99
2776,US-2013-114230,2013-11-28,2013-12-02,Chris McAfee,United States,Phoenix,Arizona,Storage,Eldon Simplefile Box Office,39.81,4,3.98
2777,CA-2012-156118,2012-12-08,2012-12-12,Henry Goldwyn,United States,Colorado Springs,Colorado,Paper,Southworth Parchment Paper & Envelopes,15.7,3,5.1
2778,CA-2014-151281,2014-04-28,2014-05-03,Henry MacAllister,United States,Seattle,Washington,Furnishings,Luxo Economy Swing Arm Lamp,139.58,7,39.08
2779,CA-2014-147767,2014-12-03,2014-12-03,Susan Vittorini,United States,Peoria,Arizona,Binders,Vinyl Sectional Post Binders,67.86,6,-45.24
2780,CA-2013-113341,2013-11-26,2013-11-30,Mark Hamilton,United States,Los Angeles,California,Chairs,"Padded Folding Chairs, Black, 4/Carton",194.35,3,19.44
2781,CA-2011-142769,2011-09-13,2011-09-13,Resi Pölking,United States,Seattle,Washington,Fasteners,OIC Thumb-Tacks,5.7,5,2.68
2782,CA-2011-142769,2011-09-13,2011-09-13,Resi Pölking,United States,Seattle,Washington,Furnishings,C-Line Cubicle Keepers Polyproplyene Holder With Velcro Backings,14.19,3,5.53
2783,CA-2011-142769,2011-09-13,2011-09-13,Resi Pölking,United States,Seattle,Washington,Supplies,Acme Value Line Scissors,7.3,2,2.19
2784,CA-2011-142769,2011-09-13,2011-09-13,Resi Pölking,United States,Seattle,Washington,Accessories,Logitech Wireless Performance Mouse MX for PC and Mac,199.98,2,75.99
2785,CA-2011-142769,2011-09-13,2011-09-13,Resi Pölking,United States,Seattle,Washington,Accessories,Memorex Mini Travel Drive 64 GB USB 2.0 Flash Drive,144.96,4,60.88
2786,CA-2011-142769,2011-09-13,2011-09-13,Resi Pölking,United States,Seattle,Washington,Accessories,WD My Passport Ultra 500GB Portable External Hard Drive,118.0,2,20.06
2787,CA-2011-142769,2011-09-13,2011-09-13,Resi Pölking,United States,Seattle,Washington,Paper,Xerox 1942,48.94,1,24.47
2788,CA-2011-142769,2011-09-13,2011-09-13,Resi Pölking,United States,Seattle,Washington,Appliances,"Holmes Replacement Filter for HEPA Air Cleaner, Medium Room",22.66,2,9.74
2789,CA-2014-126634,2014-03-31,2014-04-02,Alan Barnes,United States,Lakewood,California,Furnishings,Flat Face Poster Frame,94.2,5,39.56
2790,CA-2013-118500,2013-11-18,2013-11-19,Heather Jas,United States,San Francisco,California,Supplies,Acme Tagit Stainless Steel Antibacterial Scissors,49.5,5,13.37
2791,CA-2013-149916,2013-12-23,2013-12-25,Emily Ducich,United States,Seattle,Washington,Binders,Wilson Jones International Size A4 Ring Binders,55.36,4,19.38
2792,CA-2013-149916,2013-12-23,2013-12-25,Emily Ducich,United States,Seattle,Washington,Machines,Texas Instrument TI-15 Fraction Calculator,11.56,1,3.76
2793,CA-2012-158918,2012-12-20,2012-12-25,Arianne Irving,United States,Los Angeles,California,Fasteners,Staples,17.12,4,7.7
2794,CA-2014-101665,2014-11-26,2014-12-02,Tracy Zic,United States,San Francisco,California,Art,DIXON Oriole Pencils,5.16,2,1.34
2795,CA-2013-155446,2013-12-17,2013-12-24,Tanja Norvell,United States,San Diego,California,Accessories,Imation USB 2.0 Swivel Flash Drive USB flash drive - 4 GB - Pink,21.21,7,4.45
2796,CA-2013-144015,2013-06-27,2013-06-27,Adam Hart,United States,Los Angeles,California,Supplies,Premier Electric Letter Opener,231.72,2,11.59
2797,CA-2013-144015,2013-06-27,2013-06-27,Adam Hart,United States,Los Angeles,California,Fasteners,OIC Binder Clips,17.9,5,8.95
2798,CA-2013-144015,2013-06-27,2013-06-27,Adam Hart,United States,Los Angeles,California,Paper,"Ampad Phone Message Book, Recycled, 400 Message Capacity, 5 ¾ x 11",12.48,2,5.62
2799,CA-2013-118311,2013-10-25,2013-10-29,Emily Ducich,United States,San Francisco,California,Accessories,NETGEAR N750 Dual Band Wi-Fi Gigabit Router,450.0,5,162.0
2800,CA-2014-127096,2014-09-16,2014-09-18,Christopher Schild,United States,San Francisco,California,Tables,Bretford Rectangular Conference Table Tops,300.9,1,11.28
2801,US-2011-132745,2011-10-01,2011-10-05,Neil Französisch,United States,Reno,Nevada,Fasteners,Sterling Rubber Bands by Alliance,4.71,1,0.0
2802,CA-2011-119144,2011-11-16,2011-11-18,Justin Deggeller,United States,Los Angeles,California,Phones,OtterBox Commuter Series Case - Samsung Galaxy S4,79.97,4,-17.99
2803,CA-2011-119144,2011-11-16,2011-11-18,Justin Deggeller,United States,Los Angeles,California,Bookcases,"Bush Andora Bookcase, Maple/Graphite Gray Finish",305.97,3,25.2
2804,CA-2011-119144,2011-11-16,2011-11-18,Justin Deggeller,United States,Los Angeles,California,Storage,Space Solutions HD Industrial Steel Shelving.,344.91,3,10.35
2805,CA-2011-105648,2011-03-03,2011-03-07,Eva Jacobs,United States,San Diego,California,Tables,"Bevis Oval Conference Table, Walnut",626.35,3,-23.49
2806,US-2012-145422,2012-12-03,2012-12-07,Pierre Wener,United States,San Francisco,California,Bookcases,"Sauder Forest Hills Library, Woodland Oak Finish",359.5,3,-29.61
2807,CA-2014-136623,2014-07-12,2014-07-17,Tom Stivers,United States,San Diego,California,Phones,Belkin iPhone and iPad Lightning Cable,71.95,6,5.4
2808,CA-2014-136623,2014-07-12,2014-07-17,Tom Stivers,United States,San Diego,California,Binders,"Acco Four Pocket Poly Ring Binder with Label Holder, Smoke, 1""",29.8,5,9.31
2809,CA-2014-148145,2014-03-19,2014-03-24,Scott Williamson,United States,Seattle,Washington,Art,Deluxe Chalkboard Eraser Cleaner,46.2,4,21.25
2810,CA-2014-116988,2014-06-28,2014-06-30,Pauline Webber,United States,Seattle,Washington,Paper,Xerox 1997,19.44,3,9.33
2811,CA-2014-116988,2014-06-28,2014-06-30,Pauline Webber,United States,Seattle,Washington,Furnishings,Executive Impressions Supervisor Wall Clock,126.3,3,40.42
2812,CA-2014-116988,2014-06-28,2014-06-30,Pauline Webber,United States,Seattle,Washington,Accessories,Logitech P710e Mobile Speakerphone,1287.45,5,244.62
2813,US-2012-144771,2012-10-02,2012-10-04,Chloris Kastensmidt,United States,Hillsboro,Oregon,Furnishings,9-3/4 Diameter Round Wall Clock,11.03,1,3.03
2814,US-2012-144771,2012-10-02,2012-10-04,Chloris Kastensmidt,United States,Hillsboro,Oregon,Accessories,SanDisk Ultra 32 GB MicroSDHC Class 10 Memory Card,53.04,3,-4.64
2815,CA-2014-128076,2014-02-03,2014-02-08,Bill Overfelt,United States,San Diego,California,Furnishings,Eldon Antistatic Chair Mats for Low to Medium Pile Carpets,210.58,2,12.63
2816,CA-2014-128076,2014-02-03,2014-02-08,Bill Overfelt,United States,San Diego,California,Binders,GBC Durable Plastic Covers,30.96,2,10.06
2817,CA-2014-128076,2014-02-03,2014-02-08,Bill Overfelt,United States,San Diego,California,Machines,"HP Officejet Pro 8600 e-All-In-One Printer, Copier, Scanner, Fax",239.98,2,39.0
2818,CA-2013-112578,2013-12-30,2014-01-03,Frank Olsen,United States,Sacramento,California,Storage,Project Tote Personal File,14.03,1,4.07
2819,CA-2013-112578,2013-12-30,2014-01-03,Frank Olsen,United States,Sacramento,California,Supplies,Fiskars Spring-Action Scissors,27.96,2,7.27
2820,CA-2013-151148,2013-09-13,2013-09-14,Philisse Overcash,United States,Louisville,Colorado,Phones,Lunatik TT5L-002 Taktik Strike Impact Protection System for iPhone 5,146.95,3,9.18
2821,CA-2013-151148,2013-09-13,2013-09-14,Philisse Overcash,United States,Louisville,Colorado,Chairs,"Global Stack Chair without Arms, Black",83.14,4,5.2
2822,CA-2012-165813,2012-03-20,2012-03-22,Bryan Mills,United States,Salem,Oregon,Storage,Portable Personal File Box,29.3,3,2.56
2823,CA-2013-116911,2013-09-16,2013-09-21,Justin Deggeller,United States,Twin Falls,Idaho,Binders,Avery Heavy-Duty EZD View Binder with Locking Rings,20.42,4,6.64
2824,CA-2013-116911,2013-09-16,2013-09-21,Justin Deggeller,United States,Twin Falls,Idaho,Tables,Bretford Rectangular Conference Table Tops,1128.39,3,259.53
2825,CA-2014-145765,2014-05-29,2014-06-03,Candace McMahon,United States,Phoenix,Arizona,Phones,Panasonic KX TS208W Corded phone,195.96,5,19.6
2826,CA-2014-145765,2014-05-29,2014-06-03,Candace McMahon,United States,Phoenix,Arizona,Paper,Xerox 230,15.55,3,5.44
2827,CA-2014-145765,2014-05-29,2014-06-03,Candace McMahon,United States,Phoenix,Arizona,Accessories,Logitech Gaming G510s - Keyboard,271.97,4,54.39
2828,CA-2011-162992,2011-12-19,2011-12-21,Bart Pistole,United States,Los Angeles,California,Labels,Avery 516,14.62,2,6.87
2829,CA-2011-162992,2011-12-19,2011-12-21,Bart Pistole,United States,Los Angeles,California,Fasteners,Advantus T-Pin Paper Clips,22.55,5,8.79
2830,CA-2011-162992,2011-12-19,2011-12-21,Bart Pistole,United States,Los Angeles,California,Phones,Wi-Ex zBoost YX540 Cellular Phone Signal Booster,583.8,5,72.98
2831,CA-2011-162992,2011-12-19,2011-12-21,Bart Pistole,United States,Los Angeles,California,Phones,Clarity 53712,211.17,4,15.84
2832,CA-2013-106397,2013-07-08,2013-07-14,Max Jones,United States,Orem,Utah,Paper,Xerox 226,12.96,2,6.22
2833,CA-2013-106397,2013-07-08,2013-07-14,Max Jones,United States,Orem,Utah,Art,Boston KS Multi-Size Manual Pencil Sharpener,45.98,2,12.87
2834,US-2014-100398,2014-08-20,2014-08-24,Denny Ordway,United States,Salt Lake City,Utah,Binders,"Wilson Jones Elliptical Ring 3 1/2"" Capacity Binders, 800 sheets",102.72,3,37.24
2835,CA-2014-120614,2014-05-31,2014-06-05,Suzanne McNair,United States,Los Angeles,California,Paper,"Rediform S.O.S. 1-Up Phone Message Bk, 4-1/4x3-1/16 Bk, 1 Form/Pg, 40 Messages/Bk, 3/Pk",37.52,4,18.01
2836,CA-2012-127754,2012-07-26,2012-07-31,Cyma Kinney,United States,Glendale,Arizona,Chairs,Office Star - Contemporary Task Swivel Chair,266.35,3,13.32
2837,CA-2013-167983,2013-08-22,2013-08-25,Rachel Payne,United States,Seattle,Washington,Binders,Avery Durable Slant Ring Binders With Label Holder,33.44,10,11.7
2838,CA-2011-153808,2011-04-06,2011-04-10,Frank Hawley,United States,Los Angeles,California,Art,Boston Home & Office Model 2000 Electric Pencil Sharpeners,70.95,3,18.45
2839,CA-2011-153808,2011-04-06,2011-04-10,Frank Hawley,United States,Los Angeles,California,Binders,"Avery Trapezoid Ring Binder, 3"" Capacity, Black, 1040 sheets",65.57,2,23.77
2840,CA-2011-153808,2011-04-06,2011-04-10,Frank Hawley,United States,Los Angeles,California,Accessories,Razer Kraken 7.1 Surround Sound Over Ear USB Gaming Headset,299.97,3,131.99
2841,US-2013-112396,2013-02-09,2013-02-13,Justin Ritter,United States,San Francisco,California,Accessories,Logitech 910-002974 M325 Wireless Mouse for Web Scrolling,89.97,3,39.59
2842,US-2013-112396,2013-02-09,2013-02-13,Justin Ritter,United States,San Francisco,California,Accessories,Maxell 4.7GB DVD+RW 3/Pack,31.86,2,11.15
2843,CA-2014-163671,2014-12-25,2014-12-31,Dave Poirier,United States,Meridian,Idaho,Binders,GBC Instant Index System for Binding Systems,21.31,3,7.99
2844,CA-2014-135909,2014-10-14,2014-10-21,Jane Waco,United States,Sacramento,California,Accessories,Logitech Media Keyboard K200,209.94,6,39.89
2845,CA-2014-135909,2014-10-14,2014-10-21,Jane Waco,United States,Sacramento,California,Phones,Anker Astro Mini 3000mAh Ultra-Compact Portable Charger,31.98,2,-8.0
2846,CA-2014-135909,2014-10-14,2014-10-21,Jane Waco,United States,Sacramento,California,Binders,Fellowes PB500 Electric Punch Plastic Comb Binding Machine with Manual Bind,5083.96,5,1906.49
2847,CA-2013-158260,2013-11-05,2013-11-09,Cindy Chapman,United States,San Diego,California,Machines,Okidata B400 Printer,686.4,2,77.22
2848,CA-2014-101805,2014-12-02,2014-12-07,Sally Hughsby,United States,Seattle,Washington,Binders,Ibico Presentation Index for Binding Systems,15.92,5,5.37
2849,CA-2014-101805,2014-12-02,2014-12-07,Sally Hughsby,United States,Seattle,Washington,Furnishings,Eldon Wave Desk Accessories,70.68,12,31.1
2850,CA-2014-101805,2014-12-02,2014-12-07,Sally Hughsby,United States,Seattle,Washington,Storage,"Tennsco Stur-D-Stor Boltless Shelving, 5 Shelves, 24"" Deep, Sand",541.24,4,5.41
2851,US-2012-107944,2012-03-23,2012-03-25,Alice McCarthy,United States,Los Angeles,California,Paper,"TOPS Carbonless Receipt Book, Four 2-3/4 x 7-1/4 Money Receipts per Page",192.72,11,92.51
2852,US-2012-107944,2012-03-23,2012-03-25,Alice McCarthy,United States,Los Angeles,California,Accessories,Logitech G600 MMO Gaming Mouse,239.97,3,86.39
2853,CA-2011-169642,2011-07-27,2011-07-30,Barry Blumstein,United States,Los Angeles,California,Storage,"SAFCO Commercial Wire Shelving, Black",276.28,2,0.0
2854,CA-2014-103968,2014-12-02,2014-12-08,Max Ludwig,United States,Stockton,California,Furnishings,"Tenex ""The Solids"" Textured Chair Mats",629.64,9,107.04
2855,CA-2012-111038,2012-12-01,2012-12-06,Lindsay Castell,United States,San Diego,California,Chairs,GuestStacker Chair with Chrome Finish Legs,2676.67,9,267.67
2856,CA-2013-167241,2013-08-16,2013-08-23,Bill Donatelli,United States,Los Angeles,California,Furnishings,Luxo Professional Magnifying Clamp-On Fluorescent Lamps,312.03,3,43.68
2857,CA-2013-167241,2013-08-16,2013-08-23,Bill Donatelli,United States,Los Angeles,California,Storage,"Perma STOR-ALL Hanging File Box, 13 1/8""W x 12 1/4""D x 10 1/2""H",17.94,3,3.05
2858,CA-2013-167241,2013-08-16,2013-08-23,Bill Donatelli,United States,Los Angeles,California,Phones,AT&T 841000 Phone,165.6,3,10.35
2859,CA-2013-167241,2013-08-16,2013-08-23,Bill Donatelli,United States,Los Angeles,California,Paper,"Rediform S.O.S. 1-Up Phone Message Bk, 4-1/4x3-1/16 Bk, 1 Form/Pg, 40 Messages/Bk, 3/Pk",37.52,4,18.01
2860,CA-2013-139934,2013-12-19,2013-12-21,Andy Yotov,United States,San Francisco,California,Phones,I Need's 3d Hello Kitty Hybrid Silicone Case Cover for HTC One X 4g with 3d Hello Kitty Stylus Pen Green/pink,66.98,7,6.7
2861,CA-2012-109603,2012-01-26,2012-02-01,Elizabeth Moffitt,United States,Moreno Valley,California,Paper,Xerox 1991,182.72,8,84.05
2862,CA-2012-143616,2012-09-27,2012-09-29,Saphhira Shifley,United States,Seattle,Washington,Art,Newell 334,99.2,5,25.79
2863,CA-2012-134117,2012-12-17,2012-12-19,Paul Gonzalez,United States,Los Angeles,California,Art,Sanford 52201 APSCO Electric Pencil Sharpener,204.85,5,53.26
2864,CA-2012-134117,2012-12-17,2012-12-19,Paul Gonzalez,United States,Los Angeles,California,Phones,Panasonic KX TS3282W Corded phone,135.98,2,17.0
2865,CA-2012-134117,2012-12-17,2012-12-19,Paul Gonzalez,United States,Los Angeles,California,Art,"Sanford Colorific Eraseable Coloring Pencils, 12 Count",16.4,5,7.05
2866,CA-2012-134117,2012-12-17,2012-12-19,Paul Gonzalez,United States,Los Angeles,California,Binders,Avery Arch Ring Binders,92.96,2,31.37
2867,CA-2013-159023,2013-11-04,2013-11-06,Natalie Webber,United States,Portland,Oregon,Binders,Avery Reinforcements for Hole-Punch Pages,4.16,7,-3.47
2868,CA-2013-159023,2013-11-04,2013-11-06,Natalie Webber,United States,Portland,Oregon,Machines,Okidata B401 Printer,179.99,3,-251.99
2869,CA-2011-154592,2011-12-07,2011-12-08,Erica Hernandez,United States,San Francisco,California,Paper,Green Bar Computer Printout Paper,164.88,3,80.79
2870,CA-2011-128622,2011-11-15,2011-11-17,Scott Cohen,United States,San Francisco,California,Supplies,Acme Value Line Scissors,10.95,3,3.29
2871,CA-2011-132913,2011-12-24,2011-12-26,Adam Shillingsburg,United States,San Diego,California,Appliances,Belkin 7-Outlet SurgeMaster Home Series,13.97,1,3.63
2872,CA-2011-126480,2011-09-20,2011-09-24,Henry Goldwyn,United States,San Diego,California,Paper,Xerox 1900,8.56,2,3.85
2873,CA-2014-159226,2014-04-26,2014-04-28,Rob Lucas,United States,Los Angeles,California,Bookcases,"Bush Westfield Collection Bookcases, Medium Cherry Finish",344.98,7,28.41
2874,US-2014-139577,2014-10-02,2014-10-07,Tanja Norvell,United States,San Francisco,California,Accessories,Sony 32GB Class 10 Micro SDHC R40 Memory Card,104.75,5,22.0
2875,CA-2011-133389,2011-06-22,2011-06-22,Toby Braunhardt,United States,Phoenix,Arizona,Binders,SpineVue Locking Slant-D Ring Binders by Cardinal,8.23,3,-6.03
2876,CA-2012-102855,2012-04-05,2012-04-06,Jennifer Ferguson,United States,Spokane,Washington,Accessories,SanDisk Ultra 64 GB MicroSDHC Class 10 Memory Card,239.94,6,26.39
2877,CA-2012-102855,2012-04-05,2012-04-06,Jennifer Ferguson,United States,Spokane,Washington,Art,Dixon Ticonderoga Pencils,23.84,8,6.44
2878,CA-2014-143084,2014-03-19,2014-03-23,Barry Pond,United States,Los Angeles,California,Art,Prang Drawing Pencil Set,13.9,5,3.75
2879,CA-2014-143084,2014-03-19,2014-03-23,Barry Pond,United States,Los Angeles,California,Envelopes,Peel & Seel Envelopes,19.4,5,9.31
2880,CA-2013-131639,2013-12-18,2013-12-24,Noel Staavos,United States,Carlsbad,New Mexico,Binders,Ibico Plastic and Wire Spiral Binding Combs,13.49,2,4.38
2881,CA-2013-131639,2013-12-18,2013-12-24,Noel Staavos,United States,Carlsbad,New Mexico,Binders,"GBC Laser Imprintable Binding System Covers, Desert Sand",11.42,1,3.85
2882,CA-2013-161361,2013-03-27,2013-03-29,Mark Van Huff,United States,Pocatello,Idaho,Paper,"Adams Telephone Message Book W/Dividers/Space For Phone Numbers, 5 1/4""X8 1/2"", 300/Messages",17.64,3,8.64
2883,CA-2013-161361,2013-03-27,2013-03-29,Mark Van Huff,United States,Pocatello,Idaho,Binders,"Wilson Jones Hanging View Binder, White, 1""",17.04,3,5.54
2884,US-2013-141880,2013-08-23,2013-08-24,Tony Chapman,United States,Fort Collins,Colorado,Furnishings,Dana Halogen Swing-Arm Architect Lamp,98.33,3,9.83
2885,CA-2014-128041,2014-09-02,2014-09-02,Rick Wilson,United States,Seattle,Washington,Appliances,Honeywell Quietcare HEPA Air Cleaner,314.6,4,103.82
2886,CA-2014-128041,2014-09-02,2014-09-02,Rick Wilson,United States,Seattle,Washington,Tables,KI Conference Tables,283.56,4,45.37
2887,CA-2011-138177,2011-09-19,2011-09-24,Neil Ducich,United States,Chandler,Arizona,Tables,Hon 2111 Invitation Series Straight Table,73.92,1,-45.83
2888,CA-2012-168760,2012-09-22,2012-09-26,Muhammed MacIntyre,United States,Los Angeles,California,Appliances,Kensington 6 Outlet Guardian Standard Surge Protector,61.44,3,16.59
2889,CA-2013-168830,2013-11-08,2013-11-14,Marina Lichtenstein,United States,San Francisco,California,Accessories,NETGEAR AC1750 Dual Band Gigabit Smart WiFi Router,479.97,3,163.19
2890,CA-2014-137463,2014-12-17,2014-12-21,Kalyca Meade,United States,Sunnyvale,California,Binders,Accohide Poly Flexible Ring Binders,5.98,2,2.24
2891,CA-2014-137463,2014-12-17,2014-12-21,Kalyca Meade,United States,Sunnyvale,California,Accessories,Imation Secure Drive + Hardware Encrypted USB flash drive - 16 GB,189.95,5,45.59
2892,CA-2014-137463,2014-12-17,2014-12-21,Kalyca Meade,United States,Sunnyvale,California,Accessories,Microsoft Natural Ergonomic Keyboard 4000,149.95,5,31.49
2893,CA-2014-137463,2014-12-17,2014-12-21,Kalyca Meade,United States,Sunnyvale,California,Art,Bulldog Table or Wall-Mount Pencil Sharpener,29.95,5,8.69
2894,CA-2014-137463,2014-12-17,2014-12-21,Kalyca Meade,United States,Sunnyvale,California,Labels,Avery 475,44.4,3,22.2
2895,CA-2012-165554,2012-05-18,2012-05-22,Anthony Jacobs,United States,Los Angeles,California,Paper,"Wirebound Message Book, 4 per Page",10.86,2,5.32
2896,CA-2011-141838,2011-03-26,2011-03-31,Damala Kotsonis,United States,San Francisco,California,Art,Newell 308,3.36,2,0.84
2897,CA-2011-141838,2011-03-26,2011-03-31,Damala Kotsonis,United States,San Francisco,California,Binders,Wilson Jones Leather-Like Binders with DublLock Round Rings,27.94,4,9.43
2898,CA-2011-141838,2011-03-26,2011-03-31,Damala Kotsonis,United States,San Francisco,California,Phones,Griffin GC17055 Auxiliary Audio Cable,28.78,2,2.88
2899,CA-2014-117009,2014-09-23,2014-09-29,Berenike Kampe,United States,Santa Ana,California,Supplies,Fiskars Softgrip Scissors,21.96,2,6.15
2900,CA-2012-128993,2012-09-12,2012-09-17,Craig Carreira,United States,Seattle,Washington,Accessories,Memorex Froggy Flash Drive 4 GB,21.98,2,8.57
2901,CA-2012-149097,2012-10-20,2012-10-24,Stewart Visinsky,United States,Los Angeles,California,Furnishings,Nu-Dell Oak Frame,74.76,7,23.92
2902,CA-2012-149097,2012-10-20,2012-10-24,Stewart Visinsky,United States,Los Angeles,California,Tables,"SAFCO PlanMaster Boards, 60w x 37-1/2d, White Melamine",364.78,3,27.36
2903,CA-2013-132304,2013-06-15,2013-06-19,Anthony Rawles,United States,Seattle,Washington,Tables,Hon Non-Folding Utility Tables,1115.17,7,334.55
2904,CA-2012-136420,2012-11-20,2012-11-21,Chris Selesnick,United States,San Diego,California,Binders,"Performers Binder/Pad Holder, Black",89.7,4,33.64
2905,CA-2012-136420,2012-11-20,2012-11-21,Chris Selesnick,United States,San Diego,California,Labels,Avery 485,50.12,4,23.56
2906,CA-2013-106278,2013-09-03,2013-09-06,Becky Martin,United States,Des Moines,Washington,Chairs,"Global Leather Task Chair, Black",215.98,3,-2.7
2907,CA-2013-106278,2013-09-03,2013-09-06,Becky Martin,United States,Des Moines,Washington,Envelopes,"Inter-Office Recycled Envelopes, Brown Kraft, Button-String,10"" x 13"" , 100/Box",65.94,3,30.99
2908,CA-2014-166898,2014-09-12,2014-09-14,Ken Heidel,United States,Santa Ana,California,Phones,OtterBox Defender Series Case - Samsung Galaxy S4,143.95,6,17.99
2909,CA-2014-166898,2014-09-12,2014-09-14,Ken Heidel,United States,Santa Ana,California,Paper,Xerox 192,19.44,3,9.33
2910,CA-2013-126102,2013-09-11,2013-09-13,Dianna Vittorini,United States,Los Angeles,California,Binders,Ibico EB-19 Dual Function Manual Binding System,276.78,2,89.95
2911,CA-2013-135461,2013-02-07,2013-02-10,Erica Bern,United States,Los Angeles,California,Phones,Motorola L703CM,623.96,5,39.0
2912,US-2013-155971,2013-06-07,2013-06-13,Ross Baird,United States,Los Angeles,California,Labels,Avery 488,22.05,7,10.58
2913,US-2013-155971,2013-06-07,2013-06-13,Ross Baird,United States,Los Angeles,California,Paper,Xerox Blank Computer Paper,99.9,5,46.95
2914,CA-2014-122007,2014-03-19,2014-03-21,Jason Klamczynski,United States,Los Angeles,California,Appliances,Fellowes Basic Home/Office Series Surge Protectors,90.86,7,26.35
2915,CA-2014-162250,2014-11-25,2014-11-25,Patrick Ryan,United States,San Francisco,California,Paper,"Southworth 100% Résumé Paper, 24lb.",7.78,1,3.5
2916,CA-2012-157028,2012-11-28,2012-12-03,Michelle Arnett,United States,Las Cruces,New Mexico,Art,BIC Brite Liner Highlighters,8.28,2,3.48
2917,US-2014-147655,2014-09-05,2014-09-06,Aaron Smayling,United States,Redmond,Oregon,Binders,"Avery Trapezoid Extra Heavy Duty 4"" Binders",88.07,7,-58.72
2918,CA-2012-157805,2012-08-31,2012-09-04,Rick Huthwaite,United States,San Diego,California,Phones,Toshiba IPT2010-SD IP Telephone,555.96,5,41.7
2919,CA-2014-123029,2014-10-01,2014-10-03,Bradley Talbott,United States,Los Angeles,California,Accessories,Razer Kraken PRO Over Ear PC and Music Headset,159.98,2,47.99
2920,US-2014-166688,2014-05-21,2014-05-27,Rick Duston,United States,Las Vegas,Nevada,Binders,Wilson Jones Impact Binders,8.29,2,3.0
2921,US-2014-166688,2014-05-21,2014-05-27,Rick Duston,United States,Las Vegas,Nevada,Phones,Motorola L703CM,1123.13,9,70.2
2922,US-2014-166688,2014-05-21,2014-05-27,Rick Duston,United States,Las Vegas,Nevada,Appliances,Fellowes Basic Home/Office Series Surge Protectors,64.9,5,18.82
2923,US-2012-106873,2012-09-24,2012-09-29,Kunst Miller,United States,Avondale,Arizona,Art,Dixon Ticonderoga Core-Lock Colored Pencils,14.58,2,2.37
2924,US-2012-106873,2012-09-24,2012-09-29,Kunst Miller,United States,Avondale,Arizona,Accessories,HP Standard 104 key PS/2 Keyboard,23.2,2,1.45
2925,US-2012-106873,2012-09-24,2012-09-29,Kunst Miller,United States,Avondale,Arizona,Art,Newell 317,16.46,7,1.85
2926,CA-2011-102645,2011-01-24,2011-01-29,Ionia McGrath,United States,Las Vegas,Nevada,Paper,Xerox 195,40.08,6,19.24
2927,CA-2013-100300,2013-06-25,2013-06-27,Max Jones,United States,San Diego,California,Machines,Okidata MB760 Printer,4476.8,4,503.64
2928,CA-2013-100300,2013-06-25,2013-06-27,Max Jones,United States,San Diego,California,Paper,Xerox 189,104.85,1,50.33
2929,CA-2013-100300,2013-06-25,2013-06-27,Max Jones,United States,San Diego,California,Appliances,APC 7 Outlet Network SurgeArrest Surge Protector,241.44,3,72.43
2930,US-2013-155768,2013-12-02,2013-12-02,Laurel Beltran,United States,Oxnard,California,Furnishings,Tenex Chairmats For Use With Carpeted Floors,31.96,2,1.6
2931,US-2013-155768,2013-12-02,2013-12-02,Laurel Beltran,United States,Oxnard,California,Paper,Xerox 1886,47.9,1,22.99
2932,US-2013-155768,2013-12-02,2013-12-02,Laurel Beltran,United States,Oxnard,California,Storage,"Sauder Facets Collection Locker/File Cabinet, Sky Alder Finish",1112.94,3,222.59
2933,US-2013-155768,2013-12-02,2013-12-02,Laurel Beltran,United States,Oxnard,California,Envelopes,"#10- 4 1/8"" x 9 1/2"" Security-Tint Envelopes",22.92,3,11.23
2934,CA-2014-119424,2014-06-13,2014-06-15,Sarah Brown,United States,Kent,Washington,Phones,OtterBox Defender Series Case - Samsung Galaxy S4,71.98,3,9.0
2935,CA-2014-119424,2014-06-13,2014-06-15,Sarah Brown,United States,Kent,Washington,Paper,Xerox 203,19.44,3,9.33
2936,CA-2014-156776,2014-08-08,2014-08-12,Jeremy Lonsdale,United States,Westminster,California,Phones,Polycom VoiceStation 500 Conference phone,707.88,3,44.24
2937,CA-2014-156776,2014-08-08,2014-08-12,Jeremy Lonsdale,United States,Westminster,California,Binders,Cardinal Holdit Business Card Pockets,11.95,3,4.18
2938,CA-2014-156776,2014-08-08,2014-08-12,Jeremy Lonsdale,United States,Westminster,California,Binders,"Mead 1st Gear 2"" Zipper Binder, Asst. Colors",31.13,3,11.67
2939,CA-2014-156776,2014-08-08,2014-08-12,Jeremy Lonsdale,United States,Westminster,California,Accessories,Sony Micro Vault Click 4 GB USB 2.0 Flash Drive,55.76,4,7.81
2940,CA-2014-156776,2014-08-08,2014-08-12,Jeremy Lonsdale,United States,Westminster,California,Paper,Xerox 1881,24.56,2,11.54
2941,CA-2014-156776,2014-08-08,2014-08-12,Jeremy Lonsdale,United States,Westminster,California,Furnishings,"Howard Miller 13-3/4"" Diameter Brushed Chrome Round Wall Clock",51.75,1,15.53
2942,CA-2014-156776,2014-08-08,2014-08-12,Jeremy Lonsdale,United States,Westminster,California,Chairs,Global Enterprise Series Seating Low-Back Swivel/Tilt Chairs,207.18,1,25.9
2943,CA-2014-156776,2014-08-08,2014-08-12,Jeremy Lonsdale,United States,Westminster,California,Appliances,3.6 Cubic Foot Counter Height Office Refrigerator,1473.1,5,412.47
2944,CA-2011-146843,2011-11-30,2011-12-06,Philip Brown,United States,Avondale,Arizona,Supplies,Acme Office Executive Series Stainless Steel Trimmers,47.99,7,3.6
2945,CA-2011-146843,2011-11-30,2011-12-06,Philip Brown,United States,Avondale,Arizona,Accessories,"Memorex 25GB 6X Branded Blu-Ray Recordable Disc, 30/Pack",102.24,4,-16.61
2946,CA-2011-103310,2011-05-10,2011-05-15,Greg Matthias,United States,San Jose,California,Paper,Southworth 25% Cotton Premium Laser Paper and Envelopes,39.96,2,19.18
2947,CA-2011-103310,2011-05-10,2011-05-15,Greg Matthias,United States,San Jose,California,Phones,Wilson Electronics DB Pro Signal Booster,1432.0,5,125.3
2948,CA-2011-103310,2011-05-10,2011-05-15,Greg Matthias,United States,San Jose,California,Supplies,Acme Design Stainless Steel Bent Scissors,41.04,6,11.08
2949,CA-2011-103310,2011-05-10,2011-05-15,Greg Matthias,United States,San Jose,California,Chairs,Hon Pagoda Stacking Chairs,256.78,1,32.1
2950,CA-2013-104689,2013-12-02,2013-12-06,Fred Hopkins,United States,Los Angeles,California,Art,"Sanford Colorific Colored Pencils, 12/Box",23.04,8,6.91
2951,CA-2014-141747,2014-08-04,2014-08-09,Scot Coram,United States,Seattle,Washington,Storage,"Letter/Legal File Tote with Clear Snap-On Lid, Black Granite",16.06,1,4.18
2952,CA-2012-167479,2012-03-14,2012-03-19,Arianne Irving,United States,Roseville,California,Paper,Xerox 223,19.44,3,9.33
2953,CA-2011-144071,2011-12-08,2011-12-15,Denny Joy,United States,San Francisco,California,Furnishings,Luxo Economy Swing Arm Lamp,39.88,2,11.17
2954,CA-2011-144071,2011-12-08,2011-12-15,Denny Joy,United States,San Francisco,California,Furnishings,DAX Natural Wood-Tone Poster Frame,79.44,3,28.6
2955,CA-2013-152646,2013-11-22,2013-11-27,Tiffany House,United States,Los Angeles,California,Paper,Xerox 222,32.4,5,15.55
2956,CA-2014-140515,2014-03-20,2014-03-25,George Zrebassa,United States,Los Angeles,California,Appliances,Belkin 5 Outlet SurgeMaster Power Centers,381.36,7,106.78
2957,CA-2011-153619,2011-11-03,2011-11-03,Tracy Collins,United States,Los Angeles,California,Art,Prang Dustless Chalk Sticks,6.72,4,3.36
2958,CA-2014-133718,2014-07-24,2014-07-27,Tracy Blumstein,United States,Los Angeles,California,Binders,"Cardinal HOLDit! Binder Insert Strips,Extra Strips",15.19,3,5.51
2959,CA-2014-133718,2014-07-24,2014-07-27,Tracy Blumstein,United States,Los Angeles,California,Paper,Weyerhaeuser First Choice Laser/Copy Paper (20Lb. and 88 Bright),58.32,9,27.99
2960,CA-2011-148383,2011-12-27,2011-12-31,Resi Pölking,United States,Phoenix,Arizona,Binders,GBC DocuBind 300 Electric Binding Machine,946.76,6,-694.29
2961,CA-2013-126732,2013-09-03,2013-09-07,Lena Radford,United States,Los Angeles,California,Furnishings,Ultra Door Pull Handle,94.68,9,31.24
2962,CA-2013-126732,2013-09-03,2013-09-07,Lena Radford,United States,Los Angeles,California,Storage,Akro Stacking Bins,23.67,3,0.95
2963,CA-2013-126732,2013-09-03,2013-09-07,Lena Radford,United States,Los Angeles,California,Phones,Cisco Unified IP Phone 7945G VoIP phone,1091.17,4,68.2
2964,CA-2013-126732,2013-09-03,2013-09-07,Lena Radford,United States,Los Angeles,California,Art,Blackstonian Pencils,18.69,7,5.23
2965,CA-2013-126732,2013-09-03,2013-09-07,Lena Radford,United States,Los Angeles,California,Tables,Chromcraft Rectangular Conference Tables,568.73,3,28.44
2966,CA-2013-126732,2013-09-03,2013-09-07,Lena Radford,United States,Los Angeles,California,Binders,SpineVue Locking Slant-D Ring Binders by Cardinal,7.31,1,2.56
2967,CA-2011-113271,2011-07-09,2011-07-14,Darrin Sayre,United States,San Francisco,California,Binders,Avery Hidden Tab Dividers for Binding Systems,14.3,6,4.65
2968,CA-2011-113271,2011-07-09,2011-07-14,Darrin Sayre,United States,San Francisco,California,Bookcases,"Bush Heritage Pine Collection 5-Shelf Bookcase, Albany Pine Finish, *Special Order",119.83,1,7.05
2969,CA-2011-113271,2011-07-09,2011-07-14,Darrin Sayre,United States,San Francisco,California,Art,Prang Drawing Pencil Set,5.56,2,2.22
2970,CA-2011-113271,2011-07-09,2011-07-14,Darrin Sayre,United States,San Francisco,California,Paper,Xerox 1967,32.4,5,15.55
2971,CA-2014-130106,2014-05-23,2014-05-27,Vicky Freymann,United States,San Francisco,California,Art,Newell 350,9.84,3,2.85
2972,CA-2014-130106,2014-05-23,2014-05-27,Vicky Freymann,United States,San Francisco,California,Art,Newell 333,2.78,1,0.72
2973,CA-2014-155712,2014-03-03,2014-03-09,Ken Dana,United States,Los Angeles,California,Binders,Catalog Binders with Expanding Posts,107.65,2,33.64
2974,CA-2014-111388,2014-09-03,2014-09-03,Stephanie Ulpright,United States,Seattle,Washington,Chairs,"Global Leather Task Chair, Black",215.98,3,-2.7
2975,CA-2011-125759,2011-02-09,2011-02-10,Nathan Mautz,United States,North Las Vegas,Nevada,Furnishings,"Master Caster Door Stop, Large Brown",14.56,2,5.53
2976,US-2011-134054,2011-10-10,2011-10-10,Fred Chung,United States,Albuquerque,New Mexico,Art,"Dixon Ticonderoga Core-Lock Colored Pencils, 48-Color Set",255.85,7,112.57
2977,CA-2013-166772,2013-09-21,2013-09-25,Heather Jas,United States,Seattle,Washington,Bookcases,O'Sullivan 5-Shelf Heavy-Duty Bookcases,163.88,2,40.97
2978,CA-2014-102218,2014-09-03,2014-09-05,Luke Weiss,United States,Fort Collins,Colorado,Labels,Avery 519,11.7,2,3.95
2979,CA-2011-111857,2011-04-23,2011-04-26,Nathan Mautz,United States,San Francisco,California,Paper,Xerox 1891,48.91,1,22.99
2980,CA-2012-137603,2012-09-19,2012-09-24,Marc Harrigan,United States,Santa Fe,New Mexico,Art,Newell 323,8.4,5,2.18
2981,CA-2011-128237,2011-03-25,2011-03-30,Christina Anderson,United States,San Francisco,California,Art,Newell 35,6.56,2,1.9
2982,CA-2011-128237,2011-03-25,2011-03-30,Christina Anderson,United States,San Francisco,California,Art,"Eberhard Faber 3 1/2"" Golf Pencils",14.88,2,3.72
2983,CA-2011-128237,2011-03-25,2011-03-30,Christina Anderson,United States,San Francisco,California,Accessories,Imation Swivel Flash Drive USB flash drive - 8 GB,45.48,4,15.92
2984,CA-2011-128237,2011-03-25,2011-03-30,Christina Anderson,United States,San Francisco,California,Art,"BIC Brite Liner Grip Highlighters, Assorted, 5/Pack",25.44,6,9.92
2985,CA-2014-121853,2014-09-24,2014-09-30,Duane Benoit,United States,Los Angeles,California,Paper,Xerox 1909,211.04,8,97.08
2986,CA-2014-121853,2014-09-24,2014-09-30,Duane Benoit,United States,Los Angeles,California,Chairs,GuestStacker Chair with Chrome Finish Legs,594.82,2,59.48
2987,CA-2014-121853,2014-09-24,2014-09-30,Duane Benoit,United States,Los Angeles,California,Binders,Ibico Plastic Spiral Binding Combs,72.96,3,23.71
2988,US-2014-130687,2014-09-08,2014-09-11,Phillip Flathmann,United States,Edmonds,Washington,Furnishings,DAX Two-Tone Silver Metal Document Frame,80.96,4,34.81
2989,US-2014-130687,2014-09-08,2014-09-11,Phillip Flathmann,United States,Edmonds,Washington,Phones,Konftel 250 Conference phone - Charcoal black,455.71,2,34.18
2990,US-2014-130687,2014-09-08,2014-09-11,Phillip Flathmann,United States,Edmonds,Washington,Art,Boston 1799 Powerhouse Electric Pencil Sharpener,25.98,1,7.27
2991,CA-2012-164497,2012-11-28,2012-11-30,Ashley Jarboe,United States,San Francisco,California,Appliances,"Holmes Visible Mist Ultrasonic Humidifier with 2.3-Gallon Output per Day, Replacement Filter",45.28,4,15.4
2992,CA-2013-108056,2013-09-30,2013-10-04,Erin Smith,United States,Springfield,Oregon,Phones,Wilson Electronics DB Pro Signal Booster,859.2,3,75.18
2993,CA-2014-130715,2014-09-17,2014-09-21,Craig Yedwab,United States,San Francisco,California,Fasteners,"OIC Colored Binder Clips, Assorted Sizes",17.9,5,8.77
2994,CA-2011-155264,2011-10-19,2011-10-22,Rachel Payne,United States,San Francisco,California,Binders,Accohide Poly Flexible Ring Binders,2.99,1,1.12
2995,CA-2011-155264,2011-10-19,2011-10-22,Rachel Payne,United States,San Francisco,California,Binders,Avery Durable Slant Ring Binders With Label Holder,20.06,6,7.02
2996,CA-2011-155264,2011-10-19,2011-10-22,Rachel Payne,United States,San Francisco,California,Paper,Xerox 1917,146.73,3,68.96
2997,CA-2011-155264,2011-10-19,2011-10-22,Rachel Payne,United States,San Francisco,California,Labels,Avery 480,18.75,5,9.0
2998,CA-2011-155264,2011-10-19,2011-10-22,Rachel Payne,United States,San Francisco,California,Phones,Panasonic KX TS208W Corded phone,117.58,3,11.76
2999,CA-2013-119123,2013-03-14,2013-03-19,Dennis Bolton,United States,Riverside,California,Binders,Cardinal EasyOpen D-Ring Binders,51.18,7,19.19
3000,CA-2013-114860,2013-12-23,2013-12-29,Duane Noonan,United States,Moreno Valley,California,Furnishings,Deflect-o DuraMat Antistatic Studded Beveled Mat for Medium Pile Carpeting,842.72,8,202.25
3001,CA-2013-114860,2013-12-23,2013-12-29,Duane Noonan,United States,Moreno Valley,California,Furnishings,Magnifier Swing Arm Lamp,41.96,2,10.91
3002,CA-2013-159009,2013-09-24,2013-09-28,Dave Poirier,United States,Seattle,Washington,Binders,"ACCOHIDE 3-Ring Binder, Blue, 1""",13.22,4,4.46
3003,CA-2013-159009,2013-09-24,2013-09-28,Dave Poirier,United States,Seattle,Washington,Chairs,Global Deluxe Steno Chair,184.75,3,-20.78
3004,CA-2014-111591,2014-03-22,2014-03-26,Paul Stevenson,United States,Seattle,Washington,Binders,"C-Line Peel & Stick Add-On Filing Pockets, 8-3/4 x 5-1/8, 10/Pack",30.58,6,10.32
3005,CA-2014-111591,2014-03-22,2014-03-26,Paul Stevenson,United States,Seattle,Washington,Fasteners,"Super Bands, 12/Pack",13.02,7,0.39
3006,CA-2014-111591,2014-03-22,2014-03-26,Paul Stevenson,United States,Seattle,Washington,Furnishings,"Eldon Expressions Wood Desk Accessories, Oak",22.14,3,6.42
3007,CA-2014-111591,2014-03-22,2014-03-26,Paul Stevenson,United States,Seattle,Washington,Storage,Fellowes Officeware Wire Shelving,359.32,4,7.19
3008,CA-2014-102820,2014-05-08,2014-05-12,Carlos Soltero,United States,Pasadena,California,Phones,Blue Parrot B250XT Professional Grade Wireless Bluetooth Headset with,419.94,7,52.49
3009,CA-2013-149671,2013-06-06,2013-06-10,Ken Brennan,United States,Seattle,Washington,Supplies,Acme Box Cutter Scissors,61.38,6,15.96
3010,CA-2012-126347,2012-12-14,2012-12-19,Ashley Jarboe,United States,Los Angeles,California,Accessories,Micro Innovations USB RF Wireless Keyboard with Mouse,50.0,2,10.5
3011,CA-2014-163097,2014-08-28,2014-09-01,Sarah Foster,United States,Mesa,Arizona,Furnishings,Flat Face Poster Frame,120.58,8,33.16
3012,CA-2012-130848,2012-10-25,2012-10-25,Deirdre Greer,United States,Denver,Colorado,Chairs,Global Highback Leather Tilter in Burgundy,582.34,8,-29.12
3013,CA-2011-159814,2011-06-24,2011-06-28,Liz Pelletier,United States,Tucson,Arizona,Furnishings,Acrylic Self-Standing Desk Frames,4.27,2,0.96
3014,CA-2013-108959,2013-03-11,2013-03-15,Maya Herman,United States,Glendale,Arizona,Storage,"Mini 13-1/2 Capacity Data Binder Rack, Pearl",104.7,1,6.54
3015,CA-2012-164777,2012-01-27,2012-01-29,Sean Christensen,United States,Los Angeles,California,Chairs,HON 5400 Series Task Chairs for Big and Tall,2803.92,5,0.0
3016,CA-2012-127824,2012-10-18,2012-10-22,John Castell,United States,Seattle,Washington,Phones,Motorola L703CM,249.58,2,15.6
3017,CA-2012-127824,2012-10-18,2012-10-22,John Castell,United States,Seattle,Washington,Paper,Xerox 1903,17.94,3,8.79
3018,CA-2012-127824,2012-10-18,2012-10-22,John Castell,United States,Seattle,Washington,Furnishings,Eldon 100 Class Desk Accessories,10.11,3,3.24
3019,CA-2011-145254,2011-07-23,2011-07-27,Nick Crebassa,United States,San Francisco,California,Phones,VTech DS6151,604.75,6,60.48
3020,CA-2011-145254,2011-07-23,2011-07-27,Nick Crebassa,United States,San Francisco,California,Supplies,Acme Softgrip Scissors,40.7,5,11.8
3021,CA-2011-145254,2011-07-23,2011-07-27,Nick Crebassa,United States,San Francisco,California,Phones,AT&T CL2909,302.38,3,37.8
3022,CA-2011-145254,2011-07-23,2011-07-27,Nick Crebassa,United States,San Francisco,California,Accessories,Imation 8gb Micro Traveldrive Usb 2.0 Flash Drive,45.0,3,4.95
3023,CA-2013-160479,2013-09-16,2013-09-21,Angele Hood,United States,Seattle,Washington,Art,SANFORD Major Accent Highlighters,35.4,5,13.45
3024,CA-2012-119627,2012-08-17,2012-08-23,Steven Cartwright,United States,Peoria,Arizona,Accessories,Imation Clip USB flash drive - 8 GB,30.08,2,-5.26
3025,CA-2012-119627,2012-08-17,2012-08-23,Steven Cartwright,United States,Peoria,Arizona,Paper,Xerox 21,36.29,7,12.7
3026,CA-2012-119627,2012-08-17,2012-08-23,Steven Cartwright,United States,Peoria,Arizona,Art,Newell 336,10.27,3,1.16
3027,CA-2012-119627,2012-08-17,2012-08-23,Steven Cartwright,United States,Peoria,Arizona,Accessories,First Data FD10 PIN Pad,252.8,4,-31.6
3028,CA-2014-107853,2014-05-27,2014-06-01,Carlos Daly,United States,Oceanside,California,Paper,Xerox 201,12.96,2,6.22
3029,US-2013-148957,2013-09-18,2013-09-24,Chuck Clark,United States,Redmond,Washington,Labels,Avery 481,12.32,4,5.91
3030,CA-2011-140032,2011-09-08,2011-09-13,Toby Swindell,United States,San Francisco,California,Binders,"Acco PRESSTEX Data Binder with Storage Hooks, Light Blue, 9 1/2"" X 11""",8.61,2,3.01
3031,CA-2014-145506,2014-06-04,2014-06-08,Meg O'Connel,United States,Spokane,Washington,Storage,Eldon Gobal File Keepers,136.26,9,5.45
3032,CA-2012-129546,2012-09-28,2012-10-05,Roy Phan,United States,Los Angeles,California,Appliances,"Acco Smartsocket Table Surge Protector, 6 Color-Coded Adapter Outlets",186.15,3,55.85
3033,CA-2012-129546,2012-09-28,2012-10-05,Roy Phan,United States,Los Angeles,California,Binders,GBC Recycled VeloBinder Covers,81.79,6,26.58
3034,CA-2012-129546,2012-09-28,2012-10-05,Roy Phan,United States,Los Angeles,California,Supplies,Acme Galleria Hot Forged Steel Scissors with Colored Handles,47.19,3,13.69
3035,CA-2012-129546,2012-09-28,2012-10-05,Roy Phan,United States,Los Angeles,California,Phones,Motorola HK250 Universal Bluetooth Headset,36.78,2,-8.28
3036,CA-2011-138240,2011-10-09,2011-10-14,Shirley Jackson,United States,San Francisco,California,Art,Boston Heavy-Duty Trimline Electric Pencil Sharpeners,144.6,3,41.93
3037,CA-2011-138240,2011-10-09,2011-10-14,Shirley Jackson,United States,San Francisco,California,Phones,iOttie HLCRIO102 Car Mount,15.99,1,-3.0
3038,CA-2011-100867,2011-10-19,2011-10-24,Eugene Hildebrand,United States,Lakewood,California,Phones,RCA Visys Integrated PBX 8-Line Router,321.55,6,20.1
3039,CA-2013-126858,2013-11-20,2013-11-24,Janet Molinari,United States,Seattle,Washington,Furnishings,Tenex Chairmats For Use With Carpeted Floors,31.96,2,1.6
3040,CA-2011-122679,2011-07-22,2011-07-28,Alejandro Ballentine,United States,Los Angeles,California,Art,Crayola Colored Pencils,19.68,6,6.49
3041,CA-2012-156566,2012-10-01,2012-10-04,Eric Murdock,United States,Portland,Oregon,Phones,Wilson Electronics DB Pro Signal Booster,572.8,2,50.12
3042,CA-2014-111738,2014-01-04,2014-01-08,Christopher Martinez,United States,San Francisco,California,Binders,GBC ProClick 150 Presentation Binding System,2022.27,8,682.52
3043,CA-2014-111738,2014-01-04,2014-01-08,Christopher Martinez,United States,San Francisco,California,Art,Manco Dry-Lighter Erasable Highlighter,9.12,3,3.1
3044,US-2013-123610,2013-05-13,2013-05-17,Vivian Mathis,United States,Mission Viejo,California,Accessories,Memorex Mini Travel Drive 32 GB USB 2.0 Flash Drive,120.0,6,46.8
3045,US-2013-123610,2013-05-13,2013-05-17,Vivian Mathis,United States,Mission Viejo,California,Fasteners,Staples,8.67,1,2.34
3046,US-2012-158589,2012-11-20,2012-11-24,Kelly Williams,United States,San Francisco,California,Furnishings,Dana Swing-Arm Lamps,32.04,3,8.01
3047,US-2014-104451,2014-05-09,2014-05-13,Michelle Moray,United States,San Francisco,California,Appliances,Fellowes Mighty 8 Compact Surge Protector,81.08,4,22.7
3048,CA-2013-101189,2013-02-04,2013-02-09,Jennifer Braxton,United States,Los Angeles,California,Storage,Safco Commercial Shelving,93.02,2,3.72
3049,CA-2014-156958,2014-12-06,2014-12-07,Patrick Bzostek,United States,Seattle,Washington,Binders,GBC Premium Transparent Covers with Diagonal Lined Pattern,83.92,5,29.37
3050,CA-2014-156958,2014-12-06,2014-12-07,Patrick Bzostek,United States,Seattle,Washington,Furnishings,Eldon Radial Chair Mat for Low to Medium Pile Carpets,199.9,5,39.98
3051,CA-2014-156958,2014-12-06,2014-12-07,Patrick Bzostek,United States,Seattle,Washington,Phones,Cyber Acoustics AC-202b Speech Recognition Stereo Headset,31.18,3,-7.01
3052,CA-2014-156958,2014-12-06,2014-12-07,Patrick Bzostek,United States,Seattle,Washington,Binders,GBC VeloBinder Manual Binding System,172.75,6,60.46
3053,CA-2014-156958,2014-12-06,2014-12-07,Patrick Bzostek,United States,Seattle,Washington,Binders,Fellowes Black Plastic Comb Bindings,9.3,2,3.02
3054,CA-2014-111759,2014-07-09,2014-07-13,Mathew Reese,United States,Seattle,Washington,Fasteners,Staples,52.76,2,24.27
3055,CA-2013-148747,2013-09-26,2013-09-28,Aaron Smayling,United States,San Francisco,California,Bookcases,"Atlantic Metals Mobile 4-Shelf Bookcases, Custom Colors",477.67,2,84.29
3056,CA-2012-135727,2012-05-11,2012-05-16,Paul Stevenson,United States,Phoenix,Arizona,Chairs,Global Chrome Stack Chair,191.97,7,16.8
3057,CA-2012-160864,2012-05-03,2012-05-06,Nicole Fjeld,United States,San Jose,California,Binders,Avery Binding System Hidden Tab Executive Style Index Sets,13.85,3,5.19
3058,CA-2013-125724,2013-09-23,2013-09-28,Suzanne McNair,United States,Broomfield,Colorado,Furnishings,Aluminum Document Frame,68.43,7,8.55
3059,CA-2012-161242,2012-06-01,2012-06-08,Catherine Glotzbach,United States,Los Angeles,California,Paper,"Adams Telephone Message Book W/Dividers/Space For Phone Numbers, 5 1/4""X8 1/2"", 300/Messages",11.76,2,5.76
3060,CA-2012-148495,2012-08-13,2012-08-13,Sandra Flanagan,United States,Pomona,California,Furnishings,Ultra Door Pull Handle,31.56,3,10.41
3061,CA-2013-108630,2013-11-19,2013-11-19,Bobby Elias,United States,Concord,California,Binders,Recycled Premium Regency Composition Covers,61.12,5,22.16
3062,CA-2014-104619,2014-01-25,2014-01-30,Keith Dawkins,United States,San Jose,California,Appliances,"Acco Six-Outlet Power Strip, 4' Cord Length",25.86,3,6.72
3063,CA-2014-104619,2014-01-25,2014-01-30,Keith Dawkins,United States,San Jose,California,Binders,Ibico EB-19 Dual Function Manual Binding System,276.78,2,89.95
3064,CA-2014-104619,2014-01-25,2014-01-30,Keith Dawkins,United States,San Jose,California,Phones,Jensen SMPS-640 - speaker phone,110.35,3,8.28
3065,CA-2012-149517,2012-09-19,2012-09-23,Frank Carlisle,United States,Sacramento,California,Furnishings,"Seth Thomas 8 1/2"" Cubicle Clock",60.84,3,19.47
3066,CA-2012-116841,2012-04-14,2012-04-18,Theone Pippenger,United States,Springfield,Oregon,Appliances,Acco Smartsocket Color-Coded Six-Outlet AC Adapter Model Surge Protectors,35.21,1,2.64
3067,CA-2013-130638,2013-05-17,2013-05-20,Sanjit Chand,United States,Los Angeles,California,Furnishings,"Tenex Carpeted, Granite-Look or Clear Contemporary Contour Shape Chair Mats",282.84,4,19.8
3068,CA-2013-130638,2013-05-17,2013-05-20,Sanjit Chand,United States,Los Angeles,California,Labels,Avery 481,27.72,9,13.31
3069,CA-2013-110086,2013-09-19,2013-09-23,Bill Donatelli,United States,Woodland,California,Phones,Polycom CX300 Desktop Phone USB VoIP phone,239.98,2,24.0
3070,CA-2011-128524,2011-11-11,2011-11-13,Mary Zewe,United States,Seattle,Washington,Appliances,Belkin F5C206VTEL 6 Outlet Surge,22.98,1,6.89
3071,CA-2011-128524,2011-11-11,2011-11-13,Mary Zewe,United States,Seattle,Washington,Accessories,Belkin Standard 104 key USB Keyboard,102.13,7,15.32
3072,CA-2011-128524,2011-11-11,2011-11-13,Mary Zewe,United States,Seattle,Washington,Binders,Fellowes PB500 Electric Punch Plastic Comb Binding Machine with Manual Bind,2033.58,2,762.59
3073,CA-2013-140256,2013-08-23,2013-08-30,Pauline Webber,United States,Los Angeles,California,Art,Newell 346,5.76,2,1.67
3074,CA-2011-124702,2011-11-18,2011-11-25,Maya Herman,United States,Seattle,Washington,Furnishings,"Howard Miller 13-1/2"" Diameter Rosebrook Wall Clock",137.54,2,55.02
3075,CA-2011-124702,2011-11-18,2011-11-25,Maya Herman,United States,Seattle,Washington,Tables,"Lesro Round Back Collection Coffee Table, End Table",730.2,4,94.93
3076,US-2014-125808,2014-11-13,2014-11-16,Emily Phan,United States,Los Angeles,California,Paper,Xerox 1899,11.56,2,5.66
3077,CA-2011-104563,2011-03-07,2011-03-12,Craig Molinari,United States,Seattle,Washington,Art,Newell Chalk Holder,20.65,5,9.5
3078,CA-2011-104563,2011-03-07,2011-03-12,Craig Molinari,United States,Seattle,Washington,Storage,"Contico 72""H Heavy-Duty Storage System",204.9,5,0.0
3079,CA-2011-104563,2011-03-07,2011-03-12,Craig Molinari,United States,Seattle,Washington,Chairs,Office Star - Task Chair with Contemporary Loop Arms,436.7,6,21.84
3080,CA-2011-104563,2011-03-07,2011-03-12,Craig Molinari,United States,Seattle,Washington,Chairs,"Global Leather and Oak Executive Chair, Black",481.57,2,54.18
3081,US-2014-107979,2014-06-09,2014-06-14,Frank Olsen,United States,Glendale,Arizona,Accessories,Memorex Micro Travel Drive 16 GB,89.54,7,12.31
3082,US-2014-107979,2014-06-09,2014-06-14,Frank Olsen,United States,Glendale,Arizona,Storage,Rogers Deluxe File Chest,35.17,2,-8.35
3083,US-2014-107979,2014-06-09,2014-06-14,Frank Olsen,United States,Glendale,Arizona,Binders,GBC VeloBinder Electric Binding Machine,72.59,2,-48.39
3084,CA-2013-107104,2013-11-27,2013-12-01,Maribeth Schnelling,United States,Los Angeles,California,Bookcases,DMI Eclipse Executive Suite Bookcases,3406.66,8,160.31
3085,CA-2013-107104,2013-11-27,2013-12-01,Maribeth Schnelling,United States,Los Angeles,California,Art,Newell 31,37.17,9,10.41
3086,CA-2013-107104,2013-11-27,2013-12-01,Maribeth Schnelling,United States,Los Angeles,California,Appliances,Belkin F9S820V06 8 Outlet Surge,64.96,2,19.49
3087,CA-2013-107104,2013-11-27,2013-12-01,Maribeth Schnelling,United States,Los Angeles,California,Furnishings,"GE 48"" Fluorescent Tube, Cool White Energy Saver, 34 Watts, 30/Box",595.38,6,297.69
3088,CA-2014-161893,2014-01-24,2014-01-28,Harold Pawlan,United States,Tucson,Arizona,Accessories,Logitech Wireless Anywhere Mouse MX for PC and Mac,95.98,2,12.0
3089,CA-2014-161893,2014-01-24,2014-01-28,Harold Pawlan,United States,Tucson,Arizona,Binders,Wilson Jones data.warehouse D-Ring Binders with DublLock,4.94,2,-3.62
3090,CA-2011-100860,2011-03-26,2011-03-30,Cindy Stewart,United States,Pomona,California,Labels,Smead Alpha-Z Color-Coded Name Labels First Letter Starter Set,18.75,5,9.0
3091,CA-2013-160717,2013-06-07,2013-06-12,Maria Etezadi,United States,Santa Barbara,California,Phones,Samsung Galaxy Mega 6.3,3023.93,9,226.79
3092,CA-2013-160717,2013-06-07,2013-06-12,Maria Etezadi,United States,Santa Barbara,California,Accessories,Rosewill 107 Normal Keys USB Wired Standard Keyboard,26.96,2,3.77
3093,CA-2013-160717,2013-06-07,2013-06-12,Maria Etezadi,United States,Santa Barbara,California,Phones,Bose SoundLink Bluetooth Speaker,477.6,3,161.19
3094,CA-2014-132619,2014-09-01,2014-09-06,Maxwell Schwartz,United States,San Francisco,California,Storage,Space Solutions Commercial Steel Shelving,193.95,3,9.7
3095,US-2012-120957,2012-12-07,2012-12-07,Kristen Hastings,United States,Riverside,California,Paper,Xerox 218,12.96,2,6.22
3096,CA-2014-157448,2014-11-17,2014-11-21,Lena Creighton,United States,Los Angeles,California,Furnishings,Eldon Radial Chair Mat for Low to Medium Pile Carpets,119.94,3,23.99
3097,CA-2014-157448,2014-11-17,2014-11-21,Lena Creighton,United States,Los Angeles,California,Furnishings,Eldon Image Series Black Desk Accessories,12.42,3,4.47
3098,CA-2013-126270,2013-04-24,2013-04-28,Art Ferguson,United States,San Clemente,California,Binders,Recycled Pressboard Report Cover with Reinforced Top Hinge,18.09,7,6.56
3099,CA-2013-126270,2013-04-24,2013-04-28,Art Ferguson,United States,San Clemente,California,Envelopes,"Recycled Interoffice Envelopes with String and Button Closure, 10 x 13",71.97,3,35.99
3100,US-2014-140312,2014-11-14,2014-11-20,Ken Lonsdale,United States,Dublin,California,Phones,Samsung Replacement EH64AVFWE Premium Headset,22.0,5,1.38
3101,CA-2013-137393,2013-05-07,2013-05-11,Gene McClure,United States,Bakersfield,California,Furnishings,"Executive Impressions 8-1/2"" Career Panel/Partition Cubicle Clock",41.6,4,14.14
3102,CA-2012-130113,2012-12-27,2012-12-31,Aaron Hawkins,United States,San Francisco,California,Storage,Fellowes Super Stor/Drawer Files,323.1,2,61.39
3103,CA-2012-130113,2012-12-27,2012-12-31,Aaron Hawkins,United States,San Francisco,California,Phones,Geemarc AmpliPOWER60,668.16,9,75.17
3104,CA-2014-122770,2014-12-14,2014-12-19,Emily Phan,United States,San Francisco,California,Labels,Avery 49,8.64,3,4.23
3105,CA-2014-122770,2014-12-14,2014-12-19,Emily Phan,United States,San Francisco,California,Paper,Xerox 1996,38.88,6,18.66
3106,CA-2014-122770,2014-12-14,2014-12-19,Emily Phan,United States,San Francisco,California,Furnishings,"Eldon Executive Woodline II Desk Accessories, Mahogany",201.04,8,54.28
3107,CA-2014-122770,2014-12-14,2014-12-19,Emily Phan,United States,San Francisco,California,Paper,Xerox 1975,12.96,2,6.35
3108,CA-2014-118668,2014-01-03,2014-01-05,Fred Wasserman,United States,Los Angeles,California,Accessories,Kensington K72356US Mouse-in-a-Box USB Desktop Mouse,16.59,1,5.81
3109,CA-2014-116498,2014-05-31,2014-06-04,Kelly Andreada,United States,San Diego,California,Art,"Dixon My First Ticonderoga Pencil, #2",35.1,6,10.18
3110,CA-2014-130148,2014-09-25,2014-09-29,Neil Knudson,United States,San Francisco,California,Paper,Array Memo Cubes,31.08,6,15.23
3111,CA-2014-130148,2014-09-25,2014-09-29,Neil Knudson,United States,San Francisco,California,Supplies,Acme Value Line Scissors,7.3,2,2.19
3112,CA-2014-154116,2014-12-16,2014-12-20,Khloe Miller,United States,Inglewood,California,Paper,"Wirebound Message Books, Two 4 1/4"" x 5"" Forms per Page",22.83,3,10.73
3113,CA-2014-154116,2014-12-16,2014-12-20,Khloe Miller,United States,Inglewood,California,Appliances,Hoover Commercial SteamVac,54.32,4,16.3
3114,CA-2014-154116,2014-12-16,2014-12-20,Khloe Miller,United States,Inglewood,California,Phones,Panasonic KX TS3282B Corded phone,196.78,3,14.76
3115,CA-2013-105291,2013-10-31,2013-11-05,Susan Pistek,United States,San Luis Obispo,California,Fasteners,Assorted Color Push Pins,3.62,2,1.19
3116,CA-2014-125990,2014-10-20,2014-10-24,Joy Smith,United States,San Francisco,California,Binders,JM Magazine Binder,39.62,3,13.87
3117,CA-2013-161746,2013-10-22,2013-10-28,Carlos Soltero,United States,Los Angeles,California,Chairs,Office Star Flex Back Scooter Chair with Aluminum Finish Frame,242.14,3,12.11
3118,CA-2013-161746,2013-10-22,2013-10-28,Carlos Soltero,United States,Los Angeles,California,Art,Newell Chalk Holder,12.39,3,5.7
3119,CA-2013-161746,2013-10-22,2013-10-28,Carlos Soltero,United States,Los Angeles,California,Furnishings,"Eldon Expressions Wood and Plastic Desk Accessories, Oak",19.96,2,5.59
3120,CA-2013-161746,2013-10-22,2013-10-28,Carlos Soltero,United States,Los Angeles,California,Storage,SAFCO Boltless Steel Shelving,340.92,3,3.41
3121,CA-2013-116379,2013-11-08,2013-11-13,Lisa DeCherney,United States,San Francisco,California,Binders,GBC VeloBinder Manual Binding System,57.58,2,20.15
3122,CA-2014-142293,2014-09-18,2014-09-21,Shahid Collister,United States,Boise,Idaho,Accessories,Logitech Trackman Marble Mouse,89.97,3,37.79
3123,CA-2011-111962,2011-09-29,2011-10-04,Evan Bailliet,United States,Seattle,Washington,Binders,GBC Standard Plastic Binding Systems' Combs,10.05,2,3.14
3124,CA-2011-111962,2011-09-29,2011-10-04,Evan Bailliet,United States,Seattle,Washington,Storage,Fellowes Super Stor/Drawer Files,807.75,5,153.47
3125,CA-2014-124261,2014-11-15,2014-11-20,Joe Elijah,United States,Los Angeles,California,Art,Newell 347,34.24,8,9.93
3126,CA-2014-129294,2014-03-17,2014-03-22,Ken Dana,United States,Los Angeles,California,Storage,"Dual Level, Single-Width Filing Carts",310.12,2,80.63
3127,CA-2014-129294,2014-03-17,2014-03-22,Ken Dana,United States,Los Angeles,California,Binders,"XtraLife ClearVue Slant-D Ring Binder, White, 3""",70.46,6,22.9
3128,CA-2014-129294,2014-03-17,2014-03-22,Ken Dana,United States,Los Angeles,California,Binders,Pressboard Hanging Data Binders for Unburst Sheets,19.68,5,6.89
3129,CA-2014-129294,2014-03-17,2014-03-22,Ken Dana,United States,Los Angeles,California,Appliances,Bionaire Personal Warm Mist Humidifier/Vaporizer,140.67,3,54.86
3130,CA-2014-131303,2014-11-29,2014-12-03,Emily Phan,United States,San Diego,California,Labels,Round Specialty Laser Printer Labels,62.65,5,29.45
3131,CA-2014-137505,2014-11-25,2014-11-25,Beth Paige,United States,Los Angeles,California,Tables,"Hon Practical Foundations 30 x 60 Training Table, Light Gray/Charcoal",364.08,2,9.1
3132,CA-2014-137505,2014-11-25,2014-11-25,Beth Paige,United States,Los Angeles,California,Tables,Hon 61000 Series Interactive Training Tables,71.09,2,-1.78
3133,US-2013-158680,2013-07-02,2013-07-03,Nick Zandusky,United States,Seattle,Washington,Binders,Zipper Ring Binder Pockets,2.5,1,0.9
3134,CA-2013-146913,2013-11-01,2013-11-06,Sylvia Foulston,United States,San Francisco,California,Chairs,Office Star - Professional Matrix Back Chair with 2-to-1 Synchro Tilt and Mesh Fabric Seat,1403.92,5,70.2
3135,CA-2011-121762,2011-02-15,2011-02-19,Marina Lichtenstein,United States,Seattle,Washington,Accessories,Logitech G600 MMO Gaming Mouse,239.97,3,86.39
3136,CA-2011-121762,2011-02-15,2011-02-19,Marina Lichtenstein,United States,Seattle,Washington,Appliances,Belkin 8 Outlet Surge Protector,81.96,2,22.95
3137,CA-2011-121762,2011-02-15,2011-02-19,Marina Lichtenstein,United States,Seattle,Washington,Supplies,Compact Automatic Electric Letter Opener,238.62,2,4.77
3138,CA-2011-123855,2011-06-18,2011-06-23,Mick Crebagga,United States,Los Angeles,California,Phones,Plantronics Cordless Phone Headset with In-line Volume - M214C,139.8,5,12.23
3139,CA-2014-142328,2014-12-08,2014-12-15,Tracy Collins,United States,San Francisco,California,Paper,"REDIFORM Incoming/Outgoing Call Register, 11"" X 8 1/2"", 100 Messages",50.04,6,25.02
3140,CA-2014-137918,2014-09-30,2014-10-07,Joe Kamberova,United States,Lodi,California,Supplies,"Acme Hot Forged Carbon Steel Scissors with Nickel-Plated Handles, 3 7/8"" Cut, 8""L",97.3,7,28.22
3141,US-2011-139640,2011-11-07,2011-11-11,Troy Blackwell,United States,Portland,Oregon,Paper,Xerox 1995,25.92,5,9.07
3142,US-2011-139640,2011-11-07,2011-11-11,Troy Blackwell,United States,Portland,Oregon,Art,Panasonic KP-150 Electric Pencil Sharpener,120.77,4,9.06
3143,US-2011-164406,2011-08-15,2011-08-19,Brian Dahlen,United States,San Francisco,California,Appliances,Tripp Lite TLP810NET Broadband Surge for Modem/Fax,152.91,3,42.81
3144,US-2011-164406,2011-08-15,2011-08-19,Brian Dahlen,United States,San Francisco,California,Paper,Xerox 1925,92.94,3,41.82
3145,US-2011-164406,2011-08-15,2011-08-19,Brian Dahlen,United States,San Francisco,California,Binders,Avery Heavy-Duty EZD  Binder With Locking Rings,17.86,4,6.25
3146,US-2011-164406,2011-08-15,2011-08-19,Brian Dahlen,United States,San Francisco,California,Binders,GBC Durable Plastic Covers,46.44,3,15.09
3147,US-2011-164406,2011-08-15,2011-08-19,Brian Dahlen,United States,San Francisco,California,Chairs,Novimex Fabric Task Chair,195.14,4,-12.2
3148,US-2013-125402,2013-09-26,2013-10-02,Dan Lawera,United States,Long Beach,California,Paper,"Ampad Evidence Wirebond Steno Books, 6"" x 9""",10.9,5,5.12
3149,US-2013-125402,2013-09-26,2013-10-02,Dan Lawera,United States,Long Beach,California,Labels,Alphabetical Labels for Top Tab Filing,29.6,2,14.8
3150,US-2013-125402,2013-09-26,2013-10-02,Dan Lawera,United States,Long Beach,California,Labels,Avery 513,4.98,1,2.29
3151,US-2013-125402,2013-09-26,2013-10-02,Dan Lawera,United States,Long Beach,California,Copiers,Canon PC-428 Personal Copier,479.98,3,161.99
3152,US-2013-125402,2013-09-26,2013-10-02,Dan Lawera,United States,Long Beach,California,Phones,"SmartStand Mobile Device Holder, Assorted Colors",44.74,8,4.47
3153,US-2013-125402,2013-09-26,2013-10-02,Dan Lawera,United States,Long Beach,California,Art,Newell 346,5.76,2,1.67
3154,US-2013-125402,2013-09-26,2013-10-02,Dan Lawera,United States,Long Beach,California,Chairs,"Global Airflow Leather Mesh Back Chair, Black",483.14,4,60.39
3155,CA-2014-169327,2014-09-03,2014-09-05,Marc Harrigan,United States,Los Angeles,California,Appliances,"Acco Six-Outlet Power Strip, 4' Cord Length",43.1,5,11.21
3156,CA-2014-169327,2014-09-03,2014-09-05,Marc Harrigan,United States,Los Angeles,California,Furnishings,Luxo Professional Combination Clamp-On Lamps,511.5,5,132.99
3157,CA-2014-169327,2014-09-03,2014-09-05,Marc Harrigan,United States,Los Angeles,California,Binders,"GBC Velobind Prepunched Cover Sets, Regency Series",147.92,5,46.23
3158,CA-2011-142979,2011-04-12,2011-04-18,Edward Hooks,United States,Lodi,California,Art,Prismacolor Color Pencil Set,39.68,2,16.27
3159,CA-2014-138870,2014-06-20,2014-06-24,George Ashbrook,United States,San Francisco,California,Furnishings,"DAX Copper Panel Document Frame, 5 x 7 Size",50.32,4,21.13
3160,CA-2014-138870,2014-06-20,2014-06-24,George Ashbrook,United States,San Francisco,California,Paper,Xerox 1907,24.56,2,11.54
3161,CA-2012-164301,2012-03-26,2012-03-30,Ellis Ballard,United States,Seattle,Washington,Tables,Bush Advantage Collection Racetrack Conference Table,3393.68,8,610.86
3162,CA-2011-112291,2011-04-03,2011-04-08,Katrina Edelman,United States,Los Angeles,California,Fasteners,Staples,11.16,2,5.58
3163,CA-2011-112291,2011-04-03,2011-04-08,Katrina Edelman,United States,Los Angeles,California,Accessories,Enermax Briskie RF Wireless Keyboard and Mouse Combo,62.31,3,22.43
3164,CA-2011-112291,2011-04-03,2011-04-08,Katrina Edelman,United States,Los Angeles,California,Accessories,Logitech G600 MMO Gaming Mouse,159.98,2,57.59
3165,CA-2014-117646,2014-08-22,2014-08-26,Sung Chung,United States,Louisville,Colorado,Storage,"Recycled Data-Pak for Archival Bound Computer Printouts, 12-1/2 x 12-1/2 x 16",237.1,3,20.75
3166,CA-2014-117646,2014-08-22,2014-08-26,Sung Chung,United States,Louisville,Colorado,Furnishings,"DAX Charcoal/Nickel-Tone Document Frame, 5 x 7",22.75,3,7.11
3167,CA-2014-117646,2014-08-22,2014-08-26,Sung Chung,United States,Louisville,Colorado,Paper,Southworth 25% Cotton Antique Laid Paper & Envelopes,6.67,1,2.09
3168,US-2012-129007,2012-09-13,2012-09-15,Ken Dana,United States,Anaheim,California,Furnishings,Flat Face Poster Frame,131.88,7,55.39
3169,US-2012-129007,2012-09-13,2012-09-15,Ken Dana,United States,Anaheim,California,Binders,"Acco Data Flex Cable Posts For Top & Bottom Load Binders, 6"" Capacity",25.03,3,7.82
3170,US-2012-129007,2012-09-13,2012-09-15,Ken Dana,United States,Anaheim,California,Chairs,Global Comet Stacking Armless Chair,717.72,3,71.77
3171,US-2012-129007,2012-09-13,2012-09-15,Ken Dana,United States,Anaheim,California,Furnishings,Eldon Econocleat Chair Mats for Low Pile Carpets,207.35,5,24.88
3172,US-2012-129007,2012-09-13,2012-09-15,Ken Dana,United States,Anaheim,California,Furnishings,Tensor Computer Mounted Lamp,44.67,3,12.06
3173,US-2012-129007,2012-09-13,2012-09-15,Ken Dana,United States,Anaheim,California,Paper,Xerox 1915,209.7,2,100.66
3174,CA-2012-132388,2012-10-10,2012-10-12,Katherine Nockton,United States,Santa Barbara,California,Chairs,"Global Leather & Oak Executive Chair, Burgundy",362.14,3,-54.32
3175,CA-2012-132388,2012-10-10,2012-10-12,Katherine Nockton,United States,Santa Barbara,California,Labels,Avery 503,31.05,3,14.9
3176,CA-2013-129630,2013-09-05,2013-09-05,Ionia McGrath,United States,San Francisco,California,Furnishings,"6"" Cubicle Wall Clock, Black",24.27,3,8.74
3177,CA-2013-129630,2013-09-05,2013-09-05,Ionia McGrath,United States,San Francisco,California,Copiers,Canon PC1060 Personal Laser Copier,2799.96,5,944.99
3178,CA-2012-104948,2012-11-13,2012-11-17,Keith Herrera,United States,San Bernardino,California,Binders,"Universal Recycled Hanging Pressboard Report Binders, Letter Size",9.87,2,3.46
3179,CA-2012-104948,2012-11-13,2012-11-17,Keith Herrera,United States,San Bernardino,California,Bookcases,O'Sullivan Living Dimensions 3-Shelf Bookcases,683.33,4,-40.2
3180,CA-2012-104948,2012-11-13,2012-11-17,Keith Herrera,United States,San Bernardino,California,Paper,Xerox 1900,29.96,7,13.48
3181,CA-2013-164889,2013-06-04,2013-06-07,Christine Phan,United States,Los Angeles,California,Tables,Hon 61000 Series Interactive Training Tables,71.09,2,-1.78
3182,CA-2014-164028,2014-11-25,2014-12-01,John Lee,United States,San Francisco,California,Accessories,Memorex Mini Travel Drive 16 GB USB 2.0 Flash Drive,223.58,14,87.2
3183,CA-2011-143371,2011-12-28,2012-01-03,Maribeth Dona,United States,Anaheim,California,Storage,"Carina Mini System Audio Rack, Model AR050B",998.82,9,29.96
3184,CA-2011-143371,2011-12-28,2012-01-03,Maribeth Dona,United States,Anaheim,California,Supplies,Acme Box Cutter Scissors,51.15,5,13.3
3185,CA-2012-145415,2012-04-12,2012-04-17,Robert Dilbeck,United States,Seattle,Washington,Storage,"Rogers Jumbo File, Granite",40.74,3,0.41
3186,CA-2012-141593,2012-12-14,2012-12-16,Darren Budd,United States,Los Angeles,California,Binders,Ibico Recycled Grain-Textured Covers,55.26,2,20.72
3187,CA-2012-141593,2012-12-14,2012-12-16,Darren Budd,United States,Los Angeles,California,Paper,Xerox 23,6.48,1,3.11
3188,CA-2012-141593,2012-12-14,2012-12-16,Darren Budd,United States,Los Angeles,California,Binders,"GBC Laser Imprintable Binding System Covers, Desert Sand",34.25,3,11.56
3189,CA-2012-141593,2012-12-14,2012-12-16,Darren Budd,United States,Los Angeles,California,Tables,"Bush Andora Conference Table, Maple/Graphite Gray Finish",273.57,2,10.26
3190,CA-2014-137421,2014-10-07,2014-10-12,Ashley Jarboe,United States,Chandler,Arizona,Art,Avery Hi-Liter Smear-Safe Highlighters,9.34,2,1.87
3191,US-2013-103674,2013-12-07,2013-12-11,Anne Pryor,United States,Los Angeles,California,Phones,Avaya 5410 Digital phone,271.96,5,27.2
3192,US-2013-103674,2013-12-07,2013-12-11,Anne Pryor,United States,Los Angeles,California,Art,Blackstonian Pencils,18.69,7,5.23
3193,US-2013-103674,2013-12-07,2013-12-11,Anne Pryor,United States,Los Angeles,California,Paper,Xerox 1977,13.36,2,6.41
3194,US-2013-103674,2013-12-07,2013-12-11,Anne Pryor,United States,Los Angeles,California,Phones,Cisco SPA301,249.58,2,31.2
3195,US-2013-103674,2013-12-07,2013-12-11,Anne Pryor,United States,Los Angeles,California,Fasteners,"Alliance Big Bands Rubber Bands, 12/Pack",13.86,7,0.0
3196,US-2013-103674,2013-12-07,2013-12-11,Anne Pryor,United States,Los Angeles,California,Binders,Avery Durable Slant Ring Binders With Label Holder,13.38,4,4.68
3197,US-2013-103674,2013-12-07,2013-12-11,Anne Pryor,United States,Los Angeles,California,Binders,Ibico Recycled Linen-Style Covers,437.47,14,153.12
3198,CA-2013-125794,2013-09-30,2013-10-04,Maris LaWare,United States,Los Angeles,California,Accessories,Memorex Mini Travel Drive 64 GB USB 2.0 Flash Drive,36.24,1,15.22
3199,CA-2014-121258,2014-02-27,2014-03-04,Dave Brooks,United States,Costa Mesa,California,Furnishings,Tenex B1-RE Series Chair Mats for Low Pile Carpets,91.96,2,15.63
3200,CA-2014-121258,2014-02-27,2014-03-04,Dave Brooks,United States,Costa Mesa,California,Phones,Aastra 57i VoIP phone,258.58,2,19.39
3201,CA-2014-121258,2014-02-27,2014-03-04,Dave Brooks,United States,Costa Mesa,California,Paper,"It's Hot Message Books with Stickers, 2 3/4"" x 5""",29.6,4,13.32
3202,CA-2014-119914,2014-05-05,2014-05-10,Chris Cortes,United States,Westminster,California,Appliances,"Acco 7-Outlet Masterpiece Power Center, Wihtout Fax/Phone Line Protection",243.16,2,72.95
